state,rez_code,rez_name,substation,substation_type,transmission_lines,source_document,confidence_default,notes,lat,lon,coord_source,coord_source_ref
NSW,CWO,Central-West Orana,Wollar,existing,Wollar–Bayswater 330 kV; Wollar–Wellington 330 kV,Transgrid TAPR 2024 (Ch 2.1.1); EnergyCo CWO REZ pages,high,,-32.4116268,149.9530617,OSM,OSM:way/169302216
NSW,CWO,Central-West Orana,Elong Elong,new energy hub,CWO REZ network (Elong Elong–Merotherie–Wollar),Transgrid TAPR 2024 (Ch 2.1.1); EnergyCo CWO Transmission Project,high,,,,,
NSW,CWO,Central-West Orana,Merotherie,new switching station,CWO REZ network,Transgrid TAPR 2024,high,,,,,
NSW,CWO,Central-West Orana,Uarbry West,new switching station,CWO REZ network,Transgrid TAPR 2024,high,,-33.9265953,151.18117,OSM,OSM:way/1308545536
NSW,CWO,Central-West Orana,Uarbry East,new switching station,CWO REZ network,Transgrid TAPR 2024,high,,-33.9265953,151.18117,OSM,OSM:way/1308545536
NSW,CWO,Central-West Orana,Uarbry,region/cluster,CWO REZ,Transgrid TAPR 2024,high,,-33.9265953,151.18117,OSM,OSM:way/1308545536
NSW,CWO,Central-West Orana,Barigan Creek,new collector,500 kV Sydney Ring,Transgrid TAPR 2024 (Ch 2.1.1),high,,-33.9265953,151.18117,OSM,OSM:way/1308545536
NSW,CWO,Central-West Orana,Mt Piper,existing,330 kV Western NSW,Transgrid TAPR 2024,medium,Coal-fired host substation; also services Central-West region,,,,
NSW,CWO,Central-West Orana,Wellington,region,CWO REZ catchment,Transgrid TAPR 2024,medium,Town/region name,-32.527001,148.9632404,OSM,OSM:way/1468637853
NSW,CWO,Central-West Orana,Dunedoo,region,CWO REZ catchment,Transgrid TAPR 2024,medium,Town/region name,,,,
NSW,CWO,Central-West Orana,Coolah,region,CWO REZ catchment,Transgrid TAPR 2024,medium,Town/region name,-33.9265953,151.18117,OSM,OSM:way/1308545536
NSW,NEW,New England,Bayswater,existing collector,500 kV Sydney Ring; HTP to Eraring,Transgrid TAPR 2024 (Ch 2.1.1–2.1.2),medium,Shared HCC/NEW; geographically in HCC but NEW REZ Transmission Link terminates here,-32.3991171,150.945249,OSM,OSM:way/167694317
NSW,NEW,New England,Central Hub,new REZ hub,NE REZ Transmission Link (Central Hub 5–Bayswater 500 kV),Transgrid TAPR 2024 (Ch 2.1.2),high,,-33.9265953,151.18117,OSM,OSM:way/1308545536
NSW,NEW,New England,Central South Hub,new REZ hub,NE REZ Transmission Link,Transgrid TAPR 2024,high,,-33.9265953,151.18117,OSM,OSM:way/1308545536
NSW,NEW,New England,Northern Hub,new REZ hub,NE REZ Transmission Link; QNI Connect start,Transgrid TAPR 2024,high,,,,,
NSW,NEW,New England,East Hub,new REZ hub,NE REZ Transmission Link,Transgrid TAPR 2024,high,,-33.9265953,151.18117,OSM,OSM:way/1308545536
NSW,NEW,New England,Dumaresq,existing,QNI; QNI Connect,Transgrid TAPR 2024 (Ch 2.1.2),high,,-29.2031059,151.3288308,OSM,OSM:way/172887491
NSW,NEW,New England,Armidale,existing,330 kV Northern NSW,Transgrid TAPR 2024 (p49),high,,-30.532674,151.7129863,OSM,OSM:way/160201298
NSW,NEW,New England,Sapphire,existing,330 kV Northern NSW,Transgrid TAPR 2024 (p49); Sapphire Wind Farm,high,,-29.6995053,151.4123449,OSM,OSM:way/704099978
NSW,NEW,New England,Tamworth,existing,330 kV Northern NSW,Transgrid TAPR 2024 (p49),high,,-31.1468347,150.9515202,OSM,OSM:way/99848705
NSW,NEW,New England,Inverell,existing/proposed,Northern NSW,Transgrid TAPR 2024 (p49),high,,-29.7855645,151.1592718,OSM,OSM:way/172891041
NSW,NEW,New England,Uralla,existing,Northern NSW,Transgrid TAPR 2024 (p49),high,,-30.6252599,151.6161161,OSM,OSM:way/1120749561
NSW,NEW,New England,Metz,existing,Northern NSW,Transgrid TAPR 2024 (p49),high,,-30.5190421,151.849017,OSM,OSM:way/1053236616
NSW,NEW,New England,Dorrigo,existing,Northern NSW,Transgrid TAPR 2024 (p49),high,,-30.3313967,152.712136,OSM,OSM:way/257881157
NSW,NEW,New England,Glen Innes,region,New England Tableland,EnergyCo NEW REZ; AEMO ISP 2024 A3 (N2),medium,Town/region name,-29.7067807,151.7730563,OSM,OSM:way/234539007
NSW,NEW,New England,Walcha,region,New England Tableland,EnergyCo NEW REZ,medium,Town/region name,-30.9969563,151.5859095,OSM,OSM:way/365669488
NSW,NEW,New England,New England,region,N2 REZ scope,AEMO 2024 ISP A3 N2,high,REZ name as keyword,-30.62553,151.6177788,OSM,OSM:way/1293021615
NSW,HCC,Hunter-Central Coast,Singleton,new switching station,Upper Hunter; 330 kV HCC connection,Transgrid TAPR 2024 (p37),high,,-32.5313089,151.0763541,OSM,OSM:way/959781279
NSW,HCC,Hunter-Central Coast,Olney,new switching station,Hunter Transmission Project (Bayswater–Eraring),Transgrid TAPR 2024 (p34),high,,,,,
NSW,HCC,Hunter-Central Coast,Eraring,existing,500/330 kV; retiring,Transgrid TAPR 2024 (p34/48),high,,-33.0616555,151.5156448,OSM,OSM:way/24038114
NSW,HCC,Hunter-Central Coast,Munmorah,existing,Central Coast 330 kV,Transgrid TAPR 2024 (p34/48),high,,-33.209683,151.5398904,OSM,OSM:way/24024039
NSW,HCC,Hunter-Central Coast,Vales Point,existing,Central Coast,Transgrid TAPR 2024 (p48),high,,-33.1594128,151.5413754,OSM,OSM:way/376493893
NSW,HCC,Hunter-Central Coast,Waratah,new (Super Battery),BESS,Transgrid TAPR 2024 (p34),high,,-32.8938379,151.7147585,OSM,OSM:way/173542094
NSW,HCC,Hunter-Central Coast,Liddell,existing/retiring,Upper Hunter,Transgrid TAPR 2024 (p48),high,,,,,
NSW,HCC,Hunter-Central Coast,Tomago,existing,Hunter,Transgrid TAPR 2024 (p48),high,,-32.8170557,151.7128637,OSM,OSM:way/239269272
NSW,HCC,Hunter-Central Coast,Tuggerah,existing,Central Coast,Transgrid TAPR 2024 (p48),high,,-33.3080881,151.4332088,OSM,OSM:way/254440062
NSW,HCC,Hunter-Central Coast,Stroud,existing,Hunter,Transgrid TAPR 2024 (p48),high,,-32.347651,151.9282627,OSM,OSM:way/323252296
NSW,HCC,Hunter-Central Coast,Newcastle,existing/region,Hunter; load centre,Transgrid TAPR 2024,medium,Generic city name — also load centre,-32.9276708,151.5616988,OSM,OSM:way/24028364
NSW,HCC,Hunter-Central Coast,Brandy Hill,existing,Hunter 330 kV,Transgrid TAPR 2024 (p48),high,,-32.6699155,151.7036162,OSM,OSM:way/561635179
NSW,HCC,Hunter-Central Coast,Muswellbrook,region,Upper Hunter,AEMO 2024 ISP A3 N9,medium,Town/region name,-32.2222034,150.9411372,OSM,OSM:way/204894935
NSW,HCC,Hunter-Central Coast,Hunter,region,N9 REZ scope,AEMO 2024 ISP A3,medium,Region keyword,-33.8281603,151.129417,OSM,OSM:way/684286851
NSW,ILW,Illawarra,Dapto,existing,Illawarra 330 kV,Transgrid TAPR 2024 (p45),high,,-34.5341441,150.7811483,OSM,OSM:way/172620016
NSW,ILW,Illawarra,Avon,existing,Illawarra 330 kV,Transgrid TAPR 2024 (p45),high,,-34.4473833,150.7438331,OSM,OSM:way/172739944
NSW,ILW,Illawarra,Wollongong,region/load centre,Illawarra,Transgrid TAPR 2024,medium,Load centre name,-34.4359903,150.8935336,OSM,OSM:way/260699590
NSW,ILW,Illawarra,Bannaby,existing collector,500 kV Sydney Ring; HumeLink terminates here,Transgrid TAPR 2024 (p34/45),medium,Shared with ILW/SW-NSW; collector for southern flows,-34.4419731,150.050877,OSM,OSM:way/168227361
NSW,ILW,Illawarra,Illawarra,region,N11/N12 REZ scope (offshore + onshore),AEMO 2024 ISP A3 N11/N12; EnergyCo Illawarra REZ,high,Direct REZ name,-33.9265953,151.18117,OSM,OSM:way/1308545536
NSW,SW-NSW,South West NSW,Buronga,existing,Project EnergyConnect; 220/330 kV,Transgrid TAPR 2024 (Ch 2.1.3); ElectraNet TAPR 2024,high,,-34.1030741,142.2594744,OSM,OSM:way/172740336
NSW,SW-NSW,South West NSW,Dinawan,new,Project EnergyConnect; VNI West,Transgrid TAPR 2024 (Ch 2.1.3),high,,-33.9265953,151.18117,OSM,OSM:way/1308545536
NSW,SW-NSW,South West NSW,Wagga Wagga,existing,Project EnergyConnect; HumeLink,Transgrid TAPR 2024 (Ch 2.1.3),high,,-33.9265953,151.18117,OSM,OSM:way/1308545536
NSW,SW-NSW,South West NSW,Wagga,existing,as above,Transgrid TAPR 2024,high,Short-form of Wagga Wagga,-35.2003785,147.3937654,OSM,OSM:way/172231145
NSW,SW-NSW,South West NSW,Maragle,new collector,HumeLink; Snowy 2.0 connection,Transgrid TAPR 2024 (Ch 2.1.3),high,,-33.9265953,151.18117,OSM,OSM:way/1308545536
NSW,SW-NSW,South West NSW,Gugaa,new,HumeLink (Wagga area),Transgrid TAPR 2024 (Ch 2.1.3),high,,-33.9265953,151.18117,OSM,OSM:way/1308545536
NSW,SW-NSW,South West NSW,Hay,region,SW NSW REZ scope,Transgrid TAPR 2024 (p43); OECC SW REZ Access Scheme 2023,medium,Town/region name,-33.8814548,151.2022255,OSM,OSM:way/476441268
NSW,SW-NSW,South West NSW,Balranald,region,SW NSW REZ scope,Transgrid TAPR 2024 (p43),medium,Town/region name,-34.7756983,143.5251957,OSM,OSM:way/169794711
NSW,SW-NSW,South West NSW,Coleambally,region,SW NSW REZ scope,Transgrid TAPR 2024 (p41),medium,Town/region name,-34.7410589,145.9537929,OSM,OSM:way/237993971
NSW,SW-NSW,South West NSW,Darlington Point,existing,SW NSW,AEMO 2024 ISP A3 N5,high,,-34.6489003,146.0344842,OSM,OSM:way/169416665
NSW,SW-NSW,South West NSW,Broken Hill,existing/region,Far West NSW (electrically connected via Buronga),Transgrid TAPR 2024 (p27),medium,Remote — Northwest Horizon area not yet declared but electrically linked,-31.9863521,141.4191722,OSM,OSM:way/830928846
NSW,SW-NSW,South West NSW,Yanco,region,SW NSW,AEMO 2024 ISP A3 N5,medium,,-34.6024635,146.3964133,OSM,OSM:way/234528471
NSW,SW-NSW,South West NSW,Finley,region,SW NSW,AEMO 2024 ISP A3 N5,medium,,-35.6397951,145.5124333,OSM,OSM:way/579773935
NSW,SW-NSW,South West NSW,Jindera,region,SW NSW near border,AEMO 2024 ISP A3,medium,,-35.9255473,146.9084419,OSM,OSM:way/173102134
VIC,CN-VIC,Central North Victoria,Bendigo,existing,Central North 220 kV,AEMO 2024 ISP A3 V6,high,,-36.7840447,144.2536844,OSM,OSM:way/173103530
VIC,CN-VIC,Central North Victoria,Shepparton,existing,Central North 220 kV,AEMO 2024 ISP A3 V6,high,,-36.3427717,145.4144307,OSM,OSM:way/174893662
VIC,CN-VIC,Central North Victoria,Glenrowan,existing,Central North 220 kV; NSW border,AEMO 2024 ISP A3 V6/V1,medium,Shared with Ovens Murray V1,-36.4935335,146.1322967,OSM,OSM:way/205163985
VIC,CN-VIC,Central North Victoria,Wodonga,existing/border,Murray interconnect,AEMO 2024 ISP A3 V1,medium,Shared with Ovens Murray V1,-36.1550177,146.9499854,OSM,OSM:way/179898706
VIC,CN-VIC,Central North Victoria,Dederang,existing,Central North/NE VIC,AEMO 2024 ISP A3 V1,medium,Shared with Ovens Murray V1,-36.4544006,146.9918718,OSM,OSM:way/286063160
VIC,MR,Murray River,Kerang,existing/new collector,VNI West start; Murray River area,Transgrid TAPR 2024 (Ch 2.1.3); AEMO 2024 ISP A3 V2,high,,-35.7716461,143.9338668,OSM,OSM:way/169793928
VIC,MR,Murray River,Tragowel,new terminal station,VNI West (Victorian side),Transgrid TAPR 2024 (Ch 2.1.3); search-derived from Transgrid VNI West materials,high,,,,,
VIC,MR,Murray River,Red Cliffs,existing,Project EnergyConnect (Buronga–Red Cliffs 220 kV),Transgrid TAPR 2024 (Ch 2.1.3); ElectraNet TAPR 2024 (Project EnergyConnect),high,,-34.2926817,142.2386982,OSM,OSM:way/483430155
VIC,MR,Murray River,Wemen,existing,Murray 220 kV,AEMO 2024 ISP A3 V2,high,,-34.7868926,142.5248416,OSM,OSM:way/239996090
VIC,MR,Murray River,Robinvale,existing/region,Murray 220 kV,AEMO 2024 ISP A3 V2,medium,,-34.6216619,142.7665908,OSM,OSM:way/503136217
VIC,MR,Murray River,Mildura,region,Murray River area,AEMO 2024 ISP A3 V2,medium,Load centre,-34.2076538,142.1567997,OSM,OSM:way/500430013
VIC,MR,Murray River,Echuca,region,Murray River area,AEMO 2024 ISP A3 V2/V6,medium,,-36.1409806,144.7642922,OSM,OSM:way/525906123
VIC,MR,Murray River,Murray River,region,V2 REZ scope,AEMO 2024 ISP A3 V2,medium,REZ name,-36.2256705,148.1442073,OSM,OSM:way/174875093
VIC,WV,Western Victoria,Bulgana,existing/new,Western Renewables Link; VNI West,AEMO 2024 ISP A3 V3; Search (WRL Project),high,,,,,
VIC,WV,Western Victoria,Ararat,existing,WV 220/500 kV,AEMO 2024 ISP A3 V3,high,,-37.1637038,143.2453031,OSM,OSM:way/751438089
VIC,WV,Western Victoria,Stockyard Hill,existing wind farm hub,WV 500 kV via Haunted Gully,Search-derived (Stockyard Hill WF connection),high,,,,,
VIC,WV,Western Victoria,Sydenham,existing,Western Renewables Link terminus,Search-derived (WRL Project); Transgrid TAPR 2024,high,,-37.6764761,144.7475622,OSM,OSM:way/23647798
VIC,WV,Western Victoria,Ballarat,existing/region,Central West VIC,AEMO 2024 ISP A3 V3,medium,Load centre,-37.567543,143.9211325,OSM,OSM:way/89180086
VIC,WV,Western Victoria,Horsham,region,Wimmera/Western Vic,AEMO 2024 ISP A3 V3,medium,Town/region,-36.7223072,142.2472235,OSM,OSM:way/173571301
VIC,WV,Western Victoria,Crowlands,existing wind farm hub,WV,Search-derived,high,,-37.1214143,143.1535613,OSM,OSM:way/751742415
VIC,WV,Western Victoria,Western Victoria,region,V3 REZ scope,AEMO 2024 ISP A3 V3,high,REZ name,,,,
VIC,WV,Western Victoria,Wimmera,region,WV catchment,AEMO 2024 ISP A3 V3,medium,Region,,,,
VIC,GIP,Gippsland,Loy Yang,existing,500 kV Latrobe Valley,AEMO 2024 ISP A3 V5,high,,-38.2625455,146.6082404,OSM,OSM:way/146579820
VIC,GIP,Gippsland,Hazelwood,existing,500 kV Latrobe Valley,AEMO 2024 ISP A3 V5,high,,-38.2812956,146.4284662,OSM,OSM:way/480009927
VIC,GIP,Gippsland,Yallourn,existing,220 kV Latrobe Valley,AEMO 2024 ISP A3 V5,high,,-38.1737883,146.3501454,OSM,OSM:way/229887636
VIC,GIP,Gippsland,Latrobe,region,Latrobe Valley,AEMO 2024 ISP A3 V5,medium,Region,,,,
VIC,GIP,Gippsland,Morwell,region,Latrobe Valley,AEMO 2024 ISP A3 V5,medium,Region,-38.258173,146.4203407,OSM,OSM:way/168810465
VIC,GIP,Gippsland,Bairnsdale,region,East Gippsland,AEMO 2024 ISP A3 V5,medium,Region,-37.8448294,147.5642383,OSM,OSM:way/207250607
VIC,GIP,Gippsland,Sale,region,Gippsland (Coast),AEMO 2024 ISP A3 V5/V7,medium,Region,-38.1012105,147.0959,OSM,OSM:way/531155444
VIC,GIP,Gippsland,Gippsland,region,V5/V7 REZ scope,AEMO 2024 ISP A3 V5/V7; VicGrid VTP 2025,high,REZ name,,,,
VIC,SW-VIC,South-West Victoria,Mortlake,existing,500 kV SW VIC; Mortlake Turn-in,AEMO 2024 ISP A3 V4 (footnote 50),high,,,,,
VIC,SW-VIC,South-West Victoria,Moorabool,existing,500 kV SW VIC,AEMO 2024 ISP A3 V4 (footnote 50); Search,high,,-38.0370563,144.2963592,OSM,OSM:way/49455810
VIC,SW-VIC,South-West Victoria,Berrybank,existing wind farm hub,500 kV SW VIC,Search-derived (Berrybank WF connection),high,,-37.885522,143.4534471,OSM,OSM:way/770334277
VIC,SW-VIC,South-West Victoria,Cressy,new (proposed),500 kV SW VIC (Golden Plains WF),AEMO 2024 ISP A3 V4 (footnote 50),high,,,,,
VIC,SW-VIC,South-West Victoria,Tarrone,existing,220 kV SW VIC,Search-derived (Stockyard Hill via Tarrone),high,,-38.1790066,142.1807806,OSM,OSM:way/312550977
VIC,SW-VIC,South-West Victoria,Heywood,existing/interconnector,500 kV SA-VIC interconnector,AEMO 2024 ISP A3 V4 (Heywood interconnector),high,,-38.1818997,141.6384511,OSM,OSM:way/169673123
VIC,SW-VIC,South-West Victoria,Portland,existing/region,500 kV; Alcoa Portland,AEMO 2024 ISP A3 V4 (APD/Heywood),high,,-38.3869911,141.6247568,OSM,OSM:way/480180757
VIC,SW-VIC,South-West Victoria,Alcoa Portland,existing,500 kV SW VIC,AEMO 2024 ISP A3 V4,high,,-38.3869911,141.6247568,OSM,OSM:way/480180757
VIC,SW-VIC,South-West Victoria,Dundonnell,existing wind farm hub,SW VIC,Search-derived (Dundonnell WF),high,,,,,
VIC,SW-VIC,South-West Victoria,South West Victoria,region,V4 REZ scope,AEMO 2024 ISP A3 V4,high,REZ name,,,,
SA,MN,Mid-North SA,Robertstown,existing collector,275 kV PEC terminus; Bundey,ElectraNet TAPR 2024 (Ch 2),high,Shared with RIV,-33.9563911,139.1267587,OSM,OSM:way/164775125
SA,MN,Mid-North SA,Bundey,new,330/275 kV (Project EnergyConnect),ElectraNet TAPR 2024 (Ch 2),high,Shared with RIV,-33.925066,139.2235184,OSM,OSM:way/1171085387
SA,MN,Mid-North SA,Para,existing,Adelaide North 275 kV,ElectraNet TAPR 2024 (Mid North expansion southern section),high,,-34.7354053,138.7121666,OSM,OSM:way/172362099
SA,MN,Mid-North SA,Parafield Gardens,proposed,Mid North expansion south,ElectraNet TAPR 2024 (Mid North expansion),high,,-34.7354053,138.7121666,OSM,OSM:way/172362099
SA,MN,Mid-North SA,Torrens Island,existing/region,Adelaide; gas generation,ElectraNet TAPR 2024,medium,Could overlap with Adelaide load,-34.8028008,138.5193747,OSM,OSM:way/1157816987
SA,MN,Mid-North SA,Templers,existing,275 kV,ElectraNet TAPR 2024,high,,-34.4616673,138.7681213,OSM,OSM:way/598317777
SA,MN,Mid-North SA,Snowtown,existing,Wind farm hub 275 kV,ElectraNet TAPR 2024,high,,-33.829941,138.1186772,OSM,OSM:way/600259246
SA,MN,Mid-North SA,Hallett,existing,Wind farm hub,ElectraNet TAPR 2024,high,,,,,
SA,MN,Mid-North SA,North Brown Hill,existing,Hallett area,ElectraNet TAPR 2024,high,,,,,
SA,MN,Mid-North SA,Belalie,existing,275 kV Mid-North,ElectraNet TAPR 2024,high,,-33.3092152,138.7283939,OSM,OSM:way/505288448
SA,MN,Mid-North SA,Mokota,existing,wind farm hub,ElectraNet TAPR 2024,high,,-33.556993,138.8483523,OSM,OSM:way/600951291
SA,MN,Mid-North SA,Waterloo,existing,wind farm hub,ElectraNet TAPR 2024,high,,-33.9902114,138.8740983,OSM,OSM:way/516938456
SA,MN,Mid-North SA,Blyth,existing,Mid-North 132 kV/275 kV,ElectraNet TAPR 2024,high,,-33.8468498,138.4077661,OSM,OSM:way/600317408
SA,MN,Mid-North SA,Bungama,existing,Port Pirie area,ElectraNet TAPR 2024,high,,-33.194794,138.0670335,OSM,OSM:way/120511705
SA,MN,Mid-North SA,Crystal Brook,existing/region,Mid-North,ElectraNet TAPR 2024,medium,,,,,
SA,MN,Mid-North SA,Davenport,existing,Upper Spencer Gulf 275 kV,ElectraNet TAPR 2024 (S8 Eyre Pen),high,Electrically links MN/Eyre,-32.5362576,137.8127486,OSM,OSM:way/164764363
SA,MN,Mid-North SA,Cultana,existing,275 kV Upper Spencer Gulf,ElectraNet TAPR 2024 (S8 Eyre Pen),high,,-32.9317614,137.5445353,OSM,OSM:way/165154628
SA,MN,Mid-North SA,Yadnarie,existing,132/275 kV Eyre Peninsula,ElectraNet TAPR 2024 (S8/S9 Eyre Pen),high,,-33.6895562,136.4006268,OSM,OSM:way/165170273
SA,MN,Mid-North SA,Mount Lock,existing,Upper Yorke/Mid-North,ElectraNet TAPR 2024,high,,-33.085922,138.5214471,OSM,OSM:way/544861273
SA,MN,Mid-North SA,Mount Gunson,existing,Upper Spencer Gulf,ElectraNet TAPR 2024,high,,-31.4661684,137.0879472,OSM,OSM:way/170413771
SA,MN,Mid-North SA,Hornsdale,existing,Wind/BESS hub Mid-North,Public records (Hornsdale Power Reserve),high,,,,,
SA,MN,Mid-North SA,Whyalla,region/load,Upper Spencer Gulf,ElectraNet TAPR 2024,medium,Load centre,-33.0096953,137.5766583,OSM,OSM:way/167924823
SA,MN,Mid-North SA,Port Augusta,region/load,Upper Spencer Gulf,ElectraNet TAPR 2024,medium,Load centre,,,,
SA,MN,Mid-North SA,Port Pirie,region,Mid-North coast,ElectraNet TAPR 2024,medium,Town,-33.1710022,138.0070109,OSM,OSM:way/599669844
SA,MN,Mid-North SA,Yunta,region,Mid-North NE; Northern SA expansion,ElectraNet TAPR 2024 (Mid North northern section),medium,,,,,
SA,MN,Mid-North SA,Leigh Creek,region,Northern SA extension (S6),ElectraNet TAPR 2024 (S6),medium,Outside core MN — flagged for review,-30.5237977,138.3877949,OSM,OSM:way/171614950
SA,MN,Mid-North SA,Roxby Downs,region,Northern SA extension (S7),ElectraNet TAPR 2024 (S7),medium,Outside core MN — flagged for review,,,,
SA,MN,Mid-North SA,Port Bonython,region,Eyre Peninsula hydrogen hub,ElectraNet TAPR 2024 (Mid North expansion),medium,,,,,
SA,MN,Mid-North SA,Cape Hardy,region,Eyre Peninsula hydrogen hub,ElectraNet TAPR 2024,medium,,,,,
SA,MN,Mid-North SA,Eyre Peninsula,region,S8/S9 (electrically linked via Davenport),ElectraNet TAPR 2024 (S8/S9),medium,Not in user's 3-zone spec — flagged for review,,,,
SA,MN,Mid-North SA,Mid-North,region,S3 REZ scope,ElectraNet TAPR 2024 (S3),high,REZ name,,,,
SA,SE-SA,South-East SA,Tailem Bend,existing,275 kV,ElectraNet TAPR 2024 (S1),high,,-35.2710262,139.4923235,OSM,OSM:way/75514732
SA,SE-SA,South-East SA,Tungkillo,existing,275 kV (Heywood interconnector path),ElectraNet TAPR 2024 (S1),high,,-34.8777239,139.0594851,OSM,OSM:way/224209320
SA,SE-SA,South-East SA,Mount Gambier,region/load,South-East SA,ElectraNet TAPR 2024 (S1),medium,Load centre,-37.8387429,140.8046649,OSM,OSM:way/164682851
SA,SE-SA,South-East SA,Keith,region,South-East SA,ElectraNet TAPR 2024 (S1),medium,,-36.1078141,140.2990182,OSM,OSM:way/169687537
SA,SE-SA,South-East SA,Tatiara,region,South-East SA,ElectraNet TAPR 2024 (S1),medium,,,,,
SA,SE-SA,South-East SA,South East,region,S1 REZ scope,ElectraNet TAPR 2024 (S1),high,REZ name,-37.7333557,140.8405601,OSM,OSM:way/164675939
SA,RIV,Riverland,Renmark,region/load,Riverland,ElectraNet TAPR 2024 (S2),medium,Load centre,,,,
SA,RIV,Riverland,Berri,region,Riverland,ElectraNet TAPR 2024 (S2),medium,,-34.2698815,140.5980491,OSM,OSM:way/601143294
SA,RIV,Riverland,Loxton,region,Riverland,ElectraNet TAPR 2024 (S2),medium,,,,,
SA,RIV,Riverland,Monash,region,Riverland,ElectraNet TAPR 2024 (S2),medium,,-34.2382142,140.6003571,OSM,OSM:way/170066757
SA,RIV,Riverland,Riverland,region,S2 REZ scope,ElectraNet TAPR 2024 (S2),high,REZ name,,,,
TAS,TAS-NW,Tasmania (single catchment),Burnie,existing,North West Tas; Marinus Link landing,TasNetworks APR 2025; TAS REZ Options Report v2,high,,-41.0766396,145.8912016,OSM,OSM:way/167791635
TAS,TAS-NW,Tasmania (single catchment),Sheffield,existing,North West Transmission Developments,TAS REZ Options Report v2; TasNetworks APR 2025,high,,-41.3356752,146.3070657,OSM,OSM:way/88191017
TAS,TAS-NW,Tasmania (single catchment),Palmerston,existing,North West Transmission Developments,TAS REZ Options Report v2,high,,-41.7874668,146.9904471,OSM,OSM:way/174441055
TAS,TAS-NW,Tasmania (single catchment),Hampshire Hills,existing,North West Transmission Developments,TAS REZ Options Report v2,high,,-41.2698323,145.7275178,OSM,OSM:way/234083565
TAS,TAS-NW,Tasmania (single catchment),Staverton,existing,North West Transmission Developments,TAS REZ Options Report v2,high,,,,,
TAS,TAS-NW,Tasmania (single catchment),Devonport,existing,North West Tas,TasNetworks APR 2025,high,,-41.1959912,146.3409216,OSM,OSM:way/174431697
TAS,TAS-NW,Tasmania (single catchment),Smithton,existing,NW Tas,TasNetworks APR 2025,high,,-40.8480945,145.1309684,OSM,OSM:way/234176499
TAS,TAS-NW,Tasmania (single catchment),Tarraleah,existing/redevelopment,Hydro scheme (BotN),TAS REZ Options Report v2 (Battery of the Nation),high,,-42.300436,146.4578293,OSM,OSM:way/435794781
TAS,TAS-NW,Tasmania (single catchment),Cethana,proposed pumped hydro,Lake Cethana PHES,TAS REZ Options Report v2 (Battery of the Nation),high,,-41.4786853,146.1350039,OSM,OSM:way/552021429
TAS,TAS-NW,Tasmania (single catchment),Liapootah,existing,Hydro Tas Central Highlands,TasNetworks APR 2025,high,,-42.3760614,146.5115892,OSM,OSM:way/547874512
TAS,TAS-NW,Tasmania (single catchment),Tungatinah,existing,Central Highlands hydro,TasNetworks APR 2025,high,,-42.2978945,146.4573003,OSM,OSM:way/435794582
TAS,TAS-NW,Tasmania (single catchment),Catagunya,existing,Central Highlands hydro,TasNetworks APR 2025,high,,,,,
TAS,TAS-NW,Tasmania (single catchment),Cluny,existing,Central Highlands hydro,TasNetworks APR 2025,high,,-42.5059466,146.6796139,OSM,OSM:way/175964354
TAS,TAS-NW,Tasmania (single catchment),Trevallyn,existing,Hydro Tas,TasNetworks APR 2025,high,,-41.4232547,147.1125753,OSM,OSM:way/61649117
TAS,TAS-NW,Tasmania (single catchment),George Town,existing,Bass Strait Cable; Loy Yang HVDC,TasNetworks APR 2025,high,,-41.1144548,146.8921026,OSM,OSM:way/104720150
TAS,TAS-NW,Tasmania (single catchment),Heybridge,proposed,Marinus Link landing,Marinus Link materials; TAS REZ Options Report v2,high,,,,,
TAS,TAS-NW,Tasmania (single catchment),Wesley Vale,existing,NW Tas,TasNetworks APR 2025,high,,-41.1793344,146.4450834,OSM,OSM:way/437715076
TAS,TAS-NW,Tasmania (single catchment),Norwood,existing,Northern Tas,TasNetworks APR 2025,high,,-41.4733034,147.1847164,OSM,OSM:way/118035945
TAS,TAS-NW,Tasmania (single catchment),Butlers Gorge,existing,Hydro Tas Central Highlands,TAS REZ Options Report v2,high,,-42.2670284,146.2614326,OSM,OSM:way/548168950
TAS,TAS-NW,Tasmania (single catchment),Tasmania,region,All TAS REZs (single user catchment),User-specified scope,high,Catch-all for any TAS site,-41.0426845,146.8691306,OSM,OSM:way/169185330
NSW,CWO,Central-West Orana,Bodangora,wind farm/town,CWO area,Public records (Bodangora WF — Infigen/Iberdrola near Wellington),medium,,-33.9265953,151.18117,OSM,OSM:way/1308545536
NSW,CWO,Central-West Orana,Birriwa,town/wind cluster,CWO area,Public records (Birriwa near Dunedoo),medium,,-33.9265953,151.18117,OSM,OSM:way/1308545536
NSW,CWO,Central-West Orana,Beryl,wind/solar cluster,CWO area,Public records (Beryl SF near Gulgong),medium,,-32.3482164,149.4609947,OSM,OSM:way/234245468
NSW,CWO,Central-West Orana,Gulgong,town,CWO area,EnergyCo CWO,medium,,,,,
NSW,CWO,Central-West Orana,Mudgee,town/region,CWO area,EnergyCo CWO,medium,,-32.5859632,149.5693403,OSM,OSM:way/764196001
NSW,CWO,Central-West Orana,Spicers Creek,wind farm,CWO,Public records (Spicers Creek WF),medium,,,,,
NSW,CWO,Central-West Orana,Liverpool Plains,region,CWO border,EnergyCo CWO,medium,,-33.9305182,150.9220799,OSM,OSM:way/686798439
NSW,NEW,New England,Bendemeer,town/REZ hub area,NEW,Public records (Bendemeer SF/WF near Tamworth),medium,,-30.877352,151.1541489,OSM,OSM:way/1053211431
NSW,NEW,New England,Boggabri,town,NEW (Tamworth area),AEMO ISP 2024 A3 N2,medium,,-33.9265953,151.18117,OSM,OSM:way/1308545536
NSW,NEW,New England,Gunnedah,town,NEW catchment,Transgrid TAPR 2024 (p49); AEMO ISP A3,medium,,-30.9773806,150.3397178,OSM,OSM:way/366327501
NSW,NEW,New England,Narrabri,town,NEW catchment,Transgrid TAPR 2024 (p49),medium,,-30.3169274,149.7977207,OSM,OSM:way/366605305
NSW,NEW,New England,Moree,town,NEW catchment,Transgrid TAPR 2024 (p49),medium,,-29.4851945,149.8555887,OSM,OSM:way/366321212
NSW,NEW,New England,Liverpool Range,wind farm cluster,NEW,Public records (Liverpool Range WF),medium,,-33.9305182,150.9220799,OSM,OSM:way/686798439
NSW,NEW,New England,White Rock,wind farm cluster,NEW (Glen Innes area),Public records (White Rock WF),medium,,-29.8290768,151.5476716,OSM,OSM:way/724561845
NSW,NEW,New England,Sapphire Wind,wind farm,NEW (Glen Innes area),Transgrid TAPR 2024 (p37 photo) + public,medium,,-29.6995053,151.4123449,OSM,OSM:way/704099978
NSW,NEW,New England,Salt Creek,project area,NEW,Public records,medium,,-33.9265953,151.18117,OSM,OSM:way/1308545536
NSW,HCC,Hunter-Central Coast,Beresfield,town,Hunter,Transgrid TAPR 2024,medium,,-32.7995222,151.6379142,OSM,OSM:way/166089888
NSW,HCC,Hunter-Central Coast,Awaba,town,Central Coast/HCC,Public records,medium,,-33.005318,151.5577809,OSM,OSM:way/165681576
NSW,HCC,Hunter-Central Coast,Cessnock,town,Hunter,Public records,medium,,,,,
NSW,HCC,Hunter-Central Coast,Kurri Kurri,town,Hunter,Public records,medium,,,,,
NSW,HCC,Hunter-Central Coast,Maitland,town,Hunter,Public records,medium,,-32.7315454,151.5521772,OSM,OSM:way/1159121037
NSW,HCC,Hunter-Central Coast,Lake Macquarie,region,Central Coast HCC,Public records,medium,,-33.9265953,151.18117,OSM,OSM:way/1308545536
NSW,ILW,Illawarra,Appin,town,Illawarra/Macarthur (coal mine area),Public records,medium,,-34.209879,150.7939549,OSM,OSM:way/101911578
NSW,ILW,Illawarra,Port Kembla,town,Illawarra,Public records,medium,,-34.4796997,150.8813504,OSM,OSM:way/263921943
NSW,ILW,Illawarra,Shellharbour,town,Illawarra,Public records,medium,,-34.5773554,150.8512253,OSM,OSM:way/263921944
NSW,SW-NSW,South West NSW,Avonlie,solar/wind cluster,SW NSW (Hay area),Public records,medium,,-34.4473833,150.7438331,OSM,OSM:way/172739944
NSW,SW-NSW,South West NSW,Barwon,solar/wind cluster,SW NSW (Hay area),Public records,medium,,-33.9265953,151.18117,OSM,OSM:way/1308545536
NSW,SW-NSW,South West NSW,Blind Creek,solar/wind cluster,SW NSW,Public records,medium,,,,,
NSW,SW-NSW,South West NSW,Boco Rock,wind farm,Cooma-Monaro (electrically SW NSW via Snowy),Public records,medium,Geographically Cooma-Monaro N8 but linked to SW NSW grid,-36.5763095,149.1268136,OSM,OSM:way/613804831
NSW,SW-NSW,South West NSW,Bango,wind farm,SW NSW (south of Yass),Public records (Bango WF),medium,,-33.9265953,151.18117,OSM,OSM:way/1308545536
NSW,SW-NSW,South West NSW,Crookwell,wind farm cluster,Southern Tableland,Public records,medium,,-34.5568597,149.6095316,OSM,OSM:way/931703186
NSW,SW-NSW,South West NSW,Gunning,wind farm,Southern Tableland,Public records,medium,,-34.6958746,149.3831361,OSM,OSM:way/637324498
NSW,SW-NSW,South West NSW,Yass,town,Southern Tableland,Public records,medium,,-34.8624612,148.9037345,OSM,OSM:way/1468638687
NSW,SW-NSW,South West NSW,Snowy,project cluster,SW NSW (Snowy 2.0),Transgrid TAPR 2024 (HumeLink Snowy 2.0 connection),medium,,-36.2945505,148.5092561,OSM,OSM:way/208626798
NSW,SW-NSW,South West NSW,Tumut,region,SW NSW (Tumut N7),AEMO ISP A3 N7,medium,,-35.9111671,148.385943,OSM,OSM:way/208359871
VIC,CN-VIC,Central North Victoria,Axedale,solar/wind cluster,CN-VIC (Bendigo area),Public records,medium,,,,,
VIC,CN-VIC,Central North Victoria,Broken Creek,solar farm,CN-VIC,Public records,medium,,,,,
VIC,CN-VIC,Central North Victoria,Campbells Forest,solar/wind cluster,CN-VIC (Bendigo area),Public records,medium,,-37.7975955,144.9817784,OSM,OSM:way/993199622
VIC,CN-VIC,Central North Victoria,Cherry Tree,wind farm,CN-VIC (Seymour area),Public records,medium,,,,,
VIC,CN-VIC,Central North Victoria,Boort,wind farm,CN-VIC/MR boundary,Public records,medium,,,,,
VIC,CN-VIC,Central North Victoria,Seymour,town,CN-VIC,Public records,medium,,-37.0360969,145.1544429,OSM,OSM:way/246068803
VIC,CN-VIC,Central North Victoria,Mansfield,region,CN-VIC,Public records,medium,,-37.0504598,146.071291,OSM,OSM:way/507702362
VIC,CN-VIC,Central North Victoria,Murchison,region,CN-VIC,Public records,medium,,,,,
VIC,CN-VIC,Central North Victoria,Tatura,region,CN-VIC,Public records,medium,,,,,
VIC,MR,Murray River,Bannerton,solar/wind cluster,MR (Mildura area),Public records,medium,,,,,
VIC,MR,Murray River,Boulka Park,solar/wind/BESS cluster,MR,Public records,medium,,,,,
VIC,MR,Murray River,Carwarp,solar/wind cluster,MR (Mildura area),Public records,medium,,,,,
VIC,MR,Murray River,Nyngan,boundary town,MR/SW-NSW boundary,Public records,medium,,,,,
VIC,MR,Murray River,Swan Hill,town,MR,Public records,medium,,-35.3453758,143.5226559,OSM,OSM:way/508180157
VIC,MR,Murray River,Sunraysia,region,MR (Mildura/Sunraysia),Public records,medium,,,,,
VIC,WV,Western Victoria,Bookaar,solar/wind cluster,WV,Public records,medium,,,,,
VIC,WV,Western Victoria,Chepstowe,wind farm,WV,Public records,medium,,,,,
VIC,WV,Western Victoria,Challicum,wind farm,WV,Public records,medium,,-37.3896865,143.1139975,OSM,OSM:way/312539941
VIC,WV,Western Victoria,Challicum Hills,wind farm,WV,Public records,medium,,-37.3896865,143.1139975,OSM,OSM:way/312539941
VIC,WV,Western Victoria,Mt Mercer,wind farm,WV,Public records,medium,,,,,
VIC,WV,Western Victoria,Hopetoun,town,WV/MR boundary,Public records,medium,,,,,
VIC,WV,Western Victoria,Hamilton,town/region,WV (south),Public records,medium,,-37.7540159,142.0091207,OSM,OSM:way/523196204
VIC,WV,Western Victoria,Lake Bolac,town,WV,Public records,medium,,,,,
VIC,WV,Western Victoria,Murra Warra,wind farm cluster,WV (Horsham),Public records,medium,,,,,
VIC,GIP,Gippsland,Alberton,wind farm,GIP,Public records (Alberton WF),medium,,,,,
VIC,GIP,Gippsland,Bald Hills,wind farm,GIP,Public records (Bald Hills WF),medium,,-38.7468976,145.9491046,OSM,OSM:way/529128929
VIC,GIP,Gippsland,Toora,wind farm,GIP,Public records,medium,,-37.8438198,145.0045588,OSM,OSM:way/240324533
VIC,GIP,Gippsland,Wellington,wind farm cluster,GIP (Wellington Shire),Public records,medium,,-37.8044869,144.9862828,OSM,OSM:node/2688014243
VIC,GIP,Gippsland,Wonthaggi,town,GIP coast,Public records,medium,,-38.5853997,145.5252635,OSM,OSM:way/509601316
VIC,GIP,Gippsland,Yarram,town,GIP,Public records,medium,,,,,
VIC,GIP,Gippsland,Traralgon,town,GIP (Latrobe),Public records,medium,,-38.1892563,146.5600991,OSM,OSM:way/510588765
VIC,GIP,Gippsland,Star of the South,offshore wind,GIP Coast V7,Public records (Star of the South),medium,,-37.7975955,144.9817784,OSM,OSM:way/993199622
VIC,SW-VIC,South-West Victoria,Camperdown,town,SW-VIC,Public records,medium,,-38.2269355,143.1548349,OSM,OSM:way/497831665
VIC,SW-VIC,South-West Victoria,Cobden,town,SW-VIC,Public records,medium,,-38.3415655,143.0528627,OSM,OSM:way/497831668
VIC,SW-VIC,South-West Victoria,Codrington,wind farm,SW-VIC,Public records,medium,,-38.2729828,141.9730611,OSM,OSM:way/521744669
VIC,SW-VIC,South-West Victoria,Macarthur,wind farm,SW-VIC (Macarthur WF),Public records,medium,,-38.0645348,142.1843482,OSM,OSM:way/312679496
VIC,SW-VIC,South-West Victoria,Penshurst,wind farm,SW-VIC,Public records,medium,,,,,
VIC,SW-VIC,South-West Victoria,Salt Creek,wind farm,SW-VIC (Tarrone area),Public records (Salt Creek WF),medium,,-37.9307185,142.7735241,OSM,OSM:way/804577230
VIC,SW-VIC,South-West Victoria,Warrnambool,town,SW-VIC,Public records,medium,,,,,
VIC,SW-VIC,South-West Victoria,Bulgana,wind/BESS,WV/SW-VIC boundary,Public records,medium,Already in WV — kept in WV by priority,,,,
VIC,SW-VIC,South-West Victoria,Cape Sir William Grant,offshore wind,SW-VIC (Southern Ocean V8),Public records,medium,,-38.3885188,141.6232221,OSM,OSM:way/497606546
SA,MN,Mid-North SA,Bungala,solar/BESS cluster,MN (Port Augusta area),Public records (Bungala SF),medium,,,,,
SA,MN,Mid-North SA,Carmody's Hill,wind/BESS,MN,Public records,medium,,,,,
SA,MN,Mid-North SA,Cathedral Rocks,wind farm,MN (Port Lincoln/Eyre),Public records,medium,,,,,
SA,MN,Mid-North SA,Clements Gap,wind farm,MN,Public records,medium,,-33.5082726,138.1305997,OSM,OSM:way/599795478
SA,MN,Mid-North SA,Lake Bonney,wind/storage cluster,SE-SA boundary,Public records (Lake Bonney WF — actually SE),medium,Shared SE-SA/MN,,,,
SA,MN,Mid-North SA,Bolivar,gas station,Adelaide (load area),Public records,medium,,,,,
SA,MN,Mid-North SA,Barker Inlet,gas station,Adelaide,Public records,medium,,,,,
SA,MN,Mid-North SA,Angaston,town/station,Barossa-MN border,Public records,medium,,-34.5039727,139.0250945,OSM,OSM:way/715631437
SA,MN,Mid-North SA,Adelaide,load centre,Adelaide metro,Public records,medium,Load centre — flagged,-34.9244796,138.610532,OSM,OSM:way/265149570
SA,MN,Mid-North SA,Augusta,town/region,MN (Port Augusta),Public records,medium,,,,,
SA,MN,Mid-North SA,Baroota,pumped hydro,MN,Public records (Baroota PHES),medium,,-32.9676331,138.0392693,OSM,OSM:way/170528246
SA,MN,Mid-North SA,Bridle Track,solar,MN,Public records,medium,,,,,
SA,MN,Mid-North SA,Brinkworth,town,MN,Public records,medium,,-33.6312682,138.372189,OSM,OSM:way/170036971
SA,MN,Mid-North SA,Australia Plains,solar,MN (Mid-North),Public records,medium,,,,,
SA,SE-SA,South-East SA,Lake Bonney,wind/storage cluster,SE-SA,Public records,high,,,,,
SA,SE-SA,South-East SA,Canunda,wind farm,SE-SA,Public records,medium,,,,,
SA,SE-SA,South-East SA,Blanche,wind/BESS,SE-SA,Public records,medium,,-37.8256239,140.7315753,OSM,OSM:way/164682626
SA,SE-SA,South-East SA,Snuggery,gas/station,SE-SA,Public records,medium,,-37.6641937,140.416464,OSM,OSM:way/164674789
SA,RIV,Riverland,Sunraysia,solar cluster,RIV/MR boundary,Public records (Sunraysia SF on Victorian border),medium,Cross-border,,,,
SA,RIV,Riverland,Loxton North,solar,RIV,Public records,medium,,,,,
SA,RIV,Riverland,Bookpurnong,wind/solar,RIV,Public records,medium,,,,,
NSW,CWO,Central-West Orana,Cobbora,town/project cluster,CWO,Public records (Cobbora SF/BESS near Dunedoo),medium,,-33.9265953,151.18117,OSM,OSM:way/1308545536
NSW,CWO,Central-West Orana,Goulburn River,river/project area,CWO (national park north of Mudgee),Public records,medium,,,,,
NSW,CWO,Central-West Orana,Uungula,wind farm cluster,CWO (Wellington area),Public records (Uungula WF),medium,,-33.9265953,151.18117,OSM,OSM:way/1308545536
NSW,CWO,Central-West Orana,Tallawang,solar/BESS cluster,CWO (Gulgong area),Public records,medium,,-33.9265953,151.18117,OSM,OSM:way/1308545536
NSW,CWO,Central-West Orana,Pottinger,energy park cluster,CWO/NEW border (Liverpool Plains),Public records (Pottinger Energy Park),medium,,,,,
NSW,CWO,Central-West Orana,Lake Lyell,pumped hydro,CWO/Central West (Lithgow area),Public records (Lake Lyell PHES),medium,,-33.9265953,151.18117,OSM,OSM:way/1308545536
NSW,CWO,Central-West Orana,Lambruk,solar/BESS,CWO,Public records,medium,,-33.9265953,151.18117,OSM,OSM:way/1308545536
NSW,CWO,Central-West Orana,Burrendong,wind farm,CWO (Wellington area),Public records (Burrendong WF),medium,,,,,
NSW,CWO,Central-West Orana,Argoon,wind farm,CWO,Public records (Argoon WF — RES Group),medium,,-33.9265953,151.18117,OSM,OSM:way/1308545536
NSW,CWO,Central-West Orana,Kerrs Creek,wind farm,CWO (Orange area),Public records (Kerrs Creek WF),medium,,,,,
NSW,CWO,Central-West Orana,Ilford,energy hub,CWO,Public records (Ilford Green Energy Hub),medium,,,,,
NSW,CWO,Central-West Orana,Pint Pot,BESS,CWO,Public records,medium,,,,,
NSW,CWO,Central-West Orana,Lindsay Gap,BESS,CWO (Gulgong area),Public records,medium,,-33.9265953,151.18117,OSM,OSM:way/1308545536
NSW,CWO,Central-West Orana,Devlins,wind farm,CWO,Public records (Devlins WF),medium,,,,,
NSW,CWO,Central-West Orana,Hanworth,battery,CWO,Public records (Hanworth Battery),medium,,-33.9265953,151.18117,OSM,OSM:way/1308545536
NSW,CWO,Central-West Orana,Garoo,BESS,CWO,Public records,medium,,-34.7237932,150.4817866,OSM,OSM:way/243736783
NSW,CWO,Central-West Orana,Gara,BESS,CWO,Public records,medium,,-33.9681741,151.1278636,OSM,OSM:way/62048803
NSW,CWO,Central-West Orana,Holloway,BESS,CWO,Public records (Holloway BESS),medium,,-33.9265953,151.18117,OSM,OSM:way/1308545536
NSW,CWO,Central-West Orana,Junction Rivers,wind farm,CWO border,Public records,medium,,,,,
NSW,CWO,Central-West Orana,Tallawang,solar/BESS,CWO,Public records,medium,,-33.9265953,151.18117,OSM,OSM:way/1308545536
NSW,CWO,Central-West Orana,Piambong,wind farm,CWO,Public records (Piambong WF — KCI),medium,,-33.9265953,151.18117,OSM,OSM:way/1308545536
NSW,CWO,Central-West Orana,Wattle Creek,energy hub,CWO/NEW,Public records (Wattle Creek Energy Hub),medium,,-33.9265953,151.18117,OSM,OSM:way/1308545536
NSW,CWO,Central-West Orana,Moah Creek,solar,CWO,Public records (Moah Creek SF),medium,,-33.9265953,151.18117,OSM,OSM:way/1308545536
NSW,CWO,Central-West Orana,Valley of the Winds,wind farm,CWO,Public records,medium,,-33.9265953,151.18117,OSM,OSM:way/1308545536
NSW,CWO,Central-West Orana,Central West,region,CWO/Central West NSW,AEMO ISP A3 N3,medium,,-33.9265953,151.18117,OSM,OSM:way/1308545536
NSW,CWO,Central-West Orana,Orana,region,CWO (Orana region),EnergyCo CWO,medium,,-33.9265953,151.18117,OSM,OSM:way/1308545536
NSW,CWO,Central-West Orana,Dargues,energy project,CWO area (gold mine),Public records,medium,,-33.9265953,151.18117,OSM,OSM:way/1308545536
NSW,CWO,Central-West Orana,Sandy Creek,solar farm,CWO area,Public records (Sandy Creek SF),medium,,-33.9265953,151.18117,OSM,OSM:way/1308545536
NSW,CWO,Central-West Orana,Deargee,solar/BESS,CWO,Public records (Deargee SF),medium,,-33.9265953,151.18117,OSM,OSM:way/1308545536
NSW,CWO,Central-West Orana,Wongalea,BESS,CWO,Public records,medium,,-33.9265953,151.18117,OSM,OSM:way/1308545536
NSW,CWO,Central-West Orana,Willavale,BESS,CWO,Public records,medium,,-33.9265953,151.18117,OSM,OSM:way/1308545536
NSW,CWO,Central-West Orana,Cassilis,wind farm,CWO/Upper Hunter border,Public records (Cassilis area),medium,,-33.9265953,151.18117,OSM,OSM:way/1308545536
NSW,CWO,Central-West Orana,The Plains,energy hub,CWO (Liverpool Plains),Public records (The Plains project),medium,,-33.9265953,151.18117,OSM,OSM:way/1308545536
NSW,NEW,New England,Winterbourne,wind farm,NEW (Walcha area),Public records (Winterbourne WF),medium,,,,,
NSW,NEW,New England,Hills of Gold,wind farm,NEW (Nundle/Hanging Rock),Public records (Hills of Gold WF),medium,,,,,
NSW,NEW,New England,Kings Plain,wind farm,NEW (Glen Innes area),Public records (Kings Plain WF),medium,,-33.9265953,151.18117,OSM,OSM:way/1308545536
NSW,NEW,New England,Peel Valley,BESS,NEW (Tamworth area),Public records,medium,,-33.9265953,151.18117,OSM,OSM:way/1308545536
NSW,NEW,New England,Wallabadah,BESS,NEW (Liverpool Plains),Public records,medium,,-33.9265953,151.18117,OSM,OSM:way/1308545536
NSW,NEW,New England,Apsley,BESS/project,NEW (Walcha-Apsley area),Public records,medium,,-33.9265953,151.18117,OSM,OSM:way/1308545536
NSW,NEW,New England,Nundle,town,NEW,Public records,medium,,,,,
NSW,NEW,New England,Murrurundi,town,NEW/HCC border,Public records,medium,,,,,
NSW,NEW,New England,Quirindi,town,NEW (Liverpool Plains),Public records,medium,,-31.4941732,150.678452,OSM,OSM:way/372573632
NSW,NEW,New England,Hanworth,wind farm,NEW,Public records,medium,,-33.9265953,151.18117,OSM,OSM:way/1308545536
NSW,NEW,New England,Mt Lindesay,wind farm,NEW border,Public records,medium,,-33.9265953,151.18117,OSM,OSM:way/1308545536
NSW,NEW,New England,Pottinger Energy Park,energy hub,NEW (Liverpool Plains),Public records,medium,,-33.9265953,151.18117,OSM,OSM:way/1308545536
NSW,NEW,New England,Sundown,hybrid facility,NEW border (QLD),Public records (Sundown Hybrid Facility),medium,,,,,
NSW,NEW,New England,New England Solar,solar project,NEW (Uralla area),Public records (UPC NE Solar),medium,,-30.62553,151.6177788,OSM,OSM:way/1293021615
NSW,NEW,New England,Bowmans Creek,wind farm,Upper Hunter/NEW border,Public records,medium,Could be HCC — review,-33.9265953,151.18117,OSM,OSM:way/1308545536
NSW,NEW,New England,Goonoo,wind/forest,CWO/NEW border,Public records,medium,,,,,
NSW,NEW,New England,Romani,solar farm,NEW (Quirindi area),Public records (Romani SF),medium,,-33.9265953,151.18117,OSM,OSM:way/1308545536
NSW,NEW,New England,Merino,solar farm,NEW,Public records,medium,,,,,
NSW,NEW,New England,Sundown Hybrid,hybrid,NEW border,Public records,medium,,,,,
NSW,NEW,New England,Belhaven,renewable project,NEW,Public records (Belhaven RE Project),medium,,-33.9265953,151.18117,OSM,OSM:way/1308545536
NSW,NEW,New England,Bellambi Heights,renewable project,NEW,Public records,medium,,-33.9265953,151.18117,OSM,OSM:way/1308545536
NSW,NEW,New England,Strontian,solar/BESS,NEW (Liverpool Plains),Public records,medium,,-33.9265953,151.18117,OSM,OSM:way/1308545536
NSW,NEW,New England,Texas BESS,BESS,NEW/QLD border,Public records,medium,,-28.8633912,151.1858489,OSM,OSM:way/366252364
NSW,NEW,New England,Edderton,hybrid facility,Upper Hunter (NEW/HCC border),Public records (Edderton Hybrid),medium,,,,,
NSW,NEW,New England,McCullys Gap,BESS,Upper Hunter (HCC/NEW border),Public records,medium,Could be HCC,-33.9265953,151.18117,OSM,OSM:way/1308545536
NSW,NEW,New England,Liverpool Plains,region,NEW (Liverpool Plains),EnergyCo NEW,medium,,-33.9305182,150.9220799,OSM,OSM:way/686798439
NSW,NEW,New England,Tablelands,region,NEW (New England Tableland),EnergyCo NEW,medium,,-33.9265953,151.18117,OSM,OSM:way/1308545536
NSW,HCC,Hunter-Central Coast,Denman,town/BESS,Upper Hunter (HCC),Public records (Denman BESS — KCI),medium,,-32.378832,150.6906079,OSM,OSM:way/225353042
NSW,HCC,Hunter-Central Coast,Glenbawn,pumped hydro,Upper Hunter,Public records (Glenbawn PHES),medium,,-32.1096788,150.998576,OSM,OSM:way/995973877
NSW,HCC,Hunter-Central Coast,Stratford,renewable hub,Gloucester (HCC),Public records (Stratford Renewable Energy Hub),medium,,-33.9265953,151.18117,OSM,OSM:way/1308545536
NSW,HCC,Hunter-Central Coast,Maison Dieu,BESS,Hunter Valley,Public records,medium,,-33.9265953,151.18117,OSM,OSM:way/1308545536
NSW,HCC,Hunter-Central Coast,Merriwa,solar/BESS,Upper Hunter (HCC/CWO border),Public records,medium,Could be CWO,-32.1425514,150.3628688,OSM,OSM:way/225353604
NSW,HCC,Hunter-Central Coast,Anvil Hill,project,Upper Hunter,Public records,medium,,-33.9265953,151.18117,OSM,OSM:way/1308545536
NSW,HCC,Hunter-Central Coast,Glennies Creek,pumped hydro,Hunter Valley (Singleton),Public records (Glennies Creek PHES),medium,,,,,
NSW,HCC,Hunter-Central Coast,Yarrabee,solar project,Hunter,Public records (Yarrabee Solar),medium,,-33.9265953,151.18117,OSM,OSM:way/1308545536
NSW,HCC,Hunter-Central Coast,Mt View,wind farm,HCC (Cessnock area),Public records (Mt View WF — KCI),medium,,,,,
NSW,HCC,Hunter-Central Coast,Camberwell,project,Hunter Valley,Public records,medium,,-33.9265953,151.18117,OSM,OSM:way/1308545536
NSW,HCC,Hunter-Central Coast,Mt Arthur,coal/project,Upper Hunter,Public records,medium,,-33.9265953,151.18117,OSM,OSM:way/1308545536
NSW,HCC,Hunter-Central Coast,Bayswater,existing coal/REZ collector,Upper Hunter,Transgrid TAPR 2024,medium,Also NEW REZ collector,-32.3991171,150.945249,OSM,OSM:way/167694317
NSW,HCC,Hunter-Central Coast,Gloucester,town/project area,HCC,Public records,medium,,,,,
NSW,HCC,Hunter-Central Coast,Central Coast,region,HCC,EnergyCo HCC,medium,,-33.9265953,151.18117,OSM,OSM:way/1308545536
NSW,HCC,Hunter-Central Coast,Upper Hunter,region,HCC,EnergyCo HCC,medium,,,,,
NSW,HCC,Hunter-Central Coast,Goulburn River Solar,solar/BESS,HCC/CWO border (Bylong),Public records,medium,Border case,-33.9265953,151.18117,OSM,OSM:way/1308545536
NSW,HCC,Hunter-Central Coast,Bylong,town,HCC/CWO border,Public records,medium,,-32.4143108,150.1160714,OSM,OSM:node/4457722715
NSW,HCC,Hunter-Central Coast,Glenbawn Pumped,pumped hydro,Upper Hunter,Public records,medium,,-33.9265953,151.18117,OSM,OSM:way/1308545536
NSW,HCC,Hunter-Central Coast,Novocastrian,offshore wind,Hunter Coast (N10 — offshore),AEMO ISP A3 N10,medium,,-33.9265953,151.18117,OSM,OSM:way/1308545536
NSW,HCC,Hunter-Central Coast,Hunter Coast,offshore zone,N10 offshore wind,AEMO ISP A3 N10; EnergyCo,medium,,-33.9265953,151.18117,OSM,OSM:way/1308545536
NSW,ILW,Illawarra,Tallawarra,existing gas,Illawarra (Dapto area),Public records (Tallawarra A/B),medium,,-34.5221889,150.807218,OSM,OSM:way/255775145
NSW,ILW,Illawarra,Marulan,OCGT/CCGT,Southern Highlands (Bannaby gateway),Public records (Marulan OCGT),medium,Could be SW-NSW,-34.6152903,150.0528516,OSM,OSM:way/160295596
NSW,ILW,Illawarra,Kangaroo Valley,BESS,ILW,Public records,medium,,-34.7237932,150.4817866,OSM,OSM:way/243736783
NSW,ILW,Illawarra,Bargo,project,Macarthur/ILW,Public records,medium,,-36.3900438,149.8938061,OSM,OSM:way/770078962
NSW,ILW,Illawarra,Western Sydney,load/pumped hydro,ILW gateway/load,Public records (Western Sydney PHES),medium,,-33.8713416,150.7301645,OSM,OSM:way/1459493236
NSW,ILW,Illawarra,Ulladulla,offshore wind,Illawarra Coast (N11),AEMO ISP A3 N11,medium,,-35.3513277,150.4628116,OSM,OSM:way/267376699
NSW,ILW,Illawarra,Illawarra Coast,offshore zone,N11 offshore wind,AEMO ISP A3 N11,medium,,-33.9265953,151.18117,OSM,OSM:way/1308545536
NSW,ILW,Illawarra,Southern Highlands,region,ILW gateway,Public records,medium,,-33.9265953,151.18117,OSM,OSM:way/1308545536
NSW,ILW,Illawarra,Eden,offshore wind,Cooma-Monaro Coast (south coast),AEMO ISP A3 N8,medium,Geographically Cooma-Monaro — flagged,-37.0626767,149.8880471,OSM,OSM:way/651106875
NSW,ILW,Illawarra,Eastern Rise,offshore wind,South coast/Cooma-Monaro,Public records,medium,Possibly Cooma-Monaro N8,-33.9265953,151.18117,OSM,OSM:way/1308545536
NSW,ILW,Illawarra,South Pacific Offshore,offshore wind,South coast,Public records,medium,,-33.9265953,151.18117,OSM,OSM:way/1308545536
NSW,SW-NSW,South West NSW,Talbingo,BESS/Snowy,Snowy 2.0 area,Transgrid TAPR 2024 (HumeLink),medium,,-35.6044787,148.2874124,OSM,OSM:way/208480302
NSW,SW-NSW,South West NSW,Snowy 2.0,pumped hydro,Snowy/SW-NSW,Transgrid TAPR 2024,medium,,,,,
NSW,SW-NSW,South West NSW,Bago,wind farm,SW-NSW (Tumut area),Public records (Bago WF),medium,,-33.9265953,151.18117,OSM,OSM:way/1308545536
NSW,SW-NSW,South West NSW,Khancoban,hydro,Snowy/SW-NSW,Public records,medium,,-33.9265953,151.18117,OSM,OSM:way/1308545536
NSW,SW-NSW,South West NSW,Bookham,wind farm,SW-NSW (Yass area),Public records (Bookham WF),medium,,-33.9265953,151.18117,OSM,OSM:way/1308545536
NSW,SW-NSW,South West NSW,Wee Jasper,wind farm,SW-NSW (south of Yass),Public records (Wee Jasper WF),medium,,-33.9265953,151.18117,OSM,OSM:way/1308545536
NSW,SW-NSW,South West NSW,Rye Park,wind farm,SW-NSW (Yass area),Public records (Rye Park WF),medium,,-34.5508991,148.95544,OSM,OSM:way/1149179082
NSW,SW-NSW,South West NSW,Gullen Range,wind/BESS,Southern Tableland (SW-NSW),Public records (Gullen Range WF),medium,,-34.6140383,149.4577742,OSM,OSM:way/543020349
NSW,SW-NSW,South West NSW,Gundary,solar farm,SW-NSW (Goulburn area),Public records (Gundary SF),medium,,-33.9265953,151.18117,OSM,OSM:way/1308545536
NSW,SW-NSW,South West NSW,Gol Gol,wind farm,SW-NSW (Buronga area),Public records (Gol Gol WF),medium,,,,,
NSW,SW-NSW,South West NSW,Mallee,wind farm,SW-NSW (Far West),Public records,medium,,-33.9265953,151.18117,OSM,OSM:way/1308545536
NSW,SW-NSW,South West NSW,Morundah,solar/thermal,SW-NSW (Riverina),Public records,medium,,-33.9265953,151.18117,OSM,OSM:way/1308545536
NSW,SW-NSW,South West NSW,Bullawah,wind farm,SW-NSW (Riverina),Public records (Bullawah WF Stage 1),medium,,-33.9265953,151.18117,OSM,OSM:way/1308545536
NSW,SW-NSW,South West NSW,Ivanhoe,BESS,SW-NSW (Far West),Public records,medium,,-32.9080465,144.3062663,OSM,OSM:way/584503804
NSW,SW-NSW,South West NSW,Tchelery,wind farm,SW-NSW (Far West),Public records,medium,,,,,
NSW,SW-NSW,South West NSW,Lake Victoria,energy park,SW-NSW (Far West),Public records (Lake Victoria Energy Park),medium,,-33.9265953,151.18117,OSM,OSM:way/1308545536
NSW,SW-NSW,South West NSW,Lake Cargelligo,project area,SW-NSW (Lachlan),Public records,medium,,-33.9265953,151.18117,OSM,OSM:way/1308545536
NSW,SW-NSW,South West NSW,Narrandera,BESS,SW-NSW (Riverina),Public records,medium,,-34.7436091,146.5390106,OSM,OSM:way/584856552
NSW,SW-NSW,South West NSW,Junee,project,SW-NSW (Riverina),Public records,medium,,-34.8617176,147.5910875,OSM,OSM:way/596376817
NSW,SW-NSW,South West NSW,Culcairn,solar farm,SW-NSW (south Riverina),Public records (Culcairn SF),medium,,-35.6567357,147.0410007,OSM,OSM:way/109334959
NSW,SW-NSW,South West NSW,Albury,load/border,SW-NSW/border,Public records,medium,,-33.9265953,151.18117,OSM,OSM:way/1308545536
NSW,SW-NSW,South West NSW,Bodangora,wind farm,(CWO — see CWO entry),Public records,medium,Already CWO,-33.9265953,151.18117,OSM,OSM:way/1308545536
NSW,SW-NSW,South West NSW,Riverina,region,SW-NSW,AEMO ISP A3 N5/N6,medium,,-33.9265953,151.18117,OSM,OSM:way/1308545536
NSW,SW-NSW,South West NSW,Far West,region,SW-NSW (Far West NSW),AEMO ISP A3 N4/N5,medium,,-33.9265953,151.18117,OSM,OSM:way/1308545536
NSW,SW-NSW,South West NSW,Lower Lachlan,region,SW-NSW,AEMO ISP A3 N5,medium,,-33.9265953,151.18117,OSM,OSM:way/1308545536
NSW,SW-NSW,South West NSW,Murrumbidgee,region,SW-NSW (Riverina),AEMO ISP A3 N5,medium,,,,,
NSW,SW-NSW,South West NSW,Wakool,region,SW-NSW (Riverina south),Public records,medium,,-33.9265953,151.18117,OSM,OSM:way/1308545536
NSW,SW-NSW,South West NSW,Sunraysia NSW,solar cluster,SW-NSW border with VIC,Public records,medium,,-33.9265953,151.18117,OSM,OSM:way/1308545536
NSW,SW-NSW,South West NSW,Mt Hope,wind farm,SW-NSW (Lower Lachlan),Public records,medium,,,,,
NSW,SW-NSW,South West NSW,Yawong,wind farm,SW-NSW,Public records,medium,,-33.9265953,151.18117,OSM,OSM:way/1308545536
NSW,SW-NSW,South West NSW,Wallaroo,wind farm,SW-NSW (Yass area),Public records,medium,,-33.9265953,151.18117,OSM,OSM:way/1308545536
NSW,SW-NSW,South West NSW,Goulburn,BESS/town,Southern Tableland (SW-NSW),Public records,medium,,-34.769504,149.7311365,OSM,OSM:way/149985564
NSW,SW-NSW,South West NSW,Tirranna,BESS,SW-NSW (Goulburn area),Public records (Tirranna BESS — KCI),medium,,-33.9265953,151.18117,OSM,OSM:way/1308545536
NSW,SW-NSW,South West NSW,Gol Gol,wind farm,SW-NSW (Buronga area),Public records (Gol Gol WF),medium,,,,,
VIC,GIP,Gippsland,Seaspray,offshore wind,Gippsland Coast (V7),AEMO ISP A3 V7,medium,,,,,
VIC,GIP,Gippsland,Deal 1,offshore wind,Gippsland Coast (V7),Public records (Deal 1/2 OWF),medium,,,,,
VIC,GIP,Gippsland,Deal 2,offshore wind,Gippsland Coast (V7),Public records,medium,,,,,
VIC,GIP,Gippsland,Great Eastern,offshore wind,Gippsland Coast (V7),Public records (Great Eastern OWF),medium,,,,,
VIC,GIP,Gippsland,Kut Wut Brataualung,offshore wind,Gippsland Coast (V7),Public records,medium,,,,,
VIC,GIP,Gippsland,Kentbruck,wind/green hub,GIP (Wonthaggi area),Public records (Kentbruck Green Power Hub),medium,,,,,
VIC,GIP,Gippsland,Blue Mackerel North,offshore wind,Gippsland Coast,Public records,medium,,,,,
VIC,GIP,Gippsland,Spinifex,offshore wind,Gippsland Coast (V7),Public records,medium,,-37.7975955,144.9817784,OSM,OSM:way/993199622
VIC,GIP,Gippsland,Cape Winds,offshore wind,Gippsland Coast (V7),Public records,medium,,,,,
VIC,GIP,Gippsland,Greater Southern Offshore,offshore wind,Gippsland Coast (V7),Public records,medium,,-37.7975955,144.9817784,OSM,OSM:way/993199622
VIC,GIP,Gippsland,Southern Winds Offshore,offshore wind,Gippsland Coast (V7),Public records,medium,,-37.7975955,144.9817784,OSM,OSM:way/993199622
VIC,GIP,Gippsland,Wooreen,energy storage,GIP (Latrobe Valley),Public records (Wooreen ESS),medium,,,,,
VIC,GIP,Gippsland,Hexham,wind farm,GIP,Public records (Hexham WF),medium,,,,,
VIC,GIP,Gippsland,Phillip Island,offshore/region,GIP coast,Public records,medium,,-38.4816643,145.239778,OSM,OSM:way/351053384
VIC,GIP,Gippsland,Anglesea,existing coal/project,GIP/SW-VIC,Public records,medium,Border case,,,,
VIC,GIP,Gippsland,Jeeralang,existing gas,GIP (Latrobe Valley),Public records,medium,,-38.2767498,146.4246139,OSM,OSM:way/146581923
VIC,GIP,Gippsland,Loy Yang B,existing coal,GIP (Latrobe Valley),Public records,medium,,-38.2552708,146.5712629,OSM,OSM:way/146581924
VIC,GIP,Gippsland,Darnum,BESS,GIP (West Gippsland),Public records,medium,,,,,
VIC,GIP,Gippsland,Maryvale,energy hub,GIP (Latrobe Valley),Public records,medium,,-38.1825703,146.441148,OSM,OSM:way/510484130
VIC,GIP,Gippsland,Latrobe Valley,region,GIP (V5 REZ scope),AEMO ISP A3 V5,medium,,,,,
VIC,GIP,Gippsland,Gippsland Coast,offshore zone,V7 offshore wind,AEMO ISP A3 V7,medium,,,,,
VIC,WV,Western Victoria,Warracknabeal,wind farm,WV (Wimmera),Public records,medium,,,,,
VIC,WV,Western Victoria,Joel,BESS,WV (Ararat area),Public records (Joel BESS — sometimes Joel Joel),medium,,,,,
VIC,WV,Western Victoria,Lambing Gully,wind farm,WV/SW-VIC border (Ballarat),Public records,medium,Could be SW-VIC,,,,
VIC,WV,Western Victoria,Meredith,wind farm,WV (Ballarat area),Public records (Meredith WF),medium,,,,,
VIC,WV,Western Victoria,Elaine,BESS,WV (Ballarat area),Public records (Elaine BESS),medium,,-37.7308232,144.0119598,OSM,OSM:way/346232962
VIC,WV,Western Victoria,Learmonth,BESS,WV (Ballarat area),Public records (Learmonth BESS),medium,,,,,
VIC,WV,Western Victoria,Lovely Banks,renewable hub,WV (Geelong-Ballarat corridor),Public records,medium,,,,,
VIC,WV,Western Victoria,Glenbrae,BESS,WV (Ballarat area),Public records (Glenbrae BESS),medium,,,,,
VIC,WV,Western Victoria,Warrenheip,BESS,WV (Ballarat area),Public records (Warrenheip BESS),medium,,,,,
VIC,WV,Western Victoria,Mt Hopes,wind project,WV,Public records,medium,,,,,
VIC,WV,Western Victoria,Cooba,solar farm,WV,Public records (Cooba SF — KCI),medium,,,,,
VIC,WV,Western Victoria,Haunted Gully,terminal/BESS,WV (Stockyard Hill area),Public records,medium,,-38.0072738,143.3141676,OSM,OSM:way/1247967428
VIC,WV,Western Victoria,Newlyn,wind farm,WV,Public records,medium,,,,,
VIC,SW-VIC,South-West Victoria,Mt Fyans,wind farm,SW-VIC (Mortlake area),Public records (Mt Fyans WF),medium,,-37.7975955,144.9817784,OSM,OSM:way/993199622
VIC,SW-VIC,South-West Victoria,Connewarren,BESS,SW-VIC (Mortlake area),Public records (Connewarren BESS),medium,,,,,
VIC,SW-VIC,South-West Victoria,Darlington,wind farm,SW-VIC,Public records (Darlington WF — GPG),medium,,-34.6489003,146.0344842,OSM,OSM:way/169416665
VIC,SW-VIC,South-West Victoria,Willatook,wind farm,SW-VIC (Hamilton area),Public records (Willatook WF),medium,,,,,
VIC,SW-VIC,South-West Victoria,Ryan Corner,wind farm,SW-VIC (Portland area),Public records (Ryan Corner WF),medium,,,,,
VIC,SW-VIC,South-West Victoria,Gnarwarre,BESS,SW-VIC (Geelong area),Public records,medium,,,,,
VIC,SW-VIC,South-West Victoria,Dalvui,BESS,SW-VIC,Public records,medium,,,,,
VIC,SW-VIC,South-West Victoria,Stonehaven,gas turbine,SW-VIC (Geelong),Public records,medium,,,,,
VIC,SW-VIC,South-West Victoria,Winchelsea,gas turbine,SW-VIC (Geelong area),Public records,medium,,-38.2361461,144.0027849,OSM,OSM:way/312889671
VIC,SW-VIC,South-West Victoria,Geelong,load/BESS,SW-VIC (Geelong),Public records,medium,Load centre,-38.0828702,144.3384413,OSM,OSM:way/244141232
VIC,SW-VIC,South-West Victoria,Little River,BESS/solar,SW-VIC (Geelong-Melbourne),Public records (Little River BESS/SF),medium,,,,,
VIC,SW-VIC,South-West Victoria,Mornington,BESS,SW-VIC/Melbourne,Public records,medium,"Could be load-area, flag for review",-38.2434492,145.0834435,OSM,OSM:way/104758401
VIC,SW-VIC,South-West Victoria,Yaloak South,wind farm,SW-VIC,Public records,medium,,-37.7281892,144.2406618,OSM,OSM:way/751747663
VIC,SW-VIC,South-West Victoria,Yambuk,wind farm,SW-VIC,Public records,medium,,-38.2990932,142.0268569,OSM,OSM:way/521744670
VIC,SW-VIC,South-West Victoria,Newport,existing gas,SW-VIC/Melbourne,Public records,medium,Load area,-37.8398821,144.8937499,OSM,OSM:way/235755431
VIC,SW-VIC,South-West Victoria,Mortlake South,energy hub,SW-VIC,Public records,medium,,,,,
VIC,SW-VIC,South-West Victoria,Cape Bridgewater,wind farm,SW-VIC,Public records,medium,,-38.3721987,141.3794498,OSM,OSM:way/480180702
VIC,CN-VIC,Central North Victoria,Goorambat,BESS/solar,CN-VIC (Benalla area),Public records (Goorambat BESS/SF),medium,,-36.4278989,145.924551,OSM,OSM:way/1441528830
VIC,CN-VIC,Central North Victoria,Pine Lodge,BESS,CN-VIC (Shepparton area),Public records (Pine Lodge BESS),medium,,,,,
VIC,CN-VIC,Central North Victoria,West Mokoan,solar farm,CN-VIC (Benalla area),Public records (West Mokoan SF),medium,,,,,
VIC,CN-VIC,Central North Victoria,Corop,solar/BESS,CN-VIC (Echuca area),Public records (Corop SF/BESS),medium,,,,,
VIC,CN-VIC,Central North Victoria,Mologa,BESS,CN-VIC/MR border,Public records,medium,,,,,
VIC,CN-VIC,Central North Victoria,Prairie,solar farm,CN-VIC,Public records (Prairie SF),medium,,,,,
VIC,CN-VIC,Central North Victoria,Koyuga,wind farm,CN-VIC (Echuca area),Public records (Koyuga Nanneella WF),medium,,,,,
VIC,CN-VIC,Central North Victoria,Nanneella,wind farm,CN-VIC,Public records,medium,,,,,
VIC,CN-VIC,Central North Victoria,Numurkah,solar farm,CN-VIC,Public records,medium,,-36.0694007,145.4511508,OSM,OSM:way/523250302
VIC,CN-VIC,Central North Victoria,Stanhope,BESS,CN-VIC (Tatura area),Public records,medium,,-36.4454491,144.9955056,OSM,OSM:way/524047166
VIC,CN-VIC,Central North Victoria,Bullarook,wind/solar,CN-VIC/WV border,Public records,medium,,,,,
VIC,CN-VIC,Central North Victoria,Murray 1,hydro,CN-VIC/Ovens Murray (V1) border,Public records (Snowy Hydro Murray 1),medium,,-36.2256705,148.1442073,OSM,OSM:way/174875093
VIC,CN-VIC,Central North Victoria,Murray 2,hydro,CN-VIC/Ovens Murray (V1) border,Public records (Snowy Hydro Murray 2),medium,,-36.2256705,148.1442073,OSM,OSM:way/174875093
VIC,CN-VIC,Central North Victoria,Hume,hydro/border,CN-VIC/Ovens Murray (V1),Public records,medium,,-36.1054965,147.0325449,OSM,OSM:way/108712269
VIC,CN-VIC,Central North Victoria,Baranduda,energy reserve,CN-VIC (Wodonga area),Public records,medium,,,,,
VIC,CN-VIC,Central North Victoria,Kiewa Valley,BESS,CN-VIC (Wodonga area),Public records (KIEWA VALLEY BESS),medium,,,,,
VIC,CN-VIC,Central North Victoria,Barnawartha,solar/storage,CN-VIC (Wodonga area),Public records,medium,,-36.0736361,146.7167717,OSM,OSM:way/334270983
VIC,CN-VIC,Central North Victoria,Bogong,hydro,CN-VIC/Ovens Murray V1,Public records (Bogong/Mackay),medium,,-36.8048703,147.2307599,OSM,OSM:way/506179980
VIC,CN-VIC,Central North Victoria,Banimboola,hydro,CN-VIC (Kiewa scheme),Public records,medium,,,,,
VIC,CN-VIC,Central North Victoria,Clover,hydro,CN-VIC (Kiewa scheme),Public records,medium,,-36.7857851,147.2194712,OSM,OSM:way/506189907
VIC,CN-VIC,Central North Victoria,Clayton,hydro,CN-VIC,Public records,medium,,,,,
VIC,CN-VIC,Central North Victoria,Eildon,hydro,CN-VIC (Eildon),Public records,medium,,-37.2241966,145.9210609,OSM,OSM:way/56234037
VIC,CN-VIC,Central North Victoria,Rubicon,BESS/hydro,CN-VIC (Eildon area),Public records,medium,,-37.2927727,145.818448,OSM,OSM:way/496003699
VIC,CN-VIC,Central North Victoria,Goulburn Valley,region,CN-VIC,Public records,medium,,,,,
VIC,MR,Murray River,Nowingi,solar farm/BESS,MR (Mildura area),Public records (Nowingi SF — Edify),medium,,,,,
VIC,MR,Murray River,Kiamal,solar/BESS,MR (Mildura area),Public records (Kiamal SF/BESS),medium,,,,,
VIC,MR,Murray River,Quandong,solar farm,MR,Public records,medium,,,,,
VIC,MR,Murray River,Karadoc,solar farm,MR (Mildura),Public records (Karadoc SF),medium,,,,,
VIC,MR,Murray River,Yatpool,solar farm,MR (Mildura),Public records (Yatpool SF),medium,,,,,
VIC,MR,Murray River,Hattah,solar/wind,MR,Public records,medium,,-34.760104,142.2792929,OSM,OSM:way/501158822
VIC,MR,Murray River,Manangatang,solar/wind,MR,Public records,medium,,,,,
VIC,MR,Murray River,Ouyen,solar farm,MR,Public records,medium,,-35.0586349,142.3155557,OSM,OSM:way/228351123
VIC,MR,Murray River,Tutye,wind/solar,MR,Public records,medium,,,,,
VIC,MR,Murray River,Meering,wind farm/BESS,MR (Kerang area),Public records (Meering WF/BESS),medium,,,,,
SA,MN,Mid-North SA,Goyder,wind/solar/BESS,MN (Goyder regional council),Public records (Goyder North/South RE Facility),medium,,,,,
SA,MN,Mid-North SA,Bundy Energy Hub,BESS hub,MN (Bundey area),Public records (Bundy Energy Hub A/B),medium,,,,,
SA,MN,Mid-North SA,Snapper Point,power station,MN/Adelaide,Public records,medium,,,,,
SA,MN,Mid-North SA,Solar River,solar/BESS,MN (Riverland border),Public records (Solar River Project),medium,Could be RIV,,,,
SA,MN,Mid-North SA,Geranium Plains,solar/BESS,MN,Public records (Geranium Plains SF),medium,,,,,
SA,MN,Mid-North SA,Mintaro,GT,MN,Public records (Mintaro GT),medium,,-33.9027284,138.7379712,OSM,OSM:way/831284067
SA,MN,Mid-North SA,Willogoleche,wind farm,MN (Hallett area),Public records (Willogoleche WF),medium,,,,,
SA,MN,Mid-North SA,Reeves Plains,OCGT/BESS,MN/Adelaide,Public records (Reeves Plains OCGT/BESS),medium,,,,,
SA,MN,Mid-North SA,Quarantine,existing gas,Adelaide/MN,Public records (Quarantine PS),medium,Load-area,,,,
SA,MN,Mid-North SA,Pelican Point,existing gas/BESS,Adelaide,Public records (Pelican Point PS/BESS),medium,Load-area,-34.7655408,138.5069401,OSM,OSM:way/1071991895
SA,MN,Mid-North SA,Osborne,existing/BESS,Adelaide,Public records (Osborne BESS),medium,Load-area,,,,
SA,MN,Mid-North SA,Lonsdale,OCGT,Adelaide,Public records,medium,,,,,
SA,MN,Mid-North SA,Lindley,BESS,MN,Public records,medium,,,,,
SA,MN,Mid-North SA,Koolunga,BESS,MN,Public records (Koolunga BESS 1/2),medium,,,,,
SA,MN,Mid-North SA,Summerfield,BESS,MN,Public records,medium,,,,,
SA,MN,Mid-North SA,Playford,battery/coal site,MN (Port Augusta),Public records (Playford Battery),medium,,,,,
SA,MN,Mid-North SA,Morgan Solar,solar,MN/Riverland border,Public records,medium,,,,,
SA,MN,Mid-North SA,Goat Hill,pumped hydro,MN,Public records (Goat Hill PHES),medium,,,,,
SA,MN,Mid-North SA,Gould Creek,BESS,MN/Adelaide,Public records (Gould Creek BESS),medium,,,,,
SA,MN,Mid-North SA,Mannum,BESS,MN/Adelaide border,Public records,medium,,-34.9170551,139.2645719,OSM,OSM:way/502271904
SA,MN,Mid-North SA,Yorke Peninsula,wind farm,MN (Yorke Pen — per user spec mapped to MN),ElectraNet TAPR 2024 (S4),medium,Yorke flagged for user review,,,,
SA,MN,Mid-North SA,Yorke,region,MN (Yorke Pen),ElectraNet TAPR 2024 (S4),medium,,,,,
SA,MN,Mid-North SA,Wattle Point,wind farm,MN (Yorke Pen),Public records (Wattle Point WF),medium,,-35.1103646,137.7058062,OSM,OSM:way/600695695
SA,MN,Mid-North SA,Edithburgh,wind cluster,MN (Yorke Pen),Public records,medium,,,,,
SA,MN,Mid-North SA,Sturt Solar,solar,MN/Adelaide,Public records,medium,,,,,
SA,MN,Mid-North SA,Lake Bonney 1,wind farm,SE-SA (overlap MN),Public records,medium,Belongs to SE-SA,,,,
SA,MN,Mid-North SA,Hallett 1,wind farm,MN (Hallett),Public records,medium,,,,,
SA,MN,Mid-North SA,Hallett 2,wind farm,MN,Public records,medium,,,,,
SA,MN,Mid-North SA,Hallett 4,wind farm,MN,Public records,medium,,,,,
SA,MN,Mid-North SA,Brown Hill,wind farm,MN (Hallett area),Public records,medium,,,,,
SA,MN,Mid-North SA,Bluff,wind farm,MN,Public records,medium,,,,,
SA,MN,Mid-North SA,Snowtown North,wind farm,MN (Snowtown),Public records,medium,,-33.7137242,138.1403002,OSM,OSM:way/600259239
SA,MN,Mid-North SA,Snowtown 2,wind farm,MN,Public records (Snowtown S2 WF),medium,,-33.829941,138.1186772,OSM,OSM:way/600259246
SA,MN,Mid-North SA,Heywood,interconnector,SA-VIC border (Heywood interconnector),Public records,medium,Cross-border,,,,
SA,SE-SA,South-East SA,Yumali,wind farm/BESS,SE-SA,Public records (Yumali WF/BESS),medium,,,,,
SA,SE-SA,South-East SA,Marcollat,energy hub,SE-SA (Limestone Coast),Public records (Marcollat Energy Hub),medium,,,,,
SA,SE-SA,South-East SA,Limestone Coast,region/zone,SE-SA,Public records,medium,,,,,
SA,SE-SA,South-East SA,Pacific Green,energy park,SE-SA (Limestone Coast),Public records (Pacific Green Energy Park),medium,,,,,
SA,SE-SA,South-East SA,Millicent,town/region,SE-SA,Public records,medium,,,,,
SA,SE-SA,South-East SA,Naracoorte,town,SE-SA,Public records,medium,,,,,
SA,SE-SA,South-East SA,Bordertown,town/region,SE-SA,Public records,medium,,,,,
SA,SE-SA,South-East SA,Palmer,wind farm,SE-SA (Mt Lofty),Public records (Palmer WF),medium,,,,,
SA,SE-SA,South-East SA,Harrogate,BESS,SE-SA (Mt Lofty),Public records (Harrogate BESS),medium,,,,,
SA,SE-SA,South-East SA,Mobilong,BESS,SE-SA (Murray Bridge),Public records (Mobilong BESS),medium,,-35.0647022,139.2664441,OSM,OSM:way/172998381
SA,SE-SA,South-East SA,Murray Bridge,town/BESS,SE-SA (Murray Bridge),Public records,medium,,,,,
SA,SE-SA,South-East SA,Lameroo,wind/solar,SE-SA,Public records,medium,,,,,
SA,RIV,Riverland,Markaranka,solar/storage,RIV (Waikerie area),Public records (Markaranka Solar),medium,,,,,
SA,RIV,Riverland,Morgan Solar,solar,RIV/MN border,Public records,medium,,,,,
SA,RIV,Riverland,Pyap,solar,RIV,Public records,medium,,,,,
SA,RIV,Riverland,Waikerie,town,RIV,Public records,medium,,,,,
SA,RIV,Riverland,Barmera,town,RIV,Public records,medium,,,,,
SA,RIV,Riverland,Lyrup,town,RIV,Public records,medium,,,,,
SA,EYR,Eyre Peninsula,Cultana,existing 275 kV,EYR (Spencer Gulf gateway),ElectraNet TAPR 2024 (S8/S9),medium,Gateway to MN via Davenport,-32.9317614,137.5445353,OSM,OSM:way/165154628
SA,EYR,Eyre Peninsula,Yadnarie,existing 132/275 kV,EYR (Eastern Eyre Peninsula),ElectraNet TAPR 2024 (S8/S9),medium,,-33.6895562,136.4006268,OSM,OSM:way/165170273
SA,EYR,Eyre Peninsula,Mount Lock,existing,EYR (eastern Eyre),ElectraNet TAPR 2024,medium,,-33.085922,138.5214471,OSM,OSM:way/544861273
SA,EYR,Eyre Peninsula,Mount Gunson,existing,EYR/MN border (Upper Spencer Gulf),ElectraNet TAPR 2024,medium,,-31.4661684,137.0879472,OSM,OSM:way/170413771
SA,EYR,Eyre Peninsula,Cathedral Rocks,wind farm,EYR (Port Lincoln area),Public records (Cathedral Rocks WF),medium,,,,,
SA,EYR,Eyre Peninsula,Mt Millar,wind farm,EYR (Cowell area),Public records (Mt Millar WF),medium,,,,,
SA,EYR,Eyre Peninsula,Lincoln Gap,wind farm,EYR (Port Augusta area),Public records (Lincoln Gap WF stages 1/2/3),medium,Geographically Upper Spencer Gulf — could be MN,-32.5646124,137.5572035,OSM,OSM:way/719078740
SA,EYR,Eyre Peninsula,Port Augusta,load/region,MN/EYR border (Upper Spencer Gulf),ElectraNet TAPR 2024,medium,Shared MN/EYR — flagged,,,,
SA,EYR,Eyre Peninsula,Port Bonython,hydrogen hub,EYR,ElectraNet TAPR 2024 (Mid North expansion),medium,,,,,
SA,EYR,Eyre Peninsula,Cape Hardy,hydrogen hub,EYR (lower Eyre),ElectraNet TAPR 2024,medium,,,,,
SA,EYR,Eyre Peninsula,Whyalla,load/region,EYR (Upper Spencer Gulf),ElectraNet TAPR 2024,medium,,-33.0096953,137.5766583,OSM,OSM:way/167924823
SA,EYR,Eyre Peninsula,Port Lincoln,load/region,EYR (Lower Eyre),ElectraNet TAPR 2024,medium,,-34.6995292,135.8047141,OSM,OSM:way/165169360
SA,EYR,Eyre Peninsula,Cowell,town,EYR (Eastern Eyre),Public records,medium,,,,,
SA,EYR,Eyre Peninsula,Tumby Bay,town,EYR (Lower Eyre),Public records,medium,,,,,
SA,EYR,Eyre Peninsula,Wudinna,town/wind,EYR (Western Eyre),Public records,medium,,-33.0524115,135.4524743,OSM,OSM:way/598457555
SA,EYR,Eyre Peninsula,Streaky Bay,town/wind,EYR (Western Eyre),Public records,medium,,,,,
SA,EYR,Eyre Peninsula,Ceduna,town/wind/solar,EYR (Far West Eyre),Public records (Ceduna SF/WF/BESS),medium,,,,,
SA,EYR,Eyre Peninsula,Eyre Peninsula,region,EYR (S8/S9 REZ scope),ElectraNet TAPR 2024 (S8/S9),medium,,,,,
SA,EYR,Eyre Peninsula,Eastern Eyre,region,EYR (S8),ElectraNet TAPR 2024 (S8),medium,,,,,
SA,EYR,Eyre Peninsula,Western Eyre,region,EYR (S9),ElectraNet TAPR 2024 (S9),medium,,,,,
SA,EYR,Eyre Peninsula,Davenport,existing 275 kV,MN/EYR gateway (Port Augusta area),ElectraNet TAPR 2024 (S8),medium,Keep in MN — gateway only,-32.5362576,137.8127486,OSM,OSM:way/164764363
SA,EYR,Eyre Peninsula,Emeroo,BESS,EYR (Upper Spencer Gulf),Public records (Emeroo BESS),medium,,-32.4144893,137.8478121,OSM,OSM:way/752846574
SA,EYR,Eyre Peninsula,Port Paterson,BESS,EYR/MN,Public records,medium,,,,,
SA,EYR,Eyre Peninsula,Barn Hill,solar/BESS,EYR (lower Eyre),Public records (Barn Hill SF/BESS),medium,Geographically Lyndhurst — could be MN; flagged,,,,
NSW,CWO,Central-West Orana,Wallerawang,BESS/coal site,CWO/Central West (Lithgow),Public records (Wallerawang 9 BESS),medium,,-33.40642,150.0808264,OSM,OSM:way/170294651
NSW,CWO,Central-West Orana,Hargraves,wind farm/BESS,CWO (Mudgee area),Public records (Hargraves WF/BESS),medium,,-33.9265953,151.18117,OSM,OSM:way/1308545536
NSW,CWO,Central-West Orana,Mullion Creek,wind farm,CWO (Orange area),Public records (Mullion Creek WF),medium,,,,,
NSW,CWO,Central-West Orana,Mandurama,wind farm,CWO (Orange area),Public records (Mandurama WF),medium,,-33.9265953,151.18117,OSM,OSM:way/1308545536
NSW,CWO,Central-West Orana,Stubbo,solar farm,CWO (Gulgong area),Public records (Stubbo SF),medium,,,,,
NSW,CWO,Central-West Orana,Oxley,solar farm,CWO (north of Mudgee),Public records,medium,,-31.0669787,150.9040392,OSM,OSM:way/366658219
NSW,CWO,Central-West Orana,Maxwell Downs,solar,CWO/Upper Hunter border,Public records (Maxwell Downs SF),medium,Could be HCC,-33.9265953,151.18117,OSM,OSM:way/1308545536
NSW,CWO,Central-West Orana,Maxwell,solar,CWO,Public records,medium,,-33.9265953,151.18117,OSM,OSM:way/1308545536
NSW,CWO,Central-West Orana,Yarrabee Solar,solar,CWO/HCC border,Public records (Yarrabee Solar),medium,Border,-33.9265953,151.18117,OSM,OSM:way/1308545536
NSW,CWO,Central-West Orana,Tallawang Solar,solar/BESS,CWO,Public records,medium,,-33.9265953,151.18117,OSM,OSM:way/1308545536
NSW,CWO,Central-West Orana,Orange,town/region,CWO (Central West),Public records,medium,,-33.2744151,149.1085664,OSM,OSM:way/477585591
NSW,CWO,Central-West Orana,Lithgow,town/region,CWO/Central West,Public records,medium,,-33.4826484,150.1415958,OSM,OSM:way/932339413
NSW,CWO,Central-West Orana,Cudgegong,river/region,CWO,Public records,medium,,,,,
NSW,CWO,Central-West Orana,Goulburn River Solar,solar/BESS,CWO (Bylong),Public records,medium,,-33.9265953,151.18117,OSM,OSM:way/1308545536
NSW,NEW,New England,Oven Mountain,pumped storage,NEW (Walcha area),Public records (Oven Mountain PHES),medium,,-33.9265953,151.18117,OSM,OSM:way/1308545536
NSW,NEW,New England,Dungowan,PHES,NEW (Tamworth area),Public records (Dungowan 3000 MWH PHES),medium,,-33.9265953,151.18117,OSM,OSM:way/1308545536
NSW,NEW,New England,Tilbuster,solar farm,NEW (Armidale area),Public records (Tilbuster SF),medium,,,,,
NSW,NEW,New England,Thunderbolt,wind farm,NEW (Uralla area),Public records (Thunderbolt WF),medium,,,,,
NSW,NEW,New England,Salisbury,solar/BESS,NEW (Liverpool Plains),Public records (Salisbury Solar/BESS),medium,,-33.9265953,151.18117,OSM,OSM:way/1308545536
NSW,NEW,New England,Aquila,wind,NEW (New England area),Public records (Aquila Wind),medium,,-33.9265953,151.18117,OSM,OSM:way/1308545536
NSW,NEW,New England,Juno,wind farm,NEW,Public records (Juno WF),medium,,,,,
NSW,NEW,New England,Glenbawn Pumped Hydro,pumped hydro,Upper Hunter (HCC),Public records,medium,Could be HCC,-33.9265953,151.18117,OSM,OSM:way/1308545536
NSW,NEW,New England,Phoenix Pumped Hydro,pumped hydro,NEW (Walcha-Armidale area),Public records (Phoenix PHES),medium,,,,,
NSW,NEW,New England,Bendemeer Solar,solar,NEW (Tamworth area),Public records,medium,,-33.9265953,151.18117,OSM,OSM:way/1308545536
NSW,NEW,New England,Ruby Hills,wind farm,NEW/CWO border,Public records (Ruby Hills North/South WF),medium,Border — flagged,,,,
NSW,NEW,New England,Jeremiah,wind farm,NEW/HCC border,Public records (Jeremiah WF),medium,Border,-33.9265953,151.18117,OSM,OSM:way/1308545536
NSW,HCC,Hunter-Central Coast,Glennis Creek,pumped hydro,Upper Hunter (Singleton),Public records (Glennis Creek PHES — variant),medium,,,,,
NSW,HCC,Hunter-Central Coast,Bowmans Creek,wind farm,HCC (Singleton area),Public records (Bowmans Creek WF),medium,,-33.9265953,151.18117,OSM,OSM:way/1308545536
NSW,HCC,Hunter-Central Coast,Sandy Point,hybrid,Hunter coast,Public records (Sandy Point Hybrid),medium,,-33.9265953,151.18117,OSM,OSM:way/1308545536
NSW,HCC,Hunter-Central Coast,Maxwell,solar/coal site,Upper Hunter,Public records (Maxwell),medium,Could be CWO,-33.9265953,151.18117,OSM,OSM:way/1308545536
NSW,HCC,Hunter-Central Coast,Shoalhaven,pumped hydro/expansion,Illawarra/South Coast,Public records,medium,Closer to ILW — review,-34.89067,150.5922584,OSM,OSM:way/267376698
NSW,ILW,Illawarra,Canyonleigh,BESS,Southern Highlands (ILW),Public records (Canyonleigh BESS),medium,,-33.9265953,151.18117,OSM,OSM:way/1308545536
NSW,ILW,Illawarra,Shoalhaven Expansion,pumped hydro,ILW/South Coast,Public records (Shoalhaven PHES),medium,,-33.9265953,151.18117,OSM,OSM:way/1308545536
NSW,ILW,Illawarra,Williamsdale,BESS,ACT/Southern Tableland,Public records,medium,Border — ACT/SW-NSW,-35.5853267,149.1333657,OSM,OSM:way/232109241
NSW,SW-NSW,South West NSW,Baldon,wind farm,SW-NSW (Hay area),Public records (Baldon WF),medium,,-33.9265953,151.18117,OSM,OSM:way/1308545536
NSW,SW-NSW,South West NSW,Nonowie,wind farm,SW-NSW (Hay-Balranald area),Public records (Nonowie WF),medium,,,,,
NSW,SW-NSW,South West NSW,Kerrawary,power station,SW-NSW (Riverina),Public records (Kerrawary PS),medium,,-33.9265953,151.18117,OSM,OSM:way/1308545536
NSW,SW-NSW,South West NSW,Great Western,battery,SW-NSW (Wagga area),Public records (Great Western Battery),medium,,-33.9265953,151.18117,OSM,OSM:way/1308545536
NSW,SW-NSW,South West NSW,NSW Gas Peaker,OCGT,SW-NSW (Riverina gas),Public records,medium,,-33.9265953,151.18117,OSM,OSM:way/1308545536
NSW,SW-NSW,South West NSW,Central Para,wind farm,SW-NSW (Goulburn area),Public records (Central Para WF),medium,,-33.9265953,151.18117,OSM,OSM:way/1308545536
NSW,SW-NSW,South West NSW,Swallow Tail,BESS,SW-NSW,Public records (Swallow Tail BESS),medium,,-33.9265953,151.18117,OSM,OSM:way/1308545536
NSW,SW-NSW,South West NSW,Euston,wind farm,SW-NSW (Murray border),Public records (Euston WF),medium,,,,,
NSW,SW-NSW,South West NSW,Bushranger,hybrid,SW-NSW (Yass area),Public records (Bushranger Hybrid Facility),medium,,-33.9265953,151.18117,OSM,OSM:way/1308545536
NSW,SW-NSW,South West NSW,Sandigo,solar farm,SW-NSW (Riverina),Public records (Sandigo SF),medium,,-33.9265953,151.18117,OSM,OSM:way/1308545536
NSW,SW-NSW,South West NSW,Koorakee,wind farm,SW-NSW (Far West),Public records (Koorakee WF),medium,,-33.9265953,151.18117,OSM,OSM:way/1308545536
NSW,SW-NSW,South West NSW,Coppabella,wind farm,SW-NSW (Yass-Crookwell area),Public records (Coppabella WF),medium,,-33.9265953,151.18117,OSM,OSM:way/1308545536
NSW,SW-NSW,South West NSW,Paling Yards,wind farm,SW-NSW (Crookwell area),Public records (Paling Yards WF),medium,,-33.9265953,151.18117,OSM,OSM:way/1308545536
NSW,SW-NSW,South West NSW,Lerida,BESS/solar,SW-NSW (Goulburn area),Public records (Lerida BESS/SF),medium,,-33.9265953,151.18117,OSM,OSM:way/1308545536
NSW,SW-NSW,South West NSW,Woodland,BESS,SW-NSW (Yass area),Public records,medium,,-33.9265953,151.18117,OSM,OSM:way/1308545536
NSW,SW-NSW,South West NSW,Kingswood,BESS,SW-NSW,Public records,medium,,-33.7673977,150.7081847,OSM,OSM:way/403224853
NSW,SW-NSW,South West NSW,Collector,town/wind farm,SW-NSW (Collector WF area),Public records (Collector),medium,,-34.5508991,148.95544,OSM,OSM:way/1149179082
NSW,SW-NSW,South West NSW,Rollsville,hybrid,SW-NSW (Crookwell area),Public records (Rollsville Hybrid),medium,,,,,
NSW,SW-NSW,South West NSW,Silver City,energy storage,SW-NSW (Broken Hill),Public records (Silver City ESS),medium,,,,,
NSW,SW-NSW,South West NSW,Yambla Range,wind farm,SW-NSW (Albury area),Public records (Yambla Range WF),medium,,-33.9265953,151.18117,OSM,OSM:way/1308545536
NSW,SW-NSW,South West NSW,Limondale,solar farm,SW-NSW (Balranald area),Public records (Limondale SF),medium,,-33.9265953,151.18117,OSM,OSM:way/1308545536
NSW,SW-NSW,South West NSW,Sunraysia,solar farm,SW-NSW (Buronga area),Public records (Sunraysia SF),medium,,-33.9265953,151.18117,OSM,OSM:way/1308545536
NSW,SW-NSW,South West NSW,Conroys Gap,wind farm,SW-NSW (Yass area),Public records (Conroys Gap WF),medium,,-33.9265953,151.18117,OSM,OSM:way/1308545536
NSW,SW-NSW,South West NSW,Hawkesdale,wind farm,SW-NSW,Public records,medium,Could be SW-VIC,-33.9265953,151.18117,OSM,OSM:way/1308545536
NSW,SW-NSW,South West NSW,Mullion,wind farm,SW-NSW (Crookwell area),Public records,medium,,,,,
VIC,WV,Western Victoria,Waubra,wind farm,WV (Ballarat area),Public records (Waubra WF/BESS),medium,,-37.355738,143.6061385,OSM,OSM:way/193910534
VIC,WV,Western Victoria,Puzzle Range,wind farm,WV (Pyrenees Ranges),Public records (Puzzle Range WF),medium,,,,,
VIC,WV,Western Victoria,Mt Doran,BESS,WV (Ballarat area),Public records (Mt Doran BESS),medium,,,,,
VIC,WV,Western Victoria,Yendon,wind farm,WV (Ballarat area),Public records (Yendon WF),medium,,,,,
VIC,WV,Western Victoria,SEC Renewable Energy Hub,renewable hub,WV (Horsham area),Public records,medium,,,,,
VIC,WV,Western Victoria,SEC ,renewable hub,WV (general SEC hub),Public records,medium,Note trailing space — KCI naming,,,,
VIC,WV,Western Victoria,Willowvale,solar farm,WV,Public records,medium,,,,,
VIC,WV,Western Victoria,Halys,BESS,WV (X-Elio),Public records (Halys BESS X-Elio),medium,,,,,
VIC,WV,Western Victoria,Salt Creek Wind Farm,wind farm,WV/SW-VIC,Public records,medium,,-37.9307185,142.7735241,OSM,OSM:way/804577230
VIC,CN-VIC,Central North Victoria,Doreen,BESS,Melbourne outer NE,Public records (Doreen BESS),medium,Load-area — flag,-37.6068804,145.1333854,OSM,OSM:way/96192667
VIC,CN-VIC,Central North Victoria,Wollert,gas turbine,Melbourne outer N,Public records (Wollert GT),medium,Load-area,,,,
VIC,CN-VIC,Central North Victoria,Everleigh,solar/BESS,CN-VIC (Riddells Creek area),Public records,medium,,,,,
VIC,CN-VIC,Central North Victoria,LYA,BESS,GIP (Loy Yang A — should be GIP),Public records,medium,Should be GIP — review,,,,
VIC,CN-VIC,Central North Victoria,Muskerry,solar,CN-VIC (Bendigo area),Public records (Muskerry SF),medium,,,,,
VIC,CN-VIC,Central North Victoria,Winton,energy reserve/BESS,CN-VIC (Benalla area),Public records (Winton Energy/BESS),medium,,,,,
VIC,CN-VIC,Central North Victoria,Dartmouth,hydro,CN-VIC/Ovens Murray (Hume),Public records (Dartmouth Hydro),medium,,-36.5564936,147.5207721,OSM,OSM:way/1226453986
VIC,CN-VIC,Central North Victoria,Koorangie,BESS/ESS,MR (Kerang area),Public records (Koorangie ESS),medium,Actually MR — Kerang area,,,,
VIC,CN-VIC,Central North Victoria,Meadow Creek,solar,CN-VIC (King Valley),Public records,medium,,,,,
VIC,CN-VIC,Central North Victoria,Moonah,solar,CN-VIC,Public records,medium,,,,,
VIC,CN-VIC,Central North Victoria,Springvale,energy hub,CN-VIC (Bendigo area),Public records (Springvale Energy Hub),medium,,-37.9281711,145.1460353,OSM,OSM:way/134534513
VIC,CN-VIC,Central North Victoria,Fosterville,solar/BESS,CN-VIC (Bendigo area),Public records (Fosterville SF/BESS),medium,,-36.7382546,144.5106218,OSM,OSM:way/173566563
VIC,CN-VIC,Central North Victoria,Wunghnu,solar,CN-VIC (Shepparton),Public records,medium,,,,,
VIC,CN-VIC,Central North Victoria,Girgarre,solar,CN-VIC (Shepparton),Public records,medium,,,,,
VIC,CN-VIC,Central North Victoria,Grahamvale,BESS,CN-VIC (Shepparton),Public records,medium,,,,,
VIC,CN-VIC,Central North Victoria,Normanville,energy park,CN-VIC (Bendigo area),Public records (Normanville),medium,,,,,
VIC,SW-VIC,South-West Victoria,Mount Fyans,wind farm,SW-VIC,Public records,medium,,-37.7975955,144.9817784,OSM,OSM:way/993199622
VIC,SW-VIC,South-West Victoria,Watta Wella,wind/PS,SW-VIC,Public records (Watta Wella WF/PS),medium,,,,,
VIC,SW-VIC,South-West Victoria,Moreton Hill,wind farm,SW-VIC,Public records (Moreton Hill WF),medium,,,,,
VIC,SW-VIC,South-West Victoria,Nyaninyuk,wind farm,SW-VIC (Hamilton area),Public records (Nyaninyuk WF),medium,,,,,
VIC,SW-VIC,South-West Victoria,Victorian Big Battery,BESS,SW-VIC (Geelong),Public records (VBB),medium,,,,,
VIC,SW-VIC,South-West Victoria,Golden Plains,wind farm/BESS,SW-VIC (Rokewood),Public records (Golden Plains WF East/West/BESS),medium,,,,,
VIC,SW-VIC,South-West Victoria,Terang,BESS,SW-VIC,Public records,medium,,-38.2330795,142.9323139,OSM,OSM:way/156598151
VIC,SW-VIC,South-West Victoria,Mt Gellibrand,wind farm,SW-VIC (Colac area),Public records (Mt Gellibrand WF),medium,,,,,
VIC,SW-VIC,South-West Victoria,Hawkesdale,wind farm,SW-VIC (Hamilton area),Public records (Hawkesdale WF),medium,,,,,
VIC,SW-VIC,South-West Victoria,Inverleigh,wind farm,SW-VIC (Geelong area),Public records (Inverleigh WF),medium,,,,,
VIC,SW-VIC,South-West Victoria,Yaloak,wind farm,SW-VIC,Public records (Yaloak South WF),medium,,-37.7281892,144.2406618,OSM,OSM:way/751747663
VIC,GIP,Gippsland,Delburn,wind farm,GIP (Strzelecki Ranges),Public records (Delburn WF),medium,,,,,
VIC,GIP,Gippsland,North Yarragon,BESS,GIP,Public records (North Yarragon BESS),medium,,,,,
VIC,GIP,Gippsland,LYA,Loy Yang A BESS,GIP (Loy Yang),Public records,medium,,,,,
VIC,GIP,Gippsland,Fulham,solar/BESS,GIP (Sale area),Public records (Fulham SF/BESS),medium,,-37.7975955,144.9817784,OSM,OSM:way/993199622
VIC,GIP,Gippsland,Bennetts Creek,BESS,GIP,Public records,medium,,,,,
VIC,MR,Murray River,Koorangie,ESS/BESS,MR (Kerang area),Public records (Koorangie ESS),medium,,,,,
VIC,MR,Murray River,Malunga Nine Mile,BESS,MR/CN-VIC border,Public records (Malunga Nine Mile BESS),medium,,,,,
SA,MN,Mid-North SA,Yoorndoo Ilga,solar,MN (north of Adelaide),Public records (Yoorndoo Ilga SF — KCI),medium,,,,,
SA,MN,Mid-North SA,Lionsgate,battery,MN/Adelaide,Public records (Lionsgate Battery),medium,Load-area,,,,
SA,MN,Mid-North SA,Kingfisher,solar/storage,MN (Mid-North),Public records (Kingfisher Solar Storage),medium,,,,,
SA,MN,Mid-North SA,Blacktop,BESS,MN,Public records (Blacktop BESS — KCI),medium,,,,,
SA,MN,Mid-North SA,Port Stanvac,existing power,Adelaide,Public records (Port Stanvac 1),medium,Load-area,-35.1088511,138.4898462,OSM,OSM:way/602733888
SA,MN,Mid-North SA,Dry Creek,GT,Adelaide,Public records (Dry Creek GT),medium,Load-area,,,,
SA,MN,Mid-North SA,Penfield,BESS,Adelaide,Public records (Penfield BESS),medium,Load-area,,,,
SA,MN,Mid-North SA,Direk,BESS,Adelaide,Public records (Direk BESS),medium,Load-area,,,,
SA,MN,Mid-North SA,Wingfield,BESS,Adelaide,Public records (Wingfield 1/2),medium,Load-area,,,,
SA,MN,Mid-North SA,Happy Valley,reservoir,Adelaide,Public records,medium,Load-area,-35.0519831,138.5766776,OSM,OSM:way/172867383
SA,MN,Mid-North SA,Kincraig,BESS,Adelaide,Public records,medium,Load-area,-36.964985,140.6879679,OSM,OSM:way/164764211
SA,MN,Mid-North SA,Christies Beach,wastewater,Adelaide,Public records,medium,Load-area,,,,
SA,MN,Mid-North SA,Goyder North,wind/BESS hub,MN (Goyder area),Public records (Goyder North RE Facility),medium,,,,,
SA,MN,Mid-North SA,Goyder South,wind farm hub,MN,Public records (Goyder South WF 1A/1B),medium,,,,,
SA,EYR,Eyre Peninsula,Aurora Solar,concentrated solar,EYR/MN border (Port Augusta),Public records (Aurora SEP — Vast Solar),medium,Could be MN,,,,
SA,EYR,Eyre Peninsula,Vast Solar,concentrated solar,EYR (Port Augusta area),Public records,medium,,,,,
SA,EYR,Eyre Peninsula,Yoorndoo Ilga,solar,EYR border,Public records,medium,Could be MN,,,,
SA,SE-SA,South-East SA,Ladbroke Grove,gas station,SE-SA (Mt Gambier),Public records (Ladbroke Grove),medium,,,,,
SA,SE-SA,South-East SA,Starfish Hill,wind farm,SE-SA (Cape Jervis),Public records (Starfish Hill WF),medium,,,,,
SA,SE-SA,South-East SA,Dalrymple,BESS,MN/SE-SA border (Yorke Pen),Public records (Dalrymple BESS),medium,Yorke Pen — could be MN,-34.9360163,137.7442188,OSM,OSM:way/600670369
SA,RIV,Riverland,Morgan Long Duration,LDES,RIV (Morgan area),Public records (Morgan LDES — KCI),medium,,,,,
SA,RIV,Riverland,Morgan Battery,BESS,RIV/MN border (Morgan),Public records (Morgan Battery),medium,,,,,
NSW,CWO,Central-West Orana,Ben Bullen,BESS,CWO (Lithgow area),Public records (Ben Bullen BESS),medium,,,,,
NSW,CWO,Central-West Orana,Mount Lambie,wind farm,CWO (Lithgow area),Public records (Mount Lambie WF),medium,,-33.9265953,151.18117,OSM,OSM:way/1308545536
NSW,CWO,Central-West Orana,Maryvale,solar/ESS,CWO (Wellington area),Public records (Maryvale SF/ESS),medium,,-33.9265953,151.18117,OSM,OSM:way/1308545536
NSW,CWO,Central-West Orana,Molong,BESS,CWO (Orange area),Public records (Molong BESS — KCI),medium,,-33.0869151,148.8988911,OSM,OSM:way/173553203
NSW,CWO,Central-West Orana,Suntop,solar farm,CWO (Wellington area),Public records (Suntop SF),medium,,,,,
NSW,CWO,Central-West Orana,Boree,solar project,CWO (Orange area),Public records (Boree SP),medium,,,,,
NSW,CWO,Central-West Orana,Flyers Creek,wind farm,CWO (Orange area),Public records (Flyers Creek WF),medium,,,,,
NSW,CWO,Central-West Orana,Crudine Ridge,wind farm,CWO (Mudgee),Public records (Crudine Ridge WF),medium,,,,,
NSW,CWO,Central-West Orana,Daroobalgie,solar farm,CWO (Parkes/Forbes),Public records (Daroobalgie SF),medium,,-33.9265953,151.18117,OSM,OSM:way/1308545536
NSW,CWO,Central-West Orana,Nevertire,solar farm,CWO (Nyngan area),Public records (Nevertire SF),medium,,,,,
NSW,CWO,Central-West Orana,Parkes,town/region,CWO (Parkes-Forbes),Public records,medium,,-33.1028483,148.0749547,OSM,OSM:way/173554767
NSW,CWO,Central-West Orana,Forbes,town,CWO,Public records,medium,,-33.3653095,148.0195542,OSM,OSM:way/480673880
NSW,CWO,Central-West Orana,Stratford,renewable hub,CWO,Public records,medium,Stratford typo coverage,-33.9265953,151.18117,OSM,OSM:way/1308545536
NSW,CWO,Central-West Orana,Strafford,typo of Stratford,Upper Hunter,Public records,medium,Typo coverage,-33.9265953,151.18117,OSM,OSM:way/1308545536
NSW,NEW,New England,Nottingham Park,solar farm,NEW (Liverpool Plains),Public records (Nottingham Park SF),medium,,-33.9265953,151.18117,OSM,OSM:way/1308545536
NSW,NEW,New England,Calala,BESS,NEW (Tamworth),Public records (Calala BESS — CABESS2),medium,,-33.9265953,151.18117,OSM,OSM:way/1308545536
NSW,NEW,New England,Texas,solar/BESS,NEW/QLD border (Texas),Public records (Texas SF/BESS),medium,,-28.8633912,151.1858489,OSM,OSM:way/366252364
NSW,NEW,New England,Deepwater,solar/BESS,NEW (Glen Innes area),Public records (Deepwater SF/BESS),medium,,-33.9265953,151.18117,OSM,OSM:way/1308545536
NSW,NEW,New England,Silverleaf,solar farm,NEW (Tamworth area),Public records (Silverleaf SF — KCI),medium,,-33.9265953,151.18117,OSM,OSM:way/1308545536
NSW,NEW,New England,Rangoon,wind farm,NEW (Glen Innes),Public records (Rangoon WF),medium,,-33.9265953,151.18117,OSM,OSM:way/1308545536
NSW,NEW,New England,Tabulam,solar/BESS,NEW (Tenterfield area),Public records (Tabulam SF/BESS),medium,North Coast — could be unclassified,-33.9265953,151.18117,OSM,OSM:way/1308545536
NSW,NEW,New England,Comet Park,BESS,NEW,Public records (Comet Park BESS — KCI),medium,,-33.9265953,151.18117,OSM,OSM:way/1308545536
NSW,NEW,New England,Granite Hills,wind farm,NEW (Glen Innes area),Public records (Granite Hills WF),medium,,-33.9265953,151.18117,OSM,OSM:way/1308545536
NSW,NEW,New England,Ridgey Creek,BESS,NEW (Liverpool Plains),Public records,medium,,,,,
NSW,HCC,Hunter-Central Coast,Colongra,existing gas,Central Coast (HCC),Public records (Colongra GT),medium,,-33.9265953,151.18117,OSM,OSM:way/1308545536
NSW,HCC,Hunter-Central Coast,Redbank,existing coal/BESS,Upper Hunter (Singleton),Public records (Redbank PS),medium,,-33.9265953,151.18117,OSM,OSM:way/1308545536
NSW,HCC,Hunter-Central Coast,Burgmanns,BESS,HCC,Public records (Burgmanns BESS),medium,,-33.9265953,151.18117,OSM,OSM:way/1308545536
NSW,HCC,Hunter-Central Coast,Glennies,creek/PHES,HCC (Singleton),Public records,medium,,,,,
NSW,HCC,Hunter-Central Coast,Wallaroo Hunter,cluster,HCC,Public records,medium,,-33.9265953,151.18117,OSM,OSM:way/1308545536
NSW,ILW,Illawarra,Capital,wind/BESS,ACT/Southern Tableland (Bungendore),Public records (Capital WF/Battery),medium,Bungendore — could be SW-NSW; mapping to ILW per Yass/Goulburn corridor,-35.187485,149.5235012,OSM,OSM:way/164280399
NSW,ILW,Illawarra,Capital Wind Farm,wind farm,ACT border (Bungendore),Public records,medium,Could be SW-NSW,-33.9265953,151.18117,OSM,OSM:way/1308545536
NSW,SW-NSW,South West NSW,Silverton,wind farm,Far West (Broken Hill),Public records (Silverton WF),medium,,,,,
NSW,SW-NSW,South West NSW,Uranquinty,existing gas,SW-NSW (Wagga area),Public records (Uranquinty PS),medium,,-35.2020298,147.2446056,OSM,OSM:way/588873006
NSW,SW-NSW,South West NSW,Murrumburrah,BESS,SW-NSW (Harden area),Public records (Murrumburrah BESS),medium,,-34.5417252,148.3131955,OSM,OSM:way/363077936
NSW,SW-NSW,South West NSW,Walla Walla,solar farm,SW-NSW (Albury area),Public records (Walla Walla SF),medium,,-33.9265953,151.18117,OSM,OSM:way/1308545536
NSW,SW-NSW,South West NSW,Glenellen,solar farm,SW-NSW (Albury area),Public records (Glenellen SF),medium,,,,,
NSW,SW-NSW,South West NSW,Bomen,solar farm,SW-NSW (Wagga),Public records (Bomen SF),medium,,-35.0742868,147.4074076,OSM,OSM:way/590386278
NSW,SW-NSW,South West NSW,Gerogery,solar/BESS,SW-NSW (Albury area),Public records (Gerogery SF/BESS),medium,,,,,
NSW,SW-NSW,South West NSW,Mangoplah,BESS,SW-NSW (Wagga area),Public records (Mangoplah BESS — KCI),medium,,-33.9265953,151.18117,OSM,OSM:way/1308545536
NSW,SW-NSW,South West NSW,McMahons Reef,solar farm,SW-NSW (Yass area),Public records (McMahons Reef SF),medium,,-33.9265953,151.18117,OSM,OSM:way/1308545536
NSW,SW-NSW,South West NSW,Stoney Creek,BESS,SW-NSW,Public records (Stoney Creek BESS),medium,,,,,
NSW,SW-NSW,South West NSW,Deniliquin,BESS,SW-NSW (Riverina),Public records (Deniliquin BESS — KCI),medium,,-35.5570297,145.0312935,OSM,OSM:way/579600588
NSW,SW-NSW,South West NSW,Hillston,solar farm,SW-NSW (Lachlan),Public records (Hillston Sun Farm),medium,,-33.5159917,145.5298033,OSM,OSM:way/583092827
NSW,SW-NSW,South West NSW,West Wyalong,solar farm,SW-NSW (Wyalong),Public records (West Wyalong SF),medium,,-33.9308992,147.2292018,OSM,OSM:way/596959431
NSW,SW-NSW,South West NSW,Nyngan,solar plant,CWO/SW-NSW border (Nyngan),Public records (Nyngan Solar Plant),medium,Could be CWO,-33.9265953,151.18117,OSM,OSM:way/1308545536
NSW,SW-NSW,South West NSW,Lachlan,region,SW-NSW (Lower Lachlan),AEMO ISP A3 N5,medium,,-33.9265953,151.18117,OSM,OSM:way/1308545536
NSW,SW-NSW,South West NSW,Wyalong,town,SW-NSW,Public records,medium,,-33.9308992,147.2292018,OSM,OSM:way/596959431
NSW,SW-NSW,South West NSW,Emu Park,solar/BESS,SW-NSW (Riverina),Public records (Emu Park SF/BESS),medium,Possibly different — review,-33.9265953,151.18117,OSM,OSM:way/1308545536
VIC,CN-VIC,Central North Victoria,West Kiewa,hydro,CN-VIC (Kiewa Valley),Public records (West Kiewa Hydro),medium,,-36.7599953,147.1856188,OSM,OSM:way/1226453353
VIC,CN-VIC,Central North Victoria,Mokoan,solar farm,CN-VIC (Benalla),Public records (Mokoan SF — LightsourceBP / West Mokoan SF),medium,,,,,
VIC,CN-VIC,Central North Victoria,Yarrawonga,existing,CN-VIC/MR border (Murray),Public records,medium,,,,,
VIC,CN-VIC,Central North Victoria,Ravenswood,solar/BESS,CN-VIC (Bendigo area),Public records (Ravenswood SF/BESS),medium,,,,,
VIC,CN-VIC,Central North Victoria,Frasers,solar farm,CN-VIC,Public records (Frasers SF),medium,,-37.7975955,144.9817784,OSM,OSM:way/993199622
VIC,CN-VIC,Central North Victoria,Lancaster,solar farm,CN-VIC (Tatura area),Public records (Lancaster SF),medium,,,,,
VIC,CN-VIC,Central North Victoria,William Hovel,hydro,CN-VIC (King Valley),Public records,medium,,,,,
VIC,CN-VIC,Central North Victoria,Mt Lyon,wind farm,CN-VIC,Public records,medium,,,,,
VIC,WV,Western Victoria,Oaklands Hill,wind farm,WV (Glenthompson area),Public records (Oaklands Hill WF),medium,,-37.6815257,142.5523844,OSM,OSM:way/371474398
VIC,WV,Western Victoria,Kiata,wind farm,WV (Wimmera),Public records (Kiata WF),medium,,,,,
VIC,WV,Western Victoria,Wombelano,wind farm,WV,Public records (Wombelano WF),medium,,,,,
VIC,WV,Western Victoria,Diapur,wind farm,WV (Wimmera),Public records (Diapur WF),medium,,,,,
VIC,WV,Western Victoria,Ferguson,wind farm,WV (Crowlands area),Public records (Ferguson WF),medium,,-37.7975955,144.9817784,OSM,OSM:way/993199622
VIC,WV,Western Victoria,Maroona,wind farm,WV (Ararat area),Public records (Maroona WF),medium,,,,,
VIC,WV,Western Victoria,Leonards Hill,wind/hydro,WV (Daylesford),Public records,medium,,,,,
VIC,WV,Western Victoria,Daylesford,region,WV,Public records,medium,,-37.7975955,144.9817784,OSM,OSM:way/993199622
VIC,WV,Western Victoria,Yawong,wind farm,WV/MR border,Public records (Yawong WF),medium,,,,,
VIC,WV,Western Victoria,Toolern Vale,solar/BESS,WV (Sunbury area),Public records (Toolern Vale SF/BESS),medium,Border with Melbourne — load area,,,,
VIC,WV,Western Victoria,Coonooer Bridge,wind farm,WV/MR border (Wycheproof),Public records (Coonooer Bridge WF),medium,,,,,
VIC,SW-VIC,South-West Victoria,Woolsthorpe,wind farm,SW-VIC,Public records (Woolsthorpe WF),medium,,,,,
VIC,SW-VIC,South-West Victoria,Mortons Lane,wind farm,SW-VIC,Public records (Mortons Lane WF),medium,,-37.8352478,142.466089,OSM,OSM:way/522764966
VIC,SW-VIC,South-West Victoria,Timboon West,wind farm,SW-VIC,Public records (Timboon West WF),medium,,,,,
VIC,GIP,Gippsland,Valley Power,existing gas,GIP (Latrobe),Public records (Valley Power PS),medium,,,,,
VIC,GIP,Gippsland,Glenmaggie,hydro,GIP (Macalister scheme),Public records (Glenmaggie Hydro),medium,,,,,
VIC,GIP,Gippsland,Philip Island,BESS,GIP coast,Public records (Phillip Island BESS),medium,,,,,
VIC,MR,Murray River,Gannawarra,solar/storage,MR (Kerang area),Public records (Gannawarra SF/ESS),medium,,,,,
VIC,MR,Murray River,Cohuna,solar farm,MR (Kerang area),Public records (Cohuna SF),medium,,-35.8801744,144.2194392,OSM,OSM:way/507948094
VIC,MR,Murray River,Rifle Butts,wind farm,MR/WV border,Public records (Rifle Butts WF),medium,,-37.7975955,144.9817784,OSM,OSM:way/993199622
SA,SE-SA,South-East SA,Mount Lofty,region,SE-SA (Mt Lofty),Public records,medium,,,,,
NSW,CWO,Central-West Orana,Brewongle,solar farm,CWO (Bathurst area),Public records,medium,,,,,
NSW,CWO,Central-West Orana,Glanmire,solar farm,CWO (Bathurst),Public records,medium,,-33.9265953,151.18117,OSM,OSM:way/1308545536
NSW,CWO,Central-West Orana,Burroway,BESS,CWO (Dubbo),Public records,medium,,-33.9265953,151.18117,OSM,OSM:way/1308545536
NSW,CWO,Central-West Orana,Goonumbla,solar farm,CWO (Parkes area),Public records,medium,,-33.9265953,151.18117,OSM,OSM:way/1308545536
NSW,CWO,Central-West Orana,Manildra,solar farm,CWO (Orange area),Public records,medium,,-33.1798688,148.7168847,OSM,OSM:way/480673879
NSW,CWO,Central-West Orana,Jemalong,solar farm,CWO (Forbes area),Public records,medium,,-33.3791362,147.6625442,OSM,OSM:way/934627402
NSW,CWO,Central-West Orana,Narromine,solar farm,CWO (Dubbo area),Public records,medium,,-32.2360305,148.2468454,OSM,OSM:way/587773634
NSW,CWO,Central-West Orana,Dubbo,town/region,CWO,Public records,medium,,-32.2693761,148.6297235,OSM,OSM:way/173401274
NSW,CWO,Central-West Orana,Wyangala,pumped hydro,CWO/SW-NSW (Cowra),Public records,medium,,-33.9265953,151.18117,OSM,OSM:way/1308545536
NSW,CWO,Central-West Orana,Bathurst,town/region,CWO,Public records,medium,,-33.9265953,151.18117,OSM,OSM:way/1308545536
NSW,CWO,Central-West Orana,Midwest,solar/BESS,CWO (Central West),Public records,medium,,,,,
NSW,NEW,New England,Maules Creek,solar/BESS,NEW (Boggabri area),Public records,medium,,-33.9265953,151.18117,OSM,OSM:way/1308545536
NSW,NEW,New England,Bonshaw,solar farm,NEW (Inverell area),Public records,medium,,-33.9265953,151.18117,OSM,OSM:way/1308545536
NSW,NEW,New England,Ebor,BESS,NEW (Dorrigo area),Public records,medium,,,,,
NSW,NEW,New England,Springdale,solar farm,NEW,Public records,medium,,-33.9265953,151.18117,OSM,OSM:way/1308545536
NSW,NEW,New England,Tenterfield,solar farm,NEW (Glen Innes border),Public records,medium,,-29.0573483,152.0390346,OSM,OSM:way/340560031
NSW,NEW,New England,Copeton,dam/PHES,NEW (Inverell area),Public records,medium,,-29.9102093,150.9231683,OSM,OSM:way/364498744
NSW,NEW,New England,Keepit,hydro,NEW (Tamworth area),Public records,medium,,-30.8806045,150.4907427,OSM,OSM:way/366327508
NSW,ILW,Illawarra,Sutton Forest,BESS,ILW (Southern Highlands),Public records,medium,,-35.185878,149.2578911,OSM,OSM:way/684093079
NSW,SW-NSW,South West NSW,Cooma,solar/BESS,SW-NSW (Cooma-Monaro N7/N8 → mapped here),Public records (Cooma SF/Hybrid),medium,Cooma-Monaro REZ not in user spec — mapped to SW-NSW,-36.2153766,149.1420074,OSM,OSM:way/609897097
NSW,SW-NSW,South West NSW,Cooma-Monaro,region,SW-NSW (per user spec),AEMO ISP A3 N7/N8,medium,Mapped here for user's 5-zone NSW spec,-36.2153766,149.1420074,OSM,OSM:way/609897097
NSW,SW-NSW,South West NSW,Sebastopol,solar farm,SW-NSW (Albury area),Public records (Sebastopol SF),medium,,-33.9265953,151.18117,OSM,OSM:way/1308545536
NSW,SW-NSW,South West NSW,South Coree,BESS,SW-NSW (Albury area),Public records,medium,,,,,
NSW,SW-NSW,South West NSW,Hume,Dam/BESS,SW-NSW (Albury),Public records,medium,,-36.1054965,147.0325449,OSM,OSM:way/108712269
NSW,SW-NSW,South West NSW,Hume Dam,hydro/storage,SW-NSW (Albury),Public records,medium,,-33.9265953,151.18117,OSM,OSM:way/1308545536
NSW,SW-NSW,South West NSW,Blowering,hydro,SW-NSW (Snowy),Public records,medium,,-35.3982883,148.2454498,OSM,OSM:way/439868271
NSW,SW-NSW,South West NSW,Guthega,hydro,SW-NSW (Snowy),Public records,medium,,-36.3494836,148.4134332,OSM,OSM:way/208498232
NSW,SW-NSW,South West NSW,Jounama,hydro,SW-NSW (Snowy),Public records,medium,,-35.5603015,148.30768,OSM,OSM:way/601184495
NSW,SW-NSW,South West NSW,Burrinjuck,hydro,SW-NSW (Yass),Public records,medium,,-35.0009605,148.582536,OSM,OSM:way/480673870
NSW,SW-NSW,South West NSW,Griffith,BESS/solar,SW-NSW (Riverina),Public records,medium,,-34.3154553,146.1096197,OSM,OSM:way/164025782
NSW,SW-NSW,South West NSW,Corowa,solar farm,SW-NSW (Murray),Public records,medium,,-35.9713371,146.390221,OSM,OSM:way/580859616
NSW,SW-NSW,South West NSW,Moama,solar farm,SW-NSW (Echuca-Murray),Public records,medium,,-36.0775737,144.750862,OSM,OSM:way/222072015
NSW,SW-NSW,South West NSW,Mulwala,solar farm,SW-NSW (Yarrawonga),Public records,medium,,-35.973378,145.999602,OSM,OSM:way/580859637
NSW,SW-NSW,South West NSW,Cullerin,wind farm,SW-NSW (Yass),Public records (Cullerin Range WF),medium,,-34.7952724,149.3982001,OSM,OSM:way/480673876
NSW,SW-NSW,South West NSW,Taralga,wind farm,SW-NSW (Crookwell),Public records,medium,,-34.4314277,149.8652584,OSM,OSM:way/698015539
NSW,SW-NSW,South West NSW,Woodlawn,wind farm/bioreactor,SW-NSW (Goulburn),Public records (Woodlawn WF/Bioreactor),medium,,-35.0582382,149.5781295,OSM,OSM:way/1311426819
NSW,SW-NSW,South West NSW,Bonnie Brae,hybrid,SW-NSW,Public records (Bonnie Brae Hybrid),medium,,-33.9265953,151.18117,OSM,OSM:way/1308545536
NSW,SW-NSW,South West NSW,Gregadoo,solar farm,SW-NSW (Wagga area),Public records,medium,,-33.9265953,151.18117,OSM,OSM:way/1308545536
NSW,SW-NSW,South West NSW,Lockhart,hybrid,SW-NSW (Riverina),Public records (Lockhart Hybrid),medium,,-34.9985711,146.7620788,OSM,OSM:way/175817413
NSW,SW-NSW,South West NSW,Milpulling,wind farm,SW-NSW (Riverina),Public records,medium,,,,,
NSW,SW-NSW,South West NSW,Argyle,solar farm,SW-NSW,Public records,medium,,-33.9265953,151.18117,OSM,OSM:way/1308545536
NSW,SW-NSW,South West NSW,Tower,wind farm,SW-NSW,Public records,medium,,-34.2201096,150.7183728,OSM,OSM:way/686570490
NSW,SW-NSW,South West NSW,Yarrawonga,existing,SW-NSW/Murray (Yarrawonga),Public records,medium,NSW side,-33.9265953,151.18117,OSM,OSM:way/1308545536
QLD,WD,Western Downs,Western Downs Switching Station,new switching station,Brigalow/Western Downs network,Powerlink network + Neoen WDGPH EIS,high,,-26.674,150.58,manual,Powerlink TAPR/EIS hand-compile
QLD,WD,Western Downs,Kogan Creek,existing,Kogan Creek 275kV,Wikipedia/Powerlink,high,,-26.828,150.745,manual,Powerlink TAPR/EIS hand-compile
QLD,WD,Western Downs,Chinchilla,existing,275/132 kV,Powerlink,high,,-26.739,150.629,manual,Powerlink TAPR/EIS hand-compile
QLD,WD,Western Downs,Wandoan,town/substation,275 kV,Powerlink,high,,-26.124,149.953,manual,Powerlink TAPR/EIS hand-compile
QLD,WD,Western Downs,Baking Board,existing,132 kV,Powerlink,medium,,-26.83,150.71,manual,Powerlink TAPR/EIS hand-compile
QLD,WD,Western Downs,Dalby,town/substation,Western Downs/DD border,Powerlink,medium,,-27.183,151.262,manual,Powerlink TAPR/EIS hand-compile
QLD,SD,Southern Downs,Karara,existing/wind farm,MacIntyre WF connection,MacIntyre WF EIS,high,,-28.2,151.32,manual,Powerlink TAPR/EIS hand-compile
QLD,SD,Southern Downs,Bulli Creek,new,500 kV,Powerlink TAPR,high,,-28.1,151.55,manual,Powerlink TAPR/EIS hand-compile
QLD,SD,Southern Downs,Warwick,existing,132 kV,Powerlink,high,,-28.22,152.04,manual,Powerlink TAPR/EIS hand-compile
QLD,SD,Southern Downs,Beebo,solar/BESS,Inglewood area,Public records,medium,,-28.7,150.95,manual,Powerlink TAPR/EIS hand-compile
QLD,CQ,Central Queensland,Stanwell,existing,275 kV — Stanwell PS,Wikipedia/Powerlink,high,,-23.546,150.336,manual,Powerlink TAPR/EIS hand-compile
QLD,CQ,Central Queensland,Bouldercombe,existing,275 kV,Powerlink,high,,-23.5,150.46,manual,Powerlink TAPR/EIS hand-compile
QLD,CQ,Central Queensland,Larcom Creek,existing,275 kV,Powerlink,high,,-24.0,151.2,manual,Powerlink TAPR/EIS hand-compile
QLD,CQ,Central Queensland,Calliope,existing,275 kV,Powerlink,high,,-23.999,151.205,manual,Powerlink TAPR/EIS hand-compile
QLD,CQ,Central Queensland,Aldoga,new,275/132 kV,Aldoga SF EIS,high,,-23.946,151.16,manual,Powerlink TAPR/EIS hand-compile
QLD,CQ,Central Queensland,Callide,existing,275 kV,Powerlink,high,,-24.3,150.65,manual,Powerlink TAPR/EIS hand-compile
QLD,CQ,Central Queensland,Gladstone,existing,275/132 kV,Powerlink,high,,-23.85,151.25,manual,Powerlink TAPR/EIS hand-compile
QLD,CQ,Central Queensland,Rockhampton,existing/load,275/132 kV,Powerlink,high,,-23.38,150.51,manual,Powerlink TAPR/EIS hand-compile
QLD,DD,Darling Downs,Bell,existing,132 kV,Powerlink,high,,-26.937,151.439,manual,Powerlink TAPR/EIS hand-compile
QLD,SEQ,South East Queensland,Brisbane,region/load,Brisbane metro,Powerlink,medium,,-27.47,153.025,manual,Powerlink TAPR/EIS hand-compile
QLD,SEQ,South East Queensland,Ipswich,region,275/110 kV,Powerlink,medium,,-27.615,152.76,manual,Powerlink TAPR/EIS hand-compile
QLD,FNQ,Far North Queensland,Townsville,existing/load,275 kV,Powerlink,medium,,-19.26,146.82,manual,Powerlink TAPR/EIS hand-compile
QLD,WG,Wide Bay,Woolooga,existing,275 kV,Powerlink,high,,-26.04,152.45,manual,Powerlink TAPR/EIS hand-compile
QLD,WG,Wide Bay,Borumba,proposed pumped hydro,Borumba PHES,Public records,high,,-26.485,152.58,manual,Powerlink TAPR/EIS hand-compile
QLD,TG,Tarong,Tarong,existing,275 kV,Wikipedia/Powerlink,high,,-26.755,151.832,manual,Powerlink TAPR/EIS hand-compile
