state,sld_page,substation_name,substation_code,voltage_levels,connected_substations,generators_attached,notes
QLD,QLD-a,BARRON GORGE PS,T54,,,,connectivity + per-substation voltage not extractable from SLD text layer (graphical); name/page only
QLD,QLD-a,TULLY,T48,,,,connectivity + per-substation voltage not extractable from SLD text layer (graphical); name/page only
QLD,QLD-a,KAMERUNGA,T53,,,,connectivity + per-substation voltage not extractable from SLD text layer (graphical); name/page only
QLD,QLD-a,INGHAM SOUTH,T157,,,,connectivity + per-substation voltage not extractable from SLD text layer (graphical); name/page only
QLD,QLD-a,INGHAM,T47,,,,connectivity + per-substation voltage not extractable from SLD text layer (graphical); name/page only
QLD,QLD-a,CARDWELL,T134,,,,connectivity + per-substation voltage not extractable from SLD text layer (graphical); name/page only
QLD,QLD-a,CAIRNS,T51,,,,connectivity + per-substation voltage not extractable from SLD text layer (graphical); name/page only
QLD,QLD-a,CITY,T165,,,,connectivity + per-substation voltage not extractable from SLD text layer (graphical); name/page only
QLD,QLD-a,CAIRNS NORTH,T93,,,,connectivity + per-substation voltage not extractable from SLD text layer (graphical); name/page only
QLD,QLD-a,WOREE,H39,,,,connectivity + per-substation voltage not extractable from SLD text layer (graphical); name/page only
QLD,QLD-a,TURKINJE,T55,,,,connectivity + per-substation voltage not extractable from SLD text layer (graphical); name/page only
QLD,QLD-a,YALKULA,T158,,,,connectivity + per-substation voltage not extractable from SLD text layer (graphical); name/page only
QLD,QLD-a,CRAIGLIE,,,,,connectivity + per-substation voltage not extractable from SLD text layer (graphical); name/page only
QLD,QLD-a,CHALUMBIN,H32,,,,connectivity + per-substation voltage not extractable from SLD text layer (graphical); name/page only
QLD,QLD-a,KAREEYA PS,T49,,,,connectivity + per-substation voltage not extractable from SLD text layer (graphical); name/page only
QLD,QLD-a,YABULU SOUTH,H56,,,,connectivity + per-substation voltage not extractable from SLD text layer (graphical); name/page only
QLD,QLD-a,KIDSTON,T77,,,,connectivity + per-substation voltage not extractable from SLD text layer (graphical); name/page only
QLD,QLD-a,MILLCHESTER,T95,,,,connectivity + per-substation voltage not extractable from SLD text layer (graphical); name/page only
QLD,QLD-a,EDMONTON,T129,,,,connectivity + per-substation voltage not extractable from SLD text layer (graphical); name/page only
QLD,QLD-a,INNISFAIL,T50,,,,connectivity + per-substation voltage not extractable from SLD text layer (graphical); name/page only
QLD,QLD-a,EL ARISH,T171,,,,connectivity + per-substation voltage not extractable from SLD text layer (graphical); name/page only
QLD,QLD-a,ROSS,H13,,,,connectivity + per-substation voltage not extractable from SLD text layer (graphical); name/page only
QLD,QLD-a,WALKAMIN,H60,,,,connectivity + per-substation voltage not extractable from SLD text layer (graphical); name/page only
QLD,QLD-a,MT EMERALD WF,H84,,,,connectivity + per-substation voltage not extractable from SLD text layer (graphical); name/page only
QLD,QLD-a,LAKELAND,T159,,,,connectivity + per-substation voltage not extractable from SLD text layer (graphical); name/page only
QLD,QLD-a,KIDSTON SF,T239,,,,connectivity + per-substation voltage not extractable from SLD text layer (graphical); name/page only
QLD,QLD-a,CHARTERS,,,,,connectivity + per-substation voltage not extractable from SLD text layer (graphical); name/page only
QLD,QLD-a,TOWERS,,,,,connectivity + per-substation voltage not extractable from SLD text layer (graphical); name/page only
QLD,QLD-a,CAPE RIVER,,,,,connectivity + per-substation voltage not extractable from SLD text layer (graphical); name/page only
QLD,QLD-a,SVC 1,,,,,connectivity + per-substation voltage not extractable from SLD text layer (graphical); name/page only
QLD,QLD-a,CAPE,,,,,connectivity + per-substation voltage not extractable from SLD text layer (graphical); name/page only
QLD,QLD-a,RIVER EAST,,,,,connectivity + per-substation voltage not extractable from SLD text layer (graphical); name/page only
QLD,QLD-a,HUGHENDEN,,,,,connectivity + per-substation voltage not extractable from SLD text layer (graphical); name/page only
QLD,QLD-a,JARDINE,,,,,connectivity + per-substation voltage not extractable from SLD text layer (graphical); name/page only
QLD,QLD-a,KENNEDY,,,,,connectivity + per-substation voltage not extractable from SLD text layer (graphical); name/page only
QLD,QLD-a,ENERGY,,,,,connectivity + per-substation voltage not extractable from SLD text layer (graphical); name/page only
QLD,QLD-a,RIVER,,,,,connectivity + per-substation voltage not extractable from SLD text layer (graphical); name/page only
QLD,QLD-b,TPGR,,,,,connectivity + per-substation voltage not extractable from SLD text layer (graphical); name/page only
QLD,QLD-b,NSGR,,,,,connectivity + per-substation voltage not extractable from SLD text layer (graphical); name/page only
QLD,QLD-b,MT STUART GT PS,T143,,,,connectivity + per-substation voltage not extractable from SLD text layer (graphical); name/page only
QLD,QLD-b,TOWNSVILLE EAST,T094,,,,connectivity + per-substation voltage not extractable from SLD text layer (graphical); name/page only
QLD,QLD-b,TOWNSVILLE SOUTH,T56,,,,connectivity + per-substation voltage not extractable from SLD text layer (graphical); name/page only
QLD,QLD-b,STUART,T44,,,,connectivity + per-substation voltage not extractable from SLD text layer (graphical); name/page only
QLD,QLD-b,GARBUTT,T46,,,,connectivity + per-substation voltage not extractable from SLD text layer (graphical); name/page only
QLD,QLD-b,TOWNSVILLE ZINC,T140,,,,connectivity + per-substation voltage not extractable from SLD text layer (graphical); name/page only
QLD,QLD-b,ALAN SHERRIFF,T150,,,,connectivity + per-substation voltage not extractable from SLD text layer (graphical); name/page only
QLD,QLD-b,BOHLE,SSBHL,,,,connectivity + per-substation voltage not extractable from SLD text layer (graphical); name/page only
QLD,QLD-b,SSBHL,,,,,connectivity + per-substation voltage not extractable from SLD text layer (graphical); name/page only
QLD,QLD-b,AITKENVALE,SSAVL,,,,connectivity + per-substation voltage not extractable from SLD text layer (graphical); name/page only
QLD,QLD-b,SSAVL,,,,,connectivity + per-substation voltage not extractable from SLD text layer (graphical); name/page only
QLD,QLD-b,CRANBROOK,SSCBK,,,,connectivity + per-substation voltage not extractable from SLD text layer (graphical); name/page only
QLD,QLD-b,SSCBK,,,,,connectivity + per-substation voltage not extractable from SLD text layer (graphical); name/page only
QLD,QLD-b,TOWNSVILLE PS,T144,,,,connectivity + per-substation voltage not extractable from SLD text layer (graphical); name/page only
QLD,QLD-b,TOWNSVILLE,T145,,,,connectivity + per-substation voltage not extractable from SLD text layer (graphical); name/page only
QLD,QLD-b,DAN GLEESON,T092,,,,connectivity + per-substation voltage not extractable from SLD text layer (graphical); name/page only
QLD,QLD-b,BLACK,,,,,connectivity + per-substation voltage not extractable from SLD text layer (graphical); name/page only
QLD,QLD-b,BOIN,,,,,connectivity + per-substation voltage not extractable from SLD text layer (graphical); name/page only
QLD,QLD-b,DGBL,,,,,connectivity + per-substation voltage not extractable from SLD text layer (graphical); name/page only
QLD,QLD-b,GRBL,,,,,connectivity + per-substation voltage not extractable from SLD text layer (graphical); name/page only
QLD,QLD-b,DGBL DGCR,,,,,connectivity + per-substation voltage not extractable from SLD text layer (graphical); name/page only
QLD,QLD-b,DGRM,,,,,connectivity + per-substation voltage not extractable from SLD text layer (graphical); name/page only
QLD,QLD-b,DGCR,,,,,connectivity + per-substation voltage not extractable from SLD text layer (graphical); name/page only
QLD,QLD-b,GAAV,,,,,connectivity + per-substation voltage not extractable from SLD text layer (graphical); name/page only
QLD,QLD-b,GAAVHPGR,,,,,connectivity + per-substation voltage not extractable from SLD text layer (graphical); name/page only
QLD,QLD-b,INVICTA MILL,T36,,,,connectivity + per-substation voltage not extractable from SLD text layer (graphical); name/page only
QLD,QLD-b,CLARE SOUTH,T193,,,,connectivity + per-substation voltage not extractable from SLD text layer (graphical); name/page only
QLD,QLD-b,BOWEN,,,,,connectivity + per-substation voltage not extractable from SLD text layer (graphical); name/page only
QLD,QLD-b,STRATHMORE,H35,,,,connectivity + per-substation voltage not extractable from SLD text layer (graphical); name/page only
QLD,QLD-b,HAUGHTON RIVER,H91,,,,connectivity + per-substation voltage not extractable from SLD text layer (graphical); name/page only
QLD,QLD-b,SUN METALS SF,,,,,connectivity + per-substation voltage not extractable from SLD text layer (graphical); name/page only
QLD,QLD-b,KING CREEK,T177,,,,connectivity + per-substation voltage not extractable from SLD text layer (graphical); name/page only
QLD,QLD-b,COLLINSVILLE,T37,,,,connectivity + per-substation voltage not extractable from SLD text layer (graphical); name/page only
QLD,QLD-b,NEWLANDS,T69,,,,connectivity + per-substation voltage not extractable from SLD text layer (graphical); name/page only
QLD,QLD-b,STONY CREEK,T178,,,,connectivity + per-substation voltage not extractable from SLD text layer (graphical); name/page only
QLD,QLD-b,HAVILAH,T184,,,,connectivity + per-substation voltage not extractable from SLD text layer (graphical); name/page only
QLD,QLD-b,BLUE VALLEY,T183,,,,connectivity + per-substation voltage not extractable from SLD text layer (graphical); name/page only
QLD,QLD-b,FIG TREE,T185,,,,connectivity + per-substation voltage not extractable from SLD text layer (graphical); name/page only
QLD,QLD-b,COLLINSVILLE SF,,,,,connectivity + per-substation voltage not extractable from SLD text layer (graphical); name/page only
QLD,QLD-b,CLARE SF,,,,,connectivity + per-substation voltage not extractable from SLD text layer (graphical); name/page only
QLD,QLD-b,PROSERPINE,T39,,,,connectivity + per-substation voltage not extractable from SLD text layer (graphical); name/page only
QLD,QLD-b,NORTH GOONYELLA,T137,,,,connectivity + per-substation voltage not extractable from SLD text layer (graphical); name/page only
QLD,QLD-b,GOONYELLA RIVERSIDE,T212,,,,connectivity + per-substation voltage not extractable from SLD text layer (graphical); name/page only
QLD,QLD-b,HAYMAN,Z5,,,,connectivity + per-substation voltage not extractable from SLD text layer (graphical); name/page only
QLD,QLD-b,CRUSH,,,,,connectivity + per-substation voltage not extractable from SLD text layer (graphical); name/page only
QLD,QLD-b,DAYDREAM,Z6,,,,connectivity + per-substation voltage not extractable from SLD text layer (graphical); name/page only
QLD,QLD-b,WHITSUNDAY,Z2,,,,connectivity + per-substation voltage not extractable from SLD text layer (graphical); name/page only
QLD,QLD-b,HAMILTON,Z3,,,,connectivity + per-substation voltage not extractable from SLD text layer (graphical); name/page only
QLD,QLD-b,SPRINGLANDS,T242,,,,connectivity + per-substation voltage not extractable from SLD text layer (graphical); name/page only
QLD,QLD-c,MACKAY,T38,,,,connectivity + per-substation voltage not extractable from SLD text layer (graphical); name/page only
QLD,QLD-c,PIONEER VALLEY,T141,,,,connectivity + per-substation voltage not extractable from SLD text layer (graphical); name/page only
QLD,QLD-c,RACECOURSE,,,,,connectivity + per-substation voltage not extractable from SLD text layer (graphical); name/page only
QLD,QLD-c,MORANBAH,T34,,,,connectivity + per-substation voltage not extractable from SLD text layer (graphical); name/page only
QLD,QLD-c,BROADLEA,T198,,,,connectivity + per-substation voltage not extractable from SLD text layer (graphical); name/page only
QLD,QLD-c,PEAK DOWNS,T110,,,,connectivity + per-substation voltage not extractable from SLD text layer (graphical); name/page only
QLD,QLD-c,COPPABELLA,T107,,,,connectivity + per-substation voltage not extractable from SLD text layer (graphical); name/page only
QLD,QLD-c,BURTON,,,,,connectivity + per-substation voltage not extractable from SLD text layer (graphical); name/page only
QLD,QLD-c,DOWNS,T110,,,,connectivity + per-substation voltage not extractable from SLD text layer (graphical); name/page only
QLD,QLD-c,KEMMIS,T67,,,,connectivity + per-substation voltage not extractable from SLD text layer (graphical); name/page only
QLD,QLD-c,WANDOO,T106,,,,connectivity + per-substation voltage not extractable from SLD text layer (graphical); name/page only
QLD,QLD-c,NEBO,H11,,,,connectivity + per-substation voltage not extractable from SLD text layer (graphical); name/page only
QLD,QLD-c,BOLINGBROKE,T175,,,,connectivity + per-substation voltage not extractable from SLD text layer (graphical); name/page only
QLD,QLD-c,MINDI,T172,,,,connectivity + per-substation voltage not extractable from SLD text layer (graphical); name/page only
QLD,QLD-c,DYSART,T35,,,,connectivity + per-substation voltage not extractable from SLD text layer (graphical); name/page only
QLD,QLD-c,ALLIGATOR CREEK,T65,,,,connectivity + per-substation voltage not extractable from SLD text layer (graphical); name/page only
QLD,QLD-c,OONOOIE,T105,,,,connectivity + per-substation voltage not extractable from SLD text layer (graphical); name/page only
QLD,QLD-c,LOUISA CREEK,T176,,,,connectivity + per-substation voltage not extractable from SLD text layer (graphical); name/page only
QLD,QLD-c,PORTS,T192,,,,connectivity + per-substation voltage not extractable from SLD text layer (graphical); name/page only
QLD,QLD-c,WOTONGA,T221,,,,connectivity + per-substation voltage not extractable from SLD text layer (graphical); name/page only
QLD,QLD-c,EAGLE DOWNS,T215,,,,connectivity + per-substation voltage not extractable from SLD text layer (graphical); name/page only
QLD,QLD-c,MORAN PLAINS,T245,,,,connectivity + per-substation voltage not extractable from SLD text layer (graphical); name/page only
QLD,QLD-d,BROADSOUND,H20,,,,connectivity + per-substation voltage not extractable from SLD text layer (graphical); name/page only
QLD,QLD-d,NORWICH PARK,T111,,,,connectivity + per-substation voltage not extractable from SLD text layer (graphical); name/page only
QLD,QLD-d,CLERMONT,T71,,,,connectivity + per-substation voltage not extractable from SLD text layer (graphical); name/page only
QLD,QLD-d,BARCALDINE,T72,,,,connectivity + per-substation voltage not extractable from SLD text layer (graphical); name/page only
QLD,QLD-d,POWER STATION,T76,,,,connectivity + per-substation voltage not extractable from SLD text layer (graphical); name/page only
QLD,QLD-d,LILYVALE,H15,,,,connectivity + per-substation voltage not extractable from SLD text layer (graphical); name/page only
QLD,QLD-d,GREGORY,T97,,,,connectivity + per-substation voltage not extractable from SLD text layer (graphical); name/page only
QLD,QLD-d,BLACKWATER,T32,,,,connectivity + per-substation voltage not extractable from SLD text layer (graphical); name/page only
QLD,QLD-d,RANGAL,T102,,,,connectivity + per-substation voltage not extractable from SLD text layer (graphical); name/page only
QLD,QLD-d,BLUFF,T209,,,,connectivity + per-substation voltage not extractable from SLD text layer (graphical); name/page only
QLD,QLD-d,ROLLESTON,T163,,,,connectivity + per-substation voltage not extractable from SLD text layer (graphical); name/page only
QLD,QLD-d,ROCKHAMPTON,T23,,,,connectivity + per-substation voltage not extractable from SLD text layer (graphical); name/page only
QLD,QLD-d,BOULDERCOMBE,H10,,,,connectivity + per-substation voltage not extractable from SLD text layer (graphical); name/page only
QLD,QLD-d,ROCKLANDS,T100,,,,connectivity + per-substation voltage not extractable from SLD text layer (graphical); name/page only
QLD,QLD-d,EGANS HILL,T127,,,,connectivity + per-substation voltage not extractable from SLD text layer (graphical); name/page only
QLD,QLD-d,PANDOIN,T61,,,,connectivity + per-substation voltage not extractable from SLD text layer (graphical); name/page only
QLD,QLD-d,MEMOOLOO,T263,,,,connectivity + per-substation voltage not extractable from SLD text layer (graphical); name/page only
QLD,QLD-d,DURINGA,T210,,,,connectivity + per-substation voltage not extractable from SLD text layer (graphical); name/page only
QLD,QLD-d,LILLYVALE SF1,Z8,,,,connectivity + per-substation voltage not extractable from SLD text layer (graphical); name/page only
QLD,QLD-d,BUNDOORA,T244,,,,connectivity + per-substation voltage not extractable from SLD text layer (graphical); name/page only
QLD,QLD-d,EMERALD,,,,,connectivity + per-substation voltage not extractable from SLD text layer (graphical); name/page only
QLD,QLD-d,EMERALD SF,,,,,connectivity + per-substation voltage not extractable from SLD text layer (graphical); name/page only
QLD,QLD-d,COMET,,,,,connectivity + per-substation voltage not extractable from SLD text layer (graphical); name/page only
QLD,QLD-e,BOAT CREEK,T130,,,,connectivity + per-substation voltage not extractable from SLD text layer (graphical); name/page only
QLD,QLD-e,YARWUN,T199,,,,connectivity + per-substation voltage not extractable from SLD text layer (graphical); name/page only
QLD,QLD-e,LARCOM CREEK,H58,,,,connectivity + per-substation voltage not extractable from SLD text layer (graphical); name/page only
QLD,QLD-e,RAGLAN,H73,,,,connectivity + per-substation voltage not extractable from SLD text layer (graphical); name/page only
QLD,QLD-e,GRANTLEIGH,T99,,,,connectivity + per-substation voltage not extractable from SLD text layer (graphical); name/page only
QLD,QLD-e,WYCARBAH,T211,,,,connectivity + per-substation voltage not extractable from SLD text layer (graphical); name/page only
QLD,QLD-e,STANWELL PS AUX,T104,,,,connectivity + per-substation voltage not extractable from SLD text layer (graphical); name/page only
QLD,QLD-e,STANWELL,H29,,,,connectivity + per-substation voltage not extractable from SLD text layer (graphical); name/page only
QLD,QLD-e,BARALABA,T31,,,,connectivity + per-substation voltage not extractable from SLD text layer (graphical); name/page only
QLD,QLD-e,CALLIOPE RIVER,H67,,,,connectivity + per-substation voltage not extractable from SLD text layer (graphical); name/page only
QLD,QLD-f,GLADSTONE NORTH,T74,,,,connectivity + per-substation voltage not extractable from SLD text layer (graphical); name/page only
QLD,QLD-f,WIGGINS ISLAND,T222,,,,connectivity + per-substation voltage not extractable from SLD text layer (graphical); name/page only
QLD,QLD-f,CALLEMONDAH,T101,,,,connectivity + per-substation voltage not extractable from SLD text layer (graphical); name/page only
QLD,QLD-f,GLADSTONE,T5,,,,connectivity + per-substation voltage not extractable from SLD text layer (graphical); name/page only
QLD,QLD-f,GLADSTONE SOUTH,T152,,,,connectivity + per-substation voltage not extractable from SLD text layer (graphical); name/page only
QLD,QLD-f,BOYNE ISLAND,H8,,,,connectivity + per-substation voltage not extractable from SLD text layer (graphical); name/page only
QLD,QLD-f,QAL WEST,T153,,,,connectivity + per-substation voltage not extractable from SLD text layer (graphical); name/page only
QLD,QLD-f,QAL SOUTH,T182,,,,connectivity + per-substation voltage not extractable from SLD text layer (graphical); name/page only
QLD,QLD-f,WURDONG,H40,,,,connectivity + per-substation voltage not extractable from SLD text layer (graphical); name/page only
QLD,QLD-g,DNOB,,,,,connectivity + per-substation voltage not extractable from SLD text layer (graphical); name/page only
QLD,QLD-g,KORENAN,T120,,,,connectivity + per-substation voltage not extractable from SLD text layer (graphical); name/page only
QLD,QLD-g,MOURA,T27,,,,connectivity + per-substation voltage not extractable from SLD text layer (graphical); name/page only
QLD,QLD-g,BILOELA,T26,,,,connectivity + per-substation voltage not extractable from SLD text layer (graphical); name/page only
QLD,QLD-g,CALVALE,H24,,,,connectivity + per-substation voltage not extractable from SLD text layer (graphical); name/page only
QLD,QLD-g,CALLIDE A PS,T22,,,,connectivity + per-substation voltage not extractable from SLD text layer (graphical); name/page only
QLD,QLD-g,GRANITE CREEK,T166,,,,connectivity + per-substation voltage not extractable from SLD text layer (graphical); name/page only
QLD,QLD-g,BUNDABERG,T20,,,,connectivity + per-substation voltage not extractable from SLD text layer (graphical); name/page only
QLD,QLD-g,CALLIDE B PS,H30,,,,connectivity + per-substation voltage not extractable from SLD text layer (graphical); name/page only
QLD,QLD-g,CALLIDE C PS,H50,,,,connectivity + per-substation voltage not extractable from SLD text layer (graphical); name/page only
QLD,QLD-g,GIN GIN,H6,,,,connectivity + per-substation voltage not extractable from SLD text layer (graphical); name/page only
QLD,QLD-g,TEEBAR CREEK,H63,,,,connectivity + per-substation voltage not extractable from SLD text layer (graphical); name/page only
QLD,QLD-g,WOOLOOGA,H5,,,,connectivity + per-substation voltage not extractable from SLD text layer (graphical); name/page only
QLD,QLD-g,ARAMARA,T173,,,,connectivity + per-substation voltage not extractable from SLD text layer (graphical); name/page only
QLD,QLD-g,ISIS,T131,,,,connectivity + per-substation voltage not extractable from SLD text layer (graphical); name/page only
QLD,QLD-g,CLAYTON,T121,,,,connectivity + per-substation voltage not extractable from SLD text layer (graphical); name/page only
QLD,QLD-g,MARYBOROUGH,T59,,,,connectivity + per-substation voltage not extractable from SLD text layer (graphical); name/page only
QLD,QLD-g,KILKIVAN,T12,,,,connectivity + per-substation voltage not extractable from SLD text layer (graphical); name/page only
QLD,QLD-g,MUNGAR,T123,,,,connectivity + per-substation voltage not extractable from SLD text layer (graphical); name/page only
QLD,QLD-g,HOWARD,,,,,connectivity + per-substation voltage not extractable from SLD text layer (graphical); name/page only
QLD,QLD-g,CHILDERS SF,,,,,connectivity + per-substation voltage not extractable from SLD text layer (graphical); name/page only
QLD,QLD-g,SUSAN RIVER,,,,,connectivity + per-substation voltage not extractable from SLD text layer (graphical); name/page only
QLD,QLD-g,TORQUAY,,,,,connectivity + per-substation voltage not extractable from SLD text layer (graphical); name/page only
QLD,QLD-g,PIALBA,,,,,connectivity + per-substation voltage not extractable from SLD text layer (graphical); name/page only
QLD,QLD-h,TARONG PS,H27,,,,connectivity + per-substation voltage not extractable from SLD text layer (graphical); name/page only
QLD,QLD-h,TARONG NORTH PS,H54,,,,connectivity + per-substation voltage not extractable from SLD text layer (graphical); name/page only
QLD,QLD-h,TARONG,H18,,,,connectivity + per-substation voltage not extractable from SLD text layer (graphical); name/page only
QLD,QLD-h,HALYS,S2,,,,connectivity + per-substation voltage not extractable from SLD text layer (graphical); name/page only
QLD,QLD-h,WIVVENHOE PS,H28,,,,connectivity + per-substation voltage not extractable from SLD text layer (graphical); name/page only
QLD,QLD-h,MT ENGLAND,H12,,,,connectivity + per-substation voltage not extractable from SLD text layer (graphical); name/page only
QLD,QLD-h,BEERWAH,SSBWH,,,,connectivity + per-substation voltage not extractable from SLD text layer (graphical); name/page only
QLD,QLD-h,SSBWH,,,,,connectivity + per-substation voltage not extractable from SLD text layer (graphical); name/page only
QLD,QLD-h,PALMWOODS,H9,,,,connectivity + per-substation voltage not extractable from SLD text layer (graphical); name/page only
QLD,QLD-h,NAMBOUR,T16,,,,connectivity + per-substation voltage not extractable from SLD text layer (graphical); name/page only
QLD,QLD-h,IMAGE FLAT,T40,,,,connectivity + per-substation voltage not extractable from SLD text layer (graphical); name/page only
QLD,QLD-h,COOROY,T70,,,,connectivity + per-substation voltage not extractable from SLD text layer (graphical); name/page only
QLD,QLD-h,TRAVESTON,T124,,,,connectivity + per-substation voltage not extractable from SLD text layer (graphical); name/page only
QLD,QLD-h,COORAN,SSCOR,,,,connectivity + per-substation voltage not extractable from SLD text layer (graphical); name/page only
QLD,QLD-h,SSCOR,,,,,connectivity + per-substation voltage not extractable from SLD text layer (graphical); name/page only
QLD,QLD-h,GYMPIE,T8,,,,connectivity + per-substation voltage not extractable from SLD text layer (graphical); name/page only
QLD,QLD-i,SSQR50,,,,,connectivity + per-substation voltage not extractable from SLD text layer (graphical); name/page only
QLD,QLD-i,CABOOLTURE,T11,,,,connectivity + per-substation voltage not extractable from SLD text layer (graphical); name/page only
QLD,QLD-i,BLACKWALL,H36,,,,connectivity + per-substation voltage not extractable from SLD text layer (graphical); name/page only
QLD,QLD-i,GREENBANK,S3,,,,connectivity + per-substation voltage not extractable from SLD text layer (graphical); name/page only
QLD,QLD-i,HAYS INLET,SSHIL,,,,connectivity + per-substation voltage not extractable from SLD text layer (graphical); name/page only
QLD,QLD-i,SSHIL,,,,,connectivity + per-substation voltage not extractable from SLD text layer (graphical); name/page only
QLD,QLD-i,BALD HILLS,SSQR42,,,,connectivity + per-substation voltage not extractable from SLD text layer (graphical); name/page only
QLD,QLD-i,SSQR42,,,,,connectivity + per-substation voltage not extractable from SLD text layer (graphical); name/page only
QLD,QLD-i,NUDGEE,SSNGE,,,,connectivity + per-substation voltage not extractable from SLD text layer (graphical); name/page only
QLD,QLD-i,SSNGE,,,,,connectivity + per-substation voltage not extractable from SLD text layer (graphical); name/page only
QLD,QLD-i,SANDGATE,SSSGT,,,,connectivity + per-substation voltage not extractable from SLD text layer (graphical); name/page only
QLD,QLD-i,SSSGT,,,,,connectivity + per-substation voltage not extractable from SLD text layer (graphical); name/page only
QLD,QLD-i,BRENDALE,SSBRD,,,,connectivity + per-substation voltage not extractable from SLD text layer (graphical); name/page only
QLD,QLD-i,SSBRD,,,,,connectivity + per-substation voltage not extractable from SLD text layer (graphical); name/page only
QLD,QLD-i,GRIFFIN,SSGFN,,,,connectivity + per-substation voltage not extractable from SLD text layer (graphical); name/page only
QLD,QLD-i,SSGFN,,,,,connectivity + per-substation voltage not extractable from SLD text layer (graphical); name/page only
QLD,QLD-i,STAFFORD,SSSFD,,,,connectivity + per-substation voltage not extractable from SLD text layer (graphical); name/page only
QLD,QLD-i,SSSFD,,,,,connectivity + per-substation voltage not extractable from SLD text layer (graphical); name/page only
QLD,QLD-i,SOUTH PINE,H2,,,,connectivity + per-substation voltage not extractable from SLD text layer (graphical); name/page only
QLD,QLD-i,UPPER KEDRON,H23,,,,connectivity + per-substation voltage not extractable from SLD text layer (graphical); name/page only
QLD,QLD-i,SSMTN,,,,,connectivity + per-substation voltage not extractable from SLD text layer (graphical); name/page only
QLD,QLD-i,F913 SSMDH,,,,,connectivity + per-substation voltage not extractable from SLD text layer (graphical); name/page only
QLD,QLD-i,F912 SSMDH,,,,,connectivity + per-substation voltage not extractable from SLD text layer (graphical); name/page only
QLD,QLD-j,WESTERN DOWNS,S5,,,,connectivity + per-substation voltage not extractable from SLD text layer (graphical); name/page only
QLD,QLD-j,COLUMBOOLA,H77,,,,connectivity + per-substation voltage not extractable from SLD text layer (graphical); name/page only
QLD,QLD-j,APLNG,,,,,connectivity + per-substation voltage not extractable from SLD text layer (graphical); name/page only
QLD,QLD-j,ORANA,H83,,,,connectivity + per-substation voltage not extractable from SLD text layer (graphical); name/page only
QLD,QLD-j,CHINCHILLA,T13,,,,connectivity + per-substation voltage not extractable from SLD text layer (graphical); name/page only
QLD,QLD-j,CONDABRI SOUTH,T218,,,,connectivity + per-substation voltage not extractable from SLD text layer (graphical); name/page only
QLD,QLD-j,TALINGA,,,,,connectivity + per-substation voltage not extractable from SLD text layer (graphical); name/page only
QLD,QLD-j,CONDABRI CENTRAL,T217,,,,connectivity + per-substation voltage not extractable from SLD text layer (graphical); name/page only
QLD,QLD-j,CONDABRI NORTH,T216,,,,connectivity + per-substation voltage not extractable from SLD text layer (graphical); name/page only
QLD,QLD-j,CONDAMINE PS,T200,,,,connectivity + per-substation voltage not extractable from SLD text layer (graphical); name/page only
QLD,QLD-j,ROMA PS,,,,,connectivity + per-substation voltage not extractable from SLD text layer (graphical); name/page only
QLD,QLD-j,ROMA,T83,,,,connectivity + per-substation voltage not extractable from SLD text layer (graphical); name/page only
QLD,QLD-j,KOGAN,,,,,connectivity + per-substation voltage not extractable from SLD text layer (graphical); name/page only
QLD,QLD-j,CREEK PS,H52,,,,connectivity + per-substation voltage not extractable from SLD text layer (graphical); name/page only
QLD,QLD-j,BELLEVUE,T234,,,,connectivity + per-substation voltage not extractable from SLD text layer (graphical); name/page only
QLD,QLD-j,WANDOAN SOUTH,H76,,,,connectivity + per-substation voltage not extractable from SLD text layer (graphical); name/page only
QLD,QLD-j,WOLEEBEE,,,,,connectivity + per-substation voltage not extractable from SLD text layer (graphical); name/page only
QLD,QLD-j,DINOUN,,,,,connectivity + per-substation voltage not extractable from SLD text layer (graphical); name/page only
QLD,QLD-j,YULEBA NORTH,H79,,,,connectivity + per-substation voltage not extractable from SLD text layer (graphical); name/page only
QLD,QLD-j,CLIFFORD,,,,,connectivity + per-substation voltage not extractable from SLD text layer (graphical); name/page only
QLD,QLD-j,EUROMBAH,H80,,,,connectivity + per-substation voltage not extractable from SLD text layer (graphical); name/page only
QLD,QLD-j,BLYTHDALE,H82,,,,connectivity + per-substation voltage not extractable from SLD text layer (graphical); name/page only
QLD,QLD-j,FAIRVIEW,,,,,connectivity + per-substation voltage not extractable from SLD text layer (graphical); name/page only
QLD,QLD-j,COOPERS GAP,H60,,,,connectivity + per-substation voltage not extractable from SLD text layer (graphical); name/page only
QLD,QLD-j,COOPERS,,,,,connectivity + per-substation voltage not extractable from SLD text layer (graphical); name/page only
QLD,QLD-k,BRAEMAR 2 PS,H48,,,,connectivity + per-substation voltage not extractable from SLD text layer (graphical); name/page only
QLD,QLD-k,BRAEMAR PS,H74,,,,connectivity + per-substation voltage not extractable from SLD text layer (graphical); name/page only
QLD,QLD-k,DARLING,,,,,connectivity + per-substation voltage not extractable from SLD text layer (graphical); name/page only
QLD,QLD-k,DOWNS PS,H071,,,,connectivity + per-substation voltage not extractable from SLD text layer (graphical); name/page only
QLD,QLD-k,BRAEMAR,R2,,,,connectivity + per-substation voltage not extractable from SLD text layer (graphical); name/page only
QLD,QLD-k,RUBY,T214,,,,connectivity + per-substation voltage not extractable from SLD text layer (graphical); name/page only
QLD,QLD-k,JORDAN,T213,,,,connectivity + per-substation voltage not extractable from SLD text layer (graphical); name/page only
QLD,QLD-k,KUMBARILLA,,,,,connectivity + per-substation voltage not extractable from SLD text layer (graphical); name/page only
QLD,QLD-k,MILLMERRAN PS,R5,,,,connectivity + per-substation voltage not extractable from SLD text layer (graphical); name/page only
QLD,QLD-k,MILLMERRAN,R4,,,,connectivity + per-substation voltage not extractable from SLD text layer (graphical); name/page only
QLD,QLD-k,BULLI CREEK,R3,,,,connectivity + per-substation voltage not extractable from SLD text layer (graphical); name/page only
QLD,QLD-k,DOWNS SF,,,,,connectivity + per-substation voltage not extractable from SLD text layer (graphical); name/page only
QLD,QLD-l,SSAFD,,,,,connectivity + per-substation voltage not extractable from SLD text layer (graphical); name/page only
QLD,QLD-l,TENNYSON,T142,,,,connectivity + per-substation voltage not extractable from SLD text layer (graphical); name/page only
QLD,QLD-l,CORINDA,SSQR16,,,,connectivity + per-substation voltage not extractable from SLD text layer (graphical); name/page only
QLD,QLD-l,SSQR16,,,,,connectivity + per-substation voltage not extractable from SLD text layer (graphical); name/page only
QLD,QLD-l,ROCKLEA,H16,,,,connectivity + per-substation voltage not extractable from SLD text layer (graphical); name/page only
QLD,QLD-l,OAKEY GT PS,T146,,,,connectivity + per-substation voltage not extractable from SLD text layer (graphical); name/page only
QLD,QLD-l,OAKEY,T189,,,,connectivity + per-substation voltage not extractable from SLD text layer (graphical); name/page only
QLD,QLD-l,DAADINE,T188,,,,connectivity + per-substation voltage not extractable from SLD text layer (graphical); name/page only
QLD,QLD-l,DALBY,T2,,,,connectivity + per-substation voltage not extractable from SLD text layer (graphical); name/page only
QLD,QLD-l,TANGKAM,T147,,,,connectivity + per-substation voltage not extractable from SLD text layer (graphical); name/page only
QLD,QLD-l,MIDDLE RIDGE,H14,,,,connectivity + per-substation voltage not extractable from SLD text layer (graphical); name/page only
QLD,QLD-l,WARWICK,T58,,,,connectivity + per-substation voltage not extractable from SLD text layer (graphical); name/page only
QLD,QLD-l,STANTHORPE,T60,,,,connectivity + per-substation voltage not extractable from SLD text layer (graphical); name/page only
QLD,QLD-l,YARRANLEA,T10,,,,connectivity + per-substation voltage not extractable from SLD text layer (graphical); name/page only
QLD,QLD-l,LOCKROSE,T78,,,,connectivity + per-substation voltage not extractable from SLD text layer (graphical); name/page only
QLD,QLD-l,KEARNEYS SPRING,T167,,,,connectivity + per-substation voltage not extractable from SLD text layer (graphical); name/page only
QLD,QLD-l,TOOWOOMBA,T43,,,,connectivity + per-substation voltage not extractable from SLD text layer (graphical); name/page only
QLD,QLD-l,POSTMANS RIDGE,SST29,,,,connectivity + per-substation voltage not extractable from SLD text layer (graphical); name/page only
QLD,QLD-l,SST29,,,,,connectivity + per-substation voltage not extractable from SLD text layer (graphical); name/page only
QLD,QLD-l,TORRINGTON,T116,,,,connectivity + per-substation voltage not extractable from SLD text layer (graphical); name/page only
QLD,QLD-l,GATTON BULK,,,,,connectivity + per-substation voltage not extractable from SLD text layer (graphical); name/page only
QLD,QLD-l,SUPPLY,SSGBS,,,,connectivity + per-substation voltage not extractable from SLD text layer (graphical); name/page only
QLD,QLD-l,SSGBS,,,,,connectivity + per-substation voltage not extractable from SLD text layer (graphical); name/page only
QLD,QLD-l,ALGESTER,T161,,,,connectivity + per-substation voltage not extractable from SLD text layer (graphical); name/page only
QLD,QLD-l,RUNCORN,T24,,,,connectivity + per-substation voltage not extractable from SLD text layer (graphical); name/page only
QLD,QLD-l,RICHLANDS,T187,,,,connectivity + per-substation voltage not extractable from SLD text layer (graphical); name/page only
QLD,QLD-l,SUMNER,T160,,,,connectivity + per-substation voltage not extractable from SLD text layer (graphical); name/page only
QLD,QLD-l,WEST DARRA,T155,,,,connectivity + per-substation voltage not extractable from SLD text layer (graphical); name/page only
QLD,QLD-l,BB72BB71,,,,,connectivity + per-substation voltage not extractable from SLD text layer (graphical); name/page only
QLD,QLD-l,OAKEY SF,,,,,connectivity + per-substation voltage not extractable from SLD text layer (graphical); name/page only
QLD,QLD-m,WEST END,SSWED,,,,connectivity + per-substation voltage not extractable from SLD text layer (graphical); name/page only
QLD,QLD-m,SSWED,,,,,connectivity + per-substation voltage not extractable from SLD text layer (graphical); name/page only
QLD,QLD-m,ASHGROVE WEST,T30,,,,connectivity + per-substation voltage not extractable from SLD text layer (graphical); name/page only
QLD,QLD-m,MILTON,SSMLT,,,,connectivity + per-substation voltage not extractable from SLD text layer (graphical); name/page only
QLD,QLD-m,SSMLT,,,,,connectivity + per-substation voltage not extractable from SLD text layer (graphical); name/page only
QLD,QLD-m,VICTORIA PARK,SSVPK,,,,connectivity + per-substation voltage not extractable from SLD text layer (graphical); name/page only
QLD,QLD-m,SSVPK,,,,,connectivity + per-substation voltage not extractable from SLD text layer (graphical); name/page only
QLD,QLD-m,ANN ST,SSAST,,,,connectivity + per-substation voltage not extractable from SLD text layer (graphical); name/page only
QLD,QLD-m,SSAST,,,,,connectivity + per-substation voltage not extractable from SLD text layer (graphical); name/page only
QLD,QLD-m,SSCSTSSMST,,,,,connectivity + per-substation voltage not extractable from SLD text layer (graphical); name/page only
QLD,QLD-m,SSQRT,,,,,connectivity + per-substation voltage not extractable from SLD text layer (graphical); name/page only
QLD,QLD-m,SSMLS,,,,,connectivity + per-substation voltage not extractable from SLD text layer (graphical); name/page only
QLD,QLD-m,SSNSD,,,,,connectivity + per-substation voltage not extractable from SLD text layer (graphical); name/page only
QLD,QLD-m,BUNDAMBA,T162,,,,connectivity + per-substation voltage not extractable from SLD text layer (graphical); name/page only
QLD,QLD-m,REDBANK PLAINS,T80,,,,connectivity + per-substation voltage not extractable from SLD text layer (graphical); name/page only
QLD,QLD-m,ABERMAIN,T136,,,,connectivity + per-substation voltage not extractable from SLD text layer (graphical); name/page only
QLD,QLD-m,WULKURAKA,SSQRW,,,,connectivity + per-substation voltage not extractable from SLD text layer (graphical); name/page only
QLD,QLD-m,SSQRW,,,,,connectivity + per-substation voltage not extractable from SLD text layer (graphical); name/page only
QLD,QLD-m,RACEVIEW,SSRVW,,,,connectivity + per-substation voltage not extractable from SLD text layer (graphical); name/page only
QLD,QLD-m,SSRVW,,,,,connectivity + per-substation voltage not extractable from SLD text layer (graphical); name/page only
QLD,QLD-m,BLACKSTONE,H72,,,,connectivity + per-substation voltage not extractable from SLD text layer (graphical); name/page only
QLD,QLD-m,GOODNA,H38,,,,connectivity + per-substation voltage not extractable from SLD text layer (graphical); name/page only
QLD,QLD-m,SWANBANK E,H51,,,,connectivity + per-substation voltage not extractable from SLD text layer (graphical); name/page only
QLD,QLD-m,SWANBANK E PS,H55,,,,connectivity + per-substation voltage not extractable from SLD text layer (graphical); name/page only
QLD,QLD-m,KELVIN GROVE,SSKVG,,,,connectivity + per-substation voltage not extractable from SLD text layer (graphical); name/page only
QLD,QLD-m,SSKVG,,,,,connectivity + per-substation voltage not extractable from SLD text layer (graphical); name/page only
QLD,QLD-m,WELLINGTON,,,,,connectivity + per-substation voltage not extractable from SLD text layer (graphical); name/page only
QLD,QLD-m,ROAD,SSWRD,,,,connectivity + per-substation voltage not extractable from SLD text layer (graphical); name/page only
QLD,QLD-m,SSWRD,,,,,connectivity + per-substation voltage not extractable from SLD text layer (graphical); name/page only
QLD,QLD-n,SSQR46,,,,,connectivity + per-substation voltage not extractable from SLD text layer (graphical); name/page only
QLD,QLD-n,BEENLEIGH,T108,,,,connectivity + per-substation voltage not extractable from SLD text layer (graphical); name/page only
QLD,QLD-n,NTH SPRINGWOOD,SSNSW,,,,connectivity + per-substation voltage not extractable from SLD text layer (graphical); name/page only
QLD,QLD-n,SSNSW,,,,,connectivity + per-substation voltage not extractable from SLD text layer (graphical); name/page only
QLD,QLD-n,YATALA,SSYTA,,,,connectivity + per-substation voltage not extractable from SLD text layer (graphical); name/page only
QLD,QLD-n,SSYTA,,,,,connectivity + per-substation voltage not extractable from SLD text layer (graphical); name/page only
QLD,QLD-n,COOMERA,SSCMA,,,,connectivity + per-substation voltage not extractable from SLD text layer (graphical); name/page only
QLD,QLD-n,SSCMA,,,,,connectivity + per-substation voltage not extractable from SLD text layer (graphical); name/page only
QLD,QLD-n,LOGANLEA,H22,,,,connectivity + per-substation voltage not extractable from SLD text layer (graphical); name/page only
QLD,QLD-n,DOBOY,SSDBS,,,,connectivity + per-substation voltage not extractable from SLD text layer (graphical); name/page only
QLD,QLD-n,SSDBS,,,,,connectivity + per-substation voltage not extractable from SLD text layer (graphical); name/page only
QLD,QLD-n,MURARRIE,H21,,,,connectivity + per-substation voltage not extractable from SLD text layer (graphical); name/page only
QLD,QLD-n,BELMONT,H3,,,,connectivity + per-substation voltage not extractable from SLD text layer (graphical); name/page only
QLD,QLD-n,CLEVELAND,SSCVL,,,,connectivity + per-substation voltage not extractable from SLD text layer (graphical); name/page only
QLD,QLD-n,SSCVL,,,,,connectivity + per-substation voltage not extractable from SLD text layer (graphical); name/page only
QLD,QLD-n,MUDGEERABA,H4,,,,connectivity + per-substation voltage not extractable from SLD text layer (graphical); name/page only
QLD,QLD-n,CADES COUNTY,T81,,,,connectivity + per-substation voltage not extractable from SLD text layer (graphical); name/page only
QLD,QLD-n,ROBINA,T128,,,,connectivity + per-substation voltage not extractable from SLD text layer (graphical); name/page only
QLD,QLD-n,SURFERS PARADISE,SSSPD,,,,connectivity + per-substation voltage not extractable from SLD text layer (graphical); name/page only
QLD,QLD-n,SSSPD,,,,,connectivity + per-substation voltage not extractable from SLD text layer (graphical); name/page only
QLD,QLD-n,IBIS,SSIBS,,,,connectivity + per-substation voltage not extractable from SLD text layer (graphical); name/page only
QLD,QLD-n,SSIBS,,,,,connectivity + per-substation voltage not extractable from SLD text layer (graphical); name/page only
QLD,QLD-n,STRADBROKE ISLAND,SSSIS,,,,connectivity + per-substation voltage not extractable from SLD text layer (graphical); name/page only
QLD,QLD-n,SSSIS,,,,,connectivity + per-substation voltage not extractable from SLD text layer (graphical); name/page only
QLD,QLD-n,MOLENDINAR,H31,,,,connectivity + per-substation voltage not extractable from SLD text layer (graphical); name/page only
QLD,QLD-n,SOUTHPORT,SSSPO,,,,connectivity + per-substation voltage not extractable from SLD text layer (graphical); name/page only
QLD,QLD-n,SSSPO,,,,,connectivity + per-substation voltage not extractable from SLD text layer (graphical); name/page only
QLD,QLD-n,BROADBEACH,SSBBH,,,,connectivity + per-substation voltage not extractable from SLD text layer (graphical); name/page only
QLD,QLD-n,SSBBH,,,,,connectivity + per-substation voltage not extractable from SLD text layer (graphical); name/page only
QLD,QLD-n,NERANG,T75,,,,connectivity + per-substation voltage not extractable from SLD text layer (graphical); name/page only
QLD,QLD-n,BURLEIGH HEADS,SSBHD,,,,connectivity + per-substation voltage not extractable from SLD text layer (graphical); name/page only
QLD,QLD-n,SSBHD,,,,,connectivity + per-substation voltage not extractable from SLD text layer (graphical); name/page only
QLD,QLD-n,TERRANORA,T174,,,,connectivity + per-substation voltage not extractable from SLD text layer (graphical); name/page only
QLD,QLD-n,BROWNS PLAINS,SSBPN,,,,connectivity + per-substation voltage not extractable from SLD text layer (graphical); name/page only
QLD,QLD-n,SSBPN,,,,,connectivity + per-substation voltage not extractable from SLD text layer (graphical); name/page only
QLD,QLD-n,SSJBB,,,,,connectivity + per-substation voltage not extractable from SLD text layer (graphical); name/page only
QLD,QLD-n,ROCKY POINT,SSRPT,,,,connectivity + per-substation voltage not extractable from SLD text layer (graphical); name/page only
QLD,QLD-n,SSRPT,,,,,connectivity + per-substation voltage not extractable from SLD text layer (graphical); name/page only
QLD,QLD-n,SSLBS,,,,,connectivity + per-substation voltage not extractable from SLD text layer (graphical); name/page only
QLD,QLD-n,SST114,,,,,connectivity + per-substation voltage not extractable from SLD text layer (graphical); name/page only
QLD,QLD-n,SSVSL,,,,,connectivity + per-substation voltage not extractable from SLD text layer (graphical); name/page only
QLD,QLD-n,MERRIMAC,SSMMC,,,,connectivity + per-substation voltage not extractable from SLD text layer (graphical); name/page only
QLD,QLD-n,SSMMC,,,,,connectivity + per-substation voltage not extractable from SLD text layer (graphical); name/page only
QLD,QLD-n,BUNGALORA,,,,,connectivity + per-substation voltage not extractable from SLD text layer (graphical); name/page only
QLD,QLD-n,SSBBS,,,,,connectivity + per-substation voltage not extractable from SLD text layer (graphical); name/page only
NSW,NSW-a,KEMPSEY,,,,,connectivity + per-substation voltage not extractable from SLD text layer (graphical); name/page only
NSW,NSW-a,MULLUMBIMBY,,,,,connectivity + per-substation voltage not extractable from SLD text layer (graphical); name/page only
NSW,NSW-a,EWINGSDALE,,,,,connectivity + per-substation voltage not extractable from SLD text layer (graphical); name/page only
NSW,NSW-a,SUFFOLK,,,,,connectivity + per-substation voltage not extractable from SLD text layer (graphical); name/page only
NSW,NSW-a,LENNOX,,,,,connectivity + per-substation voltage not extractable from SLD text layer (graphical); name/page only
NSW,NSW-a,HEAD,,,,,connectivity + per-substation voltage not extractable from SLD text layer (graphical); name/page only
NSW,NSW-a,BALLINA,,,,,connectivity + per-substation voltage not extractable from SLD text layer (graphical); name/page only
NSW,NSW-a,ALSTONVILLE,,,,,connectivity + per-substation voltage not extractable from SLD text layer (graphical); name/page only
NSW,NSW-a,DUNOON,,,,,connectivity + per-substation voltage not extractable from SLD text layer (graphical); name/page only
NSW,NSW-a,LISMORE,,,,,connectivity + per-substation voltage not extractable from SLD text layer (graphical); name/page only
NSW,NSW-a,RALEIGH,,,,,connectivity + per-substation voltage not extractable from SLD text layer (graphical); name/page only
NSW,NSW-a,KOOLKHAN,,,,,connectivity + per-substation voltage not extractable from SLD text layer (graphical); name/page only
NSW,NSW-a,EAST LISMORE,,,,,connectivity + per-substation voltage not extractable from SLD text layer (graphical); name/page only
NSW,NSW-a,SOUTH LISMORE,,,,,connectivity + per-substation voltage not extractable from SLD text layer (graphical); name/page only
NSW,NSW-a,LISMORE S/S,,,,,connectivity + per-substation voltage not extractable from SLD text layer (graphical); name/page only
NSW,NSW-a,CASINO,,,,,connectivity + per-substation voltage not extractable from SLD text layer (graphical); name/page only
NSW,NSW-a,TENTERFIELD,,,,,connectivity + per-substation voltage not extractable from SLD text layer (graphical); name/page only
NSW,NSW-a,GLEN INNES,,,,,connectivity + per-substation voltage not extractable from SLD text layer (graphical); name/page only
NSW,NSW-a,INVERELL MOREE,,,,,connectivity + per-substation voltage not extractable from SLD text layer (graphical); name/page only
NSW,NSW-a,DUMERESQ,,,,,connectivity + per-substation voltage not extractable from SLD text layer (graphical); name/page only
NSW,NSW-a,ARMIDALE,,,,,connectivity + per-substation voltage not extractable from SLD text layer (graphical); name/page only
NSW,NSW-a,GUNNEDAH,,,,,connectivity + per-substation voltage not extractable from SLD text layer (graphical); name/page only
NSW,NSW-a,NARRABRI,,,,,connectivity + per-substation voltage not extractable from SLD text layer (graphical); name/page only
NSW,NSW-a,BOGGABRI EAST,,,,,connectivity + per-substation voltage not extractable from SLD text layer (graphical); name/page only
NSW,NSW-a,BOAMBEE,,,,,connectivity + per-substation voltage not extractable from SLD text layer (graphical); name/page only
NSW,NSW-a,NAMBUCCA,,,,,connectivity + per-substation voltage not extractable from SLD text layer (graphical); name/page only
NSW,NSW-a,MACKSVILLE,,,,,connectivity + per-substation voltage not extractable from SLD text layer (graphical); name/page only
NSW,NSW-a,PORT MACQUARIE,,,,,connectivity + per-substation voltage not extractable from SLD text layer (graphical); name/page only
NSW,NSW-a,COFFS,,,,,connectivity + per-substation voltage not extractable from SLD text layer (graphical); name/page only
NSW,NSW-a,HARBOUR,,,,,connectivity + per-substation voltage not extractable from SLD text layer (graphical); name/page only
NSW,NSW-a,RAPVILLE,,,,,connectivity + per-substation voltage not extractable from SLD text layer (graphical); name/page only
NSW,NSW-a,TAREE,,,,,connectivity + per-substation voltage not extractable from SLD text layer (graphical); name/page only
NSW,NSW-a,STROUD,,,,,connectivity + per-substation voltage not extractable from SLD text layer (graphical); name/page only
NSW,NSW-a,BERESFIELD,,,,,connectivity + per-substation voltage not extractable from SLD text layer (graphical); name/page only
NSW,NSW-a,BRANDY,,,,,connectivity + per-substation voltage not extractable from SLD text layer (graphical); name/page only
NSW,NSW-a,KURRI,,,,,connectivity + per-substation voltage not extractable from SLD text layer (graphical); name/page only
NSW,NSW-a,CAPRAL,,,,,connectivity + per-substation voltage not extractable from SLD text layer (graphical); name/page only
NSW,NSW-a,LANDSDOWN,,,,,connectivity + per-substation voltage not extractable from SLD text layer (graphical); name/page only
NSW,NSW-a,ZONE SUB,,,,,connectivity + per-substation voltage not extractable from SLD text layer (graphical); name/page only
NSW,NSW-a,ROTHBURY,,,,,connectivity + per-substation voltage not extractable from SLD text layer (graphical); name/page only
NSW,NSW-a,BOGGABRI,,,,,connectivity + per-substation voltage not extractable from SLD text layer (graphical); name/page only
NSW,NSW-a,BUNGALORA,,,,,connectivity + per-substation voltage not extractable from SLD text layer (graphical); name/page only
NSW,NSW-a,MOREE,,,,,connectivity + per-substation voltage not extractable from SLD text layer (graphical); name/page only
NSW,NSW-a,DORRIGO,,,,,connectivity + per-substation voltage not extractable from SLD text layer (graphical); name/page only
NSW,NSW-a,WHITE,,,,,connectivity + per-substation voltage not extractable from SLD text layer (graphical); name/page only
NSW,NSW-a,ROCK,,,,,connectivity + per-substation voltage not extractable from SLD text layer (graphical); name/page only
NSW,NSW-a,SAPPHIRE,,,,,connectivity + per-substation voltage not extractable from SLD text layer (graphical); name/page only
NSW,NSW-b,TAMWORTH,,,,,connectivity + per-substation voltage not extractable from SLD text layer (graphical); name/page only
NSW,NSW-b,MUSWELLBROOK,,,,,connectivity + per-substation voltage not extractable from SLD text layer (graphical); name/page only
NSW,NSW-b,MITCHELL,,,,,connectivity + per-substation voltage not extractable from SLD text layer (graphical); name/page only
NSW,NSW-b,SINGLETON,,,,,connectivity + per-substation voltage not extractable from SLD text layer (graphical); name/page only
NSW,NSW-b,LIDDELL,,,,,connectivity + per-substation voltage not extractable from SLD text layer (graphical); name/page only
NSW,NSW-b,TOMAGO,,,,,connectivity + per-substation voltage not extractable from SLD text layer (graphical); name/page only
NSW,NSW-b,HAWKS NEST,,,,,connectivity + per-substation voltage not extractable from SLD text layer (graphical); name/page only
NSW,NSW-b,MUNMORAH,,,,,connectivity + per-substation voltage not extractable from SLD text layer (graphical); name/page only
NSW,NSW-b,VALES,,,,,connectivity + per-substation voltage not extractable from SLD text layer (graphical); name/page only
NSW,NSW-b,COLONGRA,,,,,connectivity + per-substation voltage not extractable from SLD text layer (graphical); name/page only
NSW,NSW-b,CHARMHAVEN,,,,,connectivity + per-substation voltage not extractable from SLD text layer (graphical); name/page only
NSW,NSW-b,WYONG,,,,,connectivity + per-substation voltage not extractable from SLD text layer (graphical); name/page only
NSW,NSW-b,TUGGERAH,,,,,connectivity + per-substation voltage not extractable from SLD text layer (graphical); name/page only
NSW,NSW-b,WAMBERAL,,,,,connectivity + per-substation voltage not extractable from SLD text layer (graphical); name/page only
NSW,NSW-b,OURIMBAH,,,,,connectivity + per-substation voltage not extractable from SLD text layer (graphical); name/page only
NSW,NSW-b,GOSFORD,,,,,connectivity + per-substation voltage not extractable from SLD text layer (graphical); name/page only
NSW,NSW-b,SOMMERSBY,,,,,connectivity + per-substation voltage not extractable from SLD text layer (graphical); name/page only
NSW,NSW-c,GEN MAIN,,,,,connectivity + per-substation voltage not extractable from SLD text layer (graphical); name/page only
NSW,NSW-c,WARATAH,,,,,connectivity + per-substation voltage not extractable from SLD text layer (graphical); name/page only
NSW,NSW-c,BROADMEADOW MEREWETHER,,,,,connectivity + per-substation voltage not extractable from SLD text layer (graphical); name/page only
NSW,NSW-c,CHARLESTOWN,,,,,connectivity + per-substation voltage not extractable from SLD text layer (graphical); name/page only
NSW,NSW-c,ARGENTON,,,,,connectivity + per-substation voltage not extractable from SLD text layer (graphical); name/page only
NSW,NSW-c,NEWCASTLE,,,,,connectivity + per-substation voltage not extractable from SLD text layer (graphical); name/page only
NSW,NSW-c,ERARING,,,,,connectivity + per-substation voltage not extractable from SLD text layer (graphical); name/page only
NSW,NSW-c,RATHMINES,,,,,connectivity + per-substation voltage not extractable from SLD text layer (graphical); name/page only
NSW,NSW-c,MORISSET,,,,,connectivity + per-substation voltage not extractable from SLD text layer (graphical); name/page only
NSW,NSW-c,AWABA,,,,,connectivity + per-substation voltage not extractable from SLD text layer (graphical); name/page only
NSW,NSW-c,MARYLAND,,,,,connectivity + per-substation voltage not extractable from SLD text layer (graphical); name/page only
NSW,NSW-c,JESMOND,,,,,connectivity + per-substation voltage not extractable from SLD text layer (graphical); name/page only
NSW,NSW-c,GTGT,,,,,connectivity + per-substation voltage not extractable from SLD text layer (graphical); name/page only
NSW,NSW-c,SYDNEY,,,,,connectivity + per-substation voltage not extractable from SLD text layer (graphical); name/page only
NSW,NSW-c,MACQUARIE PARK,,,,,connectivity + per-substation voltage not extractable from SLD text layer (graphical); name/page only
NSW,NSW-c,KEMPS CREEK,,,,,connectivity + per-substation voltage not extractable from SLD text layer (graphical); name/page only
NSW,NSW-c,TORONTO,,,,,connectivity + per-substation voltage not extractable from SLD text layer (graphical); name/page only
NSW,NSW-d,VINEYARD,,,,,connectivity + per-substation voltage not extractable from SLD text layer (graphical); name/page only
NSW,NSW-d,HAWKSBURY,,,,,connectivity + per-substation voltage not extractable from SLD text layer (graphical); name/page only
NSW,NSW-d,ROUSE HILL,,,,,connectivity + per-substation voltage not extractable from SLD text layer (graphical); name/page only
NSW,NSW-d,MUNGERIE,,,,,connectivity + per-substation voltage not extractable from SLD text layer (graphical); name/page only
NSW,NSW-d,LANE COVE,,,,,connectivity + per-substation voltage not extractable from SLD text layer (graphical); name/page only
NSW,NSW-d,MEADOWBANK,,,,,connectivity + per-substation voltage not extractable from SLD text layer (graphical); name/page only
NSW,NSW-d,TOP RYDE,,,,,connectivity + per-substation voltage not extractable from SLD text layer (graphical); name/page only
NSW,NSW-d,MASON PARK,,,,,connectivity + per-substation voltage not extractable from SLD text layer (graphical); name/page only
NSW,NSW-d,CHULLORA,,,,,connectivity + per-substation voltage not extractable from SLD text layer (graphical); name/page only
NSW,NSW-d,MARRICKVILLE,,,,,connectivity + per-substation voltage not extractable from SLD text layer (graphical); name/page only
NSW,NSW-d,HOMEBUSH,,,,,connectivity + per-substation voltage not extractable from SLD text layer (graphical); name/page only
NSW,NSW-d,DRUMMOYNE,,,,,connectivity + per-substation voltage not extractable from SLD text layer (graphical); name/page only
NSW,NSW-d,ROZELLE,,,,,connectivity + per-substation voltage not extractable from SLD text layer (graphical); name/page only
NSW,NSW-d,SCHOFIE LDS,,,,,connectivity + per-substation voltage not extractable from SLD text layer (graphical); name/page only
NSW,NSW-e,PARKLEA,,,,,connectivity + per-substation voltage not extractable from SLD text layer (graphical); name/page only
NSW,NSW-e,CASTLE HILL,,,,,connectivity + per-substation voltage not extractable from SLD text layer (graphical); name/page only
NSW,NSW-e,CHERITON,,,,,connectivity + per-substation voltage not extractable from SLD text layer (graphical); name/page only
NSW,NSW-e,AVENUE,,,,,connectivity + per-substation voltage not extractable from SLD text layer (graphical); name/page only
NSW,NSW-e,BELLA VISTA,,,,,connectivity + per-substation voltage not extractable from SLD text layer (graphical); name/page only
NSW,NSW-e,BAULKHAM,,,,,connectivity + per-substation voltage not extractable from SLD text layer (graphical); name/page only
NSW,NSW-e,HILLS,,,,,connectivity + per-substation voltage not extractable from SLD text layer (graphical); name/page only
NSW,NSW-e,CARLINGFORD,,,,,connectivity + per-substation voltage not extractable from SLD text layer (graphical); name/page only
NSW,NSW-e,BEACONSFIELD,,,,,connectivity + per-substation voltage not extractable from SLD text layer (graphical); name/page only
NSW,NSW-e,CANTERBURY,,,,,connectivity + per-substation voltage not extractable from SLD text layer (graphical); name/page only
NSW,NSW-e,NEW CANTERBURY 91A92C,,,,,connectivity + per-substation voltage not extractable from SLD text layer (graphical); name/page only
NSW,NSW-e,ST PETER,,,,,connectivity + per-substation voltage not extractable from SLD text layer (graphical); name/page only
NSW,NSW-e,BELMORE PARK,,,,,connectivity + per-substation voltage not extractable from SLD text layer (graphical); name/page only
NSW,NSW-e,ROCKDALE,,,,,connectivity + per-substation voltage not extractable from SLD text layer (graphical); name/page only
NSW,NSW-e,PEAKHURST,,,,,connectivity + per-substation voltage not extractable from SLD text layer (graphical); name/page only
NSW,NSW-e,KOGARAH,,,,,connectivity + per-substation voltage not extractable from SLD text layer (graphical); name/page only
NSW,NSW-e,CLOVELLYZETLAND,,,,,connectivity + per-substation voltage not extractable from SLD text layer (graphical); name/page only
NSW,NSW-e,HURSTVILLE,,,,,connectivity + per-substation voltage not extractable from SLD text layer (graphical); name/page only
NSW,NSW-e,KINGSFORD,,,,,connectivity + per-substation voltage not extractable from SLD text layer (graphical); name/page only
NSW,NSW-e,MAROUBRA,,,,,connectivity + per-substation voltage not extractable from SLD text layer (graphical); name/page only
NSW,NSW-e,BUNNERONG,,,,,connectivity + per-substation voltage not extractable from SLD text layer (graphical); name/page only
NSW,NSW-e,KURNELL,,,,,connectivity + per-substation voltage not extractable from SLD text layer (graphical); name/page only
NSW,NSW-f,GWAWLEY,,,,,connectivity + per-substation voltage not extractable from SLD text layer (graphical); name/page only
NSW,NSW-f,CRONULLA KIRRAWEE,,,,,connectivity + per-substation voltage not extractable from SLD text layer (graphical); name/page only
NSW,NSW-f,PORT,,,,,connectivity + per-substation voltage not extractable from SLD text layer (graphical); name/page only
NSW,NSW-f,HACKING,,,,,connectivity + per-substation voltage not extractable from SLD text layer (graphical); name/page only
NSW,NSW-f,MENAI,,,,,connectivity + per-substation voltage not extractable from SLD text layer (graphical); name/page only
NSW,NSW-f,HAYMARKET,,,,,connectivity + per-substation voltage not extractable from SLD text layer (graphical); name/page only
NSW,NSW-f,CAMPBELL,,,,,connectivity + per-substation voltage not extractable from SLD text layer (graphical); name/page only
NSW,NSW-f,GREEN,,,,,connectivity + per-substation voltage not extractable from SLD text layer (graphical); name/page only
NSW,NSW-f,SQUARE,,,,,connectivity + per-substation voltage not extractable from SLD text layer (graphical); name/page only
NSW,NSW-f,DOUBLE BAY,,,,,connectivity + per-substation voltage not extractable from SLD text layer (graphical); name/page only
NSW,NSW-f,SURRY HILLS,,,,,connectivity + per-substation voltage not extractable from SLD text layer (graphical); name/page only
NSW,NSW-f,DALLEY STREET,,,,,connectivity + per-substation voltage not extractable from SLD text layer (graphical); name/page only
NSW,NSW-f,WAVERLEY,,,,,connectivity + per-substation voltage not extractable from SLD text layer (graphical); name/page only
NSW,NSW-f,ROSE BAY,,,,,connectivity + per-substation voltage not extractable from SLD text layer (graphical); name/page only
NSW,NSW-f,DOONSIDE,,,,,connectivity + per-substation voltage not extractable from SLD text layer (graphical); name/page only
NSW,NSW-f,ROOTY HILL,,,,,connectivity + per-substation voltage not extractable from SLD text layer (graphical); name/page only
NSW,NSW-f,QUAKERS,,,,,connectivity + per-substation voltage not extractable from SLD text layer (graphical); name/page only
NSW,NSW-f,A CB,,,,,connectivity + per-substation voltage not extractable from SLD text layer (graphical); name/page only
NSW,NSW-f,BLACKTOWN,,,,,connectivity + per-substation voltage not extractable from SLD text layer (graphical); name/page only
NSW,NSW-f,ARNDELL,,,,,connectivity + per-substation voltage not extractable from SLD text layer (graphical); name/page only
NSW,NSW-f,HUNTINGWOOD,,,,,connectivity + per-substation voltage not extractable from SLD text layer (graphical); name/page only
NSW,NSW-f,ENGADINE,,,,,connectivity + per-substation voltage not extractable from SLD text layer (graphical); name/page only
NSW,NSW-f,PYRMONT,,,,,connectivity + per-substation voltage not extractable from SLD text layer (graphical); name/page only
NSW,NSW-f,ALEXANDRIA,,,,,connectivity + per-substation voltage not extractable from SLD text layer (graphical); name/page only
NSW,NSW-g,HOLROYD,,,,,connectivity + per-substation voltage not extractable from SLD text layer (graphical); name/page only
NSW,NSW-g,ROOKWOOD RD,,,,,connectivity + per-substation voltage not extractable from SLD text layer (graphical); name/page only
NSW,NSW-g,GUILFORD,,,,,connectivity + per-substation voltage not extractable from SLD text layer (graphical); name/page only
NSW,NSW-g,EAST PARRAMATTA,,,,,connectivity + per-substation voltage not extractable from SLD text layer (graphical); name/page only
NSW,NSW-g,NORTH PARRAMATTA,,,,,connectivity + per-substation voltage not extractable from SLD text layer (graphical); name/page only
NSW,NSW-g,WEST PARRAMATTA,,,,,connectivity + per-substation voltage not extractable from SLD text layer (graphical); name/page only
NSW,NSW-g,WETHERILL,,,,,connectivity + per-substation voltage not extractable from SLD text layer (graphical); name/page only
NSW,NSW-g,POTTS HILL,,,,,connectivity + per-substation voltage not extractable from SLD text layer (graphical); name/page only
NSW,NSW-g,SEFTON,,,,,connectivity + per-substation voltage not extractable from SLD text layer (graphical); name/page only
NSW,NSW-g,GREENACRE,,,,,connectivity + per-substation voltage not extractable from SLD text layer (graphical); name/page only
NSW,NSW-g,BANKSTOWN,,,,,connectivity + per-substation voltage not extractable from SLD text layer (graphical); name/page only
NSW,NSW-g,CAMELLIA,,,,,connectivity + per-substation voltage not extractable from SLD text layer (graphical); name/page only
NSW,NSW-g,GRANVILLE,,,,,connectivity + per-substation voltage not extractable from SLD text layer (graphical); name/page only
NSW,NSW-g,SMITHFIELD,,,,,connectivity + per-substation voltage not extractable from SLD text layer (graphical); name/page only
NSW,NSW-h,O 947/WB2,,,,,connectivity + per-substation voltage not extractable from SLD text layer (graphical); name/page only
NSW,NSW-h,ILFORD,,,,,connectivity + per-substation voltage not extractable from SLD text layer (graphical); name/page only
NSW,NSW-h,CADIA,,,,,connectivity + per-substation voltage not extractable from SLD text layer (graphical); name/page only
NSW,NSW-h,BURRONDONG,,,,,connectivity + per-substation voltage not extractable from SLD text layer (graphical); name/page only
NSW,NSW-h,MANILDRA,,,,,connectivity + per-substation voltage not extractable from SLD text layer (graphical); name/page only
NSW,NSW-h,MOLONG,,,,,connectivity + per-substation voltage not extractable from SLD text layer (graphical); name/page only
NSW,NSW-h,WELLINGTON,,,,,connectivity + per-substation voltage not extractable from SLD text layer (graphical); name/page only
NSW,NSW-h,ORANGE,,,,,connectivity + per-substation voltage not extractable from SLD text layer (graphical); name/page only
NSW,NSW-h,GOULBURN,,,,,connectivity + per-substation voltage not extractable from SLD text layer (graphical); name/page only
NSW,NSW-h,MARULAN,,,,,connectivity + per-substation voltage not extractable from SLD text layer (graphical); name/page only
NSW,NSW-h,FAIRFAX,,,,,connectivity + per-substation voltage not extractable from SLD text layer (graphical); name/page only
NSW,NSW-h,TARALGA,,,,,connectivity + per-substation voltage not extractable from SLD text layer (graphical); name/page only
NSW,NSW-h,BANNABY,,,,,connectivity + per-substation voltage not extractable from SLD text layer (graphical); name/page only
NSW,NSW-h,WOLLAR,,,,,connectivity + per-substation voltage not extractable from SLD text layer (graphical); name/page only
NSW,NSW-h,PANORAMA,,,,,connectivity + per-substation voltage not extractable from SLD text layer (graphical); name/page only
NSW,NSW-h,MT PIPER,,,,,connectivity + per-substation voltage not extractable from SLD text layer (graphical); name/page only
NSW,NSW-h,MU DGEE BERYL,,,,,connectivity + per-substation voltage not extractable from SLD text layer (graphical); name/page only
NSW,NSW-h,WALLERAWANG,,,,,connectivity + per-substation voltage not extractable from SLD text layer (graphical); name/page only
NSW,NSW-h,KATOOMBA,,,,,connectivity + per-substation voltage not extractable from SLD text layer (graphical); name/page only
NSW,NSW-h,MACARTHUR,,,,,connectivity + per-substation voltage not extractable from SLD text layer (graphical); name/page only
NSW,NSW-h,AVON,,,,,connectivity + per-substation voltage not extractable from SLD text layer (graphical); name/page only
NSW,NSW-h,WOODLAWN,,,,,connectivity + per-substation voltage not extractable from SLD text layer (graphical); name/page only
NSW,NSW-h,CAPITAL HILL,,,,,connectivity + per-substation voltage not extractable from SLD text layer (graphical); name/page only
NSW,NSW-h,CAPITAL,,,,,connectivity + per-substation voltage not extractable from SLD text layer (graphical); name/page only
NSW,NSW-h,KANGAROO VALLEY,,,,,connectivity + per-substation voltage not extractable from SLD text layer (graphical); name/page only
NSW,NSW-h,BENDELLA,,,,,connectivity + per-substation voltage not extractable from SLD text layer (graphical); name/page only
NSW,NSW-h,DUBBO,,,,,connectivity + per-substation voltage not extractable from SLD text layer (graphical); name/page only
NSW,NSW-h,NEVERTIRE,,,,,connectivity + per-substation voltage not extractable from SLD text layer (graphical); name/page only
NSW,NSW-h,WEST 9GT 9GR,,,,,connectivity + per-substation voltage not extractable from SLD text layer (graphical); name/page only
NSW,NSW-h,NARROMINE,,,,,connectivity + per-substation voltage not extractable from SLD text layer (graphical); name/page only
NSW,NSW-h,NARROMINE943/2,,,,,connectivity + per-substation voltage not extractable from SLD text layer (graphical); name/page only
NSW,NSW-h,NYNGAN,,,,,connectivity + per-substation voltage not extractable from SLD text layer (graphical); name/page only
NSW,NSW-h,SCRUBBY,,,,,connectivity + per-substation voltage not extractable from SLD text layer (graphical); name/page only
NSW,NSW-h,BODANGORA,,,,,connectivity + per-substation voltage not extractable from SLD text layer (graphical); name/page only
NSW,NSW-i,A30 A54 A54,,,,,connectivity + per-substation voltage not extractable from SLD text layer (graphical); name/page only
NSW,NSW-i,EAST LAKE,,,,,connectivity + per-substation voltage not extractable from SLD text layer (graphical); name/page only
NSW,NSW-i,CANBERRA,,,,,connectivity + per-substation voltage not extractable from SLD text layer (graphical); name/page only
NSW,NSW-i,QUEANBEYAN,,,,,connectivity + per-substation voltage not extractable from SLD text layer (graphical); name/page only
NSW,NSW-i,WODEN,,,,,connectivity + per-substation voltage not extractable from SLD text layer (graphical); name/page only
NSW,NSW-i,WANNIASSA,,,,,connectivity + per-substation voltage not extractable from SLD text layer (graphical); name/page only
NSW,NSW-i,A41 A41 GILMORE,,,,,connectivity + per-substation voltage not extractable from SLD text layer (graphical); name/page only
NSW,NSW-i,THEODORE,,,,,connectivity + per-substation voltage not extractable from SLD text layer (graphical); name/page only
NSW,NSW-i,ROYALLA,,,,,connectivity + per-substation voltage not extractable from SLD text layer (graphical); name/page only
NSW,NSW-i,WILLIAMSDALE,,,,,connectivity + per-substation voltage not extractable from SLD text layer (graphical); name/page only
NSW,NSW-i,MUNYANG,,,,,connectivity + per-substation voltage not extractable from SLD text layer (graphical); name/page only
NSW,NSW-i,BEGA,,,,,connectivity + per-substation voltage not extractable from SLD text layer (graphical); name/page only
NSW,NSW-i,STEEPLE,,,,,connectivity + per-substation voltage not extractable from SLD text layer (graphical); name/page only
NSW,NSW-i,FLAT,,,,,connectivity + per-substation voltage not extractable from SLD text layer (graphical); name/page only
NSW,NSW-i,BOCO,,,,,connectivity + per-substation voltage not extractable from SLD text layer (graphical); name/page only
NSW,NSW-i,CAUSEWAY CITY EAST,,,,,connectivity + per-substation voltage not extractable from SLD text layer (graphical); name/page only
NSW,NSW-i,BRUCE,,,,,connectivity + per-substation voltage not extractable from SLD text layer (graphical); name/page only
NSW,NSW-i,BELCONNEN,,,,,connectivity + per-substation voltage not extractable from SLD text layer (graphical); name/page only
NSW,NSW-i,LATHAM,,,,,connectivity + per-substation voltage not extractable from SLD text layer (graphical); name/page only
NSW,NSW-i,GOLD,,,,,connectivity + per-substation voltage not extractable from SLD text layer (graphical); name/page only
NSW,NSW-i,CIVIC,,,,,connectivity + per-substation voltage not extractable from SLD text layer (graphical); name/page only
NSW,NSW-i,LAKE A45/1,,,,,connectivity + per-substation voltage not extractable from SLD text layer (graphical); name/page only
NSW,NSW-i,BURRINJUCK,,,,,connectivity + per-substation voltage not extractable from SLD text layer (graphical); name/page only
NSW,NSW-i,MURRUMBURRAH4,,,,,connectivity + per-substation voltage not extractable from SLD text layer (graphical); name/page only
NSW,NSW-i,YASS,,,,,connectivity + per-substation voltage not extractable from SLD text layer (graphical); name/page only
NSW,NSW-i,GULLEN RANGE,,,,,connectivity + per-substation voltage not extractable from SLD text layer (graphical); name/page only
NSW,NSW-i,GUNNING,,,,,connectivity + per-substation voltage not extractable from SLD text layer (graphical); name/page only
NSW,NSW-i,CULLERIN,,,,,connectivity + per-substation voltage not extractable from SLD text layer (graphical); name/page only
NSW,NSW-i,RANGE,,,,,connectivity + per-substation voltage not extractable from SLD text layer (graphical); name/page only
NSW,NSW-i,COWRA,,,,,connectivity + per-substation voltage not extractable from SLD text layer (graphical); name/page only
NSW,NSW-i,FORBES,,,,,connectivity + per-substation voltage not extractable from SLD text layer (graphical); name/page only
NSW,NSW-i,PARKES,,,,,connectivity + per-substation voltage not extractable from SLD text layer (graphical); name/page only
NSW,NSW-i,SNOWY,,,,,connectivity + per-substation voltage not extractable from SLD text layer (graphical); name/page only
NSW,NSW-i,ADIT,,,,,connectivity + per-substation voltage not extractable from SLD text layer (graphical); name/page only
NSW,NSW-i,COOMA,,,,,connectivity + per-substation voltage not extractable from SLD text layer (graphical); name/page only
NSW,NSW-i,MUGGA,,,,,connectivity + per-substation voltage not extractable from SLD text layer (graphical); name/page only
NSW,NSW-i,GOOGONG,,,,,connectivity + per-substation voltage not extractable from SLD text layer (graphical); name/page only
NSW,NSW-j,BAYSWATER,,,,,connectivity + per-substation voltage not extractable from SLD text layer (graphical); name/page only
NSW,NSW-j,REGENTVILLE,,,,,connectivity + per-substation voltage not extractable from SLD text layer (graphical); name/page only
NSW,NSW-j,LIVERPOOL,,,,,connectivity + per-substation voltage not extractable from SLD text layer (graphical); name/page only
NSW,NSW-j,ABBOTSBURY,,,,,connectivity + per-substation voltage not extractable from SLD text layer (graphical); name/page only
NSW,NSW-j,LEPPINGTON,,,,,connectivity + per-substation voltage not extractable from SLD text layer (graphical); name/page only
NSW,NSW-j,DENHAM,,,,,connectivity + per-substation voltage not extractable from SLD text layer (graphical); name/page only
NSW,NSW-j,COURT,,,,,connectivity + per-substation voltage not extractable from SLD text layer (graphical); name/page only
NSW,NSW-j,NEPEAN,,,,,connectivity + per-substation voltage not extractable from SLD text layer (graphical); name/page only
NSW,NSW-j,SYDNEY WEST5,,,,,connectivity + per-substation voltage not extractable from SLD text layer (graphical); name/page only
NSW,NSW-j,SYDNEY SOUTH,,,,,connectivity + per-substation voltage not extractable from SLD text layer (graphical); name/page only
NSW,NSW-j,INGLEBURN,,,,,connectivity + per-substation voltage not extractable from SLD text layer (graphical); name/page only
NSW,NSW-j,DAPTOSPRINGHILL,,,,,connectivity + per-substation voltage not extractable from SLD text layer (graphical); name/page only
NSW,NSW-j,TALLAWARRA,,,,,connectivity + per-substation voltage not extractable from SLD text layer (graphical); name/page only
NSW,NSW-j,LAWSON,,,,,connectivity + per-substation voltage not extractable from SLD text layer (graphical); name/page only
NSW,NSW-j,WARRIMOOMAMRE,,,,,connectivity + per-substation voltage not extractable from SLD text layer (graphical); name/page only
NSW,NSW-j,MT DRUIT,,,,,connectivity + per-substation voltage not extractable from SLD text layer (graphical); name/page only
NSW,NSW-j,PENRITH,,,,,connectivity + per-substation voltage not extractable from SLD text layer (graphical); name/page only
NSW,NSW-j,GRANGE,,,,,connectivity + per-substation voltage not extractable from SLD text layer (graphical); name/page only
NSW,NSW-j,ORAN,,,,,connectivity + per-substation voltage not extractable from SLD text layer (graphical); name/page only
NSW,NSW-j,BRINGELLY,,,,,connectivity + per-substation voltage not extractable from SLD text layer (graphical); name/page only
NSW,NSW-j,S /CS /C,,,,,connectivity + per-substation voltage not extractable from SLD text layer (graphical); name/page only
NSW,NSW-k,LOWER TUMUT,,,,,connectivity + per-substation voltage not extractable from SLD text layer (graphical); name/page only
NSW,NSW-k,UPPER TUMUT,,,,,connectivity + per-substation voltage not extractable from SLD text layer (graphical); name/page only
NSW,NSW-k,URANQUINTY,,,,,connectivity + per-substation voltage not extractable from SLD text layer (graphical); name/page only
NSW,NSW-k,FINLEY,,,,,connectivity + per-substation voltage not extractable from SLD text layer (graphical); name/page only
NSW,NSW-k,DENILIQUIN,,,,,connectivity + per-substation voltage not extractable from SLD text layer (graphical); name/page only
NSW,NSW-k,COLEAMBALLY,,,,,connectivity + per-substation voltage not extractable from SLD text layer (graphical); name/page only
NSW,NSW-k,YANCO,,,,,connectivity + per-substation voltage not extractable from SLD text layer (graphical); name/page only
NSW,NSW-k,GRIFFITH,,,,,connectivity + per-substation voltage not extractable from SLD text layer (graphical); name/page only
NSW,NSW-k,WAGGA,,,,,connectivity + per-substation voltage not extractable from SLD text layer (graphical); name/page only
NSW,NSW-k,MORVEN,,,,,connectivity + per-substation voltage not extractable from SLD text layer (graphical); name/page only
NSW,NSW-k,ANM ALBURY,,,,,connectivity + per-substation voltage not extractable from SLD text layer (graphical); name/page only
NSW,NSW-k,HUME,,,,,connectivity + per-substation voltage not extractable from SLD text layer (graphical); name/page only
NSW,NSW-k,MULWALA,,,,,connectivity + per-substation voltage not extractable from SLD text layer (graphical); name/page only
NSW,NSW-k,COROWA,,,,,connectivity + per-substation voltage not extractable from SLD text layer (graphical); name/page only
NSW,NSW-k,BALRANALD,,,,,connectivity + per-substation voltage not extractable from SLD text layer (graphical); name/page only
NSW,NSW-k,BURONGA,,,,,connectivity + per-substation voltage not extractable from SLD text layer (graphical); name/page only
NSW,NSW-k,BROKEN HILL,,,,,connectivity + per-substation voltage not extractable from SLD text layer (graphical); name/page only
NSW,NSW-k,DARLINGTON,,,,,connectivity + per-substation voltage not extractable from SLD text layer (graphical); name/page only
NSW,NSW-k,POINT3 1 3,,,,,connectivity + per-substation voltage not extractable from SLD text layer (graphical); name/page only
NSW,NSW-k,GUTHEGA,,,,,connectivity + per-substation voltage not extractable from SLD text layer (graphical); name/page only
NSW,NSW-k,TUMUT,,,,,connectivity + per-substation voltage not extractable from SLD text layer (graphical); name/page only
NSW,NSW-k,JOUNAMA,,,,,connectivity + per-substation voltage not extractable from SLD text layer (graphical); name/page only
NSW,NSW-k,GADARA,,,,,connectivity + per-substation voltage not extractable from SLD text layer (graphical); name/page only
NSW,NSW-k,BLOWERING,,,,,connectivity + per-substation voltage not extractable from SLD text layer (graphical); name/page only
NSW,NSW-k,SILVERTON,,,,,connectivity + per-substation voltage not extractable from SLD text layer (graphical); name/page only
VIC,VIC-a,RED CLIFFS,RCTS,,,,connectivity + per-substation voltage not extractable from SLD text layer (graphical); name/page only
VIC,VIC-a,RCTS,,,,,connectivity + per-substation voltage not extractable from SLD text layer (graphical); name/page only
VIC,VIC-a,WEMEN,WETS,,,,connectivity + per-substation voltage not extractable from SLD text layer (graphical); name/page only
VIC,VIC-a,WETS,,,,,connectivity + per-substation voltage not extractable from SLD text layer (graphical); name/page only
VIC,VIC-a,SHTS,,,,,connectivity + per-substation voltage not extractable from SLD text layer (graphical); name/page only
VIC,VIC-a,FVTS,,,,,connectivity + per-substation voltage not extractable from SLD text layer (graphical); name/page only
VIC,VIC-a,MORTLAKE,MOPS,,,,connectivity + per-substation voltage not extractable from SLD text layer (graphical); name/page only
VIC,VIC-a,MOPS,,,,,connectivity + per-substation voltage not extractable from SLD text layer (graphical); name/page only
VIC,VIC-a,HEYWOOD,HYTS,,,,connectivity + per-substation voltage not extractable from SLD text layer (graphical); name/page only
VIC,VIC-a,HYTS,,,,,connectivity + per-substation voltage not extractable from SLD text layer (graphical); name/page only
VIC,VIC-a,HYTS 1,,,,,connectivity + per-substation voltage not extractable from SLD text layer (graphical); name/page only
VIC,VIC-a,HYTS 2,,,,,connectivity + per-substation voltage not extractable from SLD text layer (graphical); name/page only
VIC,VIC-a,PORTLAND,PTWF,,,,connectivity + per-substation voltage not extractable from SLD text layer (graphical); name/page only
VIC,VIC-a,PTWF,,,,,connectivity + per-substation voltage not extractable from SLD text layer (graphical); name/page only
VIC,VIC-a,ALCOA,,,,,connectivity + per-substation voltage not extractable from SLD text layer (graphical); name/page only
VIC,VIC-a,MURRAYLINK,MLRC,,,,connectivity + per-substation voltage not extractable from SLD text layer (graphical); name/page only
VIC,VIC-a,MLRC,,,,,connectivity + per-substation voltage not extractable from SLD text layer (graphical); name/page only
VIC,VIC-a,MRTS,,,,,connectivity + per-substation voltage not extractable from SLD text layer (graphical); name/page only
VIC,VIC-a,RCTS KGTS,,,,,connectivity + per-substation voltage not extractable from SLD text layer (graphical); name/page only
VIC,VIC-a,BETS SHTS,,,,,connectivity + per-substation voltage not extractable from SLD text layer (graphical); name/page only
VIC,VIC-a,APD 1 TRTS 1,,,,,connectivity + per-substation voltage not extractable from SLD text layer (graphical); name/page only
VIC,VIC-a,APD 2 MOPS 2,,,,,connectivity + per-substation voltage not extractable from SLD text layer (graphical); name/page only
VIC,VIC-a,MLTS 2,,,,,connectivity + per-substation voltage not extractable from SLD text layer (graphical); name/page only
VIC,VIC-a,TRTS,,,,,connectivity + per-substation voltage not extractable from SLD text layer (graphical); name/page only
VIC,VIC-a,MLTS,,,,,connectivity + per-substation voltage not extractable from SLD text layer (graphical); name/page only
VIC,VIC-a,MOPS 2,,,,,connectivity + per-substation voltage not extractable from SLD text layer (graphical); name/page only
VIC,VIC-a,KARADOC,KSF,,,,connectivity + per-substation voltage not extractable from SLD text layer (graphical); name/page only
VIC,VIC-a,BANNERTON,BSP,,,,connectivity + per-substation voltage not extractable from SLD text layer (graphical); name/page only
VIC,VIC-a,ROBINVALE,RVL,,,,connectivity + per-substation voltage not extractable from SLD text layer (graphical); name/page only
VIC,VIC-a,WEMEN SOLAR FARM,WSF,,,,connectivity + per-substation voltage not extractable from SLD text layer (graphical); name/page only
VIC,VIC-a,HOTS,,,,,connectivity + per-substation voltage not extractable from SLD text layer (graphical); name/page only
VIC,VIC-a,MURRAWARRA,MRTS,,,,connectivity + per-substation voltage not extractable from SLD text layer (graphical); name/page only
VIC,VIC-a,MWWF,,,,,connectivity + per-substation voltage not extractable from SLD text layer (graphical); name/page only
VIC,VIC-b,KERANG,KGTS,,,,connectivity + per-substation voltage not extractable from SLD text layer (graphical); name/page only
VIC,VIC-b,KGTS,,,,,connectivity + per-substation voltage not extractable from SLD text layer (graphical); name/page only
VIC,VIC-b,BENDIGO,BETS,,,,connectivity + per-substation voltage not extractable from SLD text layer (graphical); name/page only
VIC,VIC-b,BETS,,,,,connectivity + per-substation voltage not extractable from SLD text layer (graphical); name/page only
VIC,VIC-b,L4 L2 B3 B4,,,,,connectivity + per-substation voltage not extractable from SLD text layer (graphical); name/page only
VIC,VIC-b,FOSTERVILLE,FVTS,,,,connectivity + per-substation voltage not extractable from SLD text layer (graphical); name/page only
VIC,VIC-b,CHALLICUM HILLS,CHW,,,,connectivity + per-substation voltage not extractable from SLD text layer (graphical); name/page only
VIC,VIC-b,ARARAT,ART,,,,connectivity + per-substation voltage not extractable from SLD text layer (graphical); name/page only
VIC,VIC-b,STAWELL,STL,,,,connectivity + per-substation voltage not extractable from SLD text layer (graphical); name/page only
VIC,VIC-b,HORSHAM,HOTS,,,,connectivity + per-substation voltage not extractable from SLD text layer (graphical); name/page only
VIC,VIC-b,WAUBRA,WBTS,,,,connectivity + per-substation voltage not extractable from SLD text layer (graphical); name/page only
VIC,VIC-b,WBTS,,,,,connectivity + per-substation voltage not extractable from SLD text layer (graphical); name/page only
VIC,VIC-b,WAUBRA WF,,,,,connectivity + per-substation voltage not extractable from SLD text layer (graphical); name/page only
VIC,VIC-b,TARRONE,TRTS,,,,connectivity + per-substation voltage not extractable from SLD text layer (graphical); name/page only
VIC,VIC-b,BATS,,,,,connectivity + per-substation voltage not extractable from SLD text layer (graphical); name/page only
VIC,VIC-b,KGTSWETS BETS,,,,,connectivity + per-substation voltage not extractable from SLD text layer (graphical); name/page only
VIC,VIC-b,HYTS1 MLTS1,,,,,connectivity + per-substation voltage not extractable from SLD text layer (graphical); name/page only
VIC,VIC-b,ARWF,,,,,connectivity + per-substation voltage not extractable from SLD text layer (graphical); name/page only
VIC,VIC-b,ARTS,,,,,connectivity + per-substation voltage not extractable from SLD text layer (graphical); name/page only
VIC,VIC-b,BGR ARTART STL,,,,,connectivity + per-substation voltage not extractable from SLD text layer (graphical); name/page only
VIC,VIC-b,BUANGOR,BGR,,,,connectivity + per-substation voltage not extractable from SLD text layer (graphical); name/page only
VIC,VIC-b,KIATA,KWF,,,,connectivity + per-substation voltage not extractable from SLD text layer (graphical); name/page only
VIC,VIC-b,GANNAWARRA SOLAR,GSF,,,,connectivity + per-substation voltage not extractable from SLD text layer (graphical); name/page only
VIC,VIC-b,SWAN HILL,SHL,,,,connectivity + per-substation voltage not extractable from SLD text layer (graphical); name/page only
VIC,VIC-b,GANNAWARRA ESS,GESS,,,,connectivity + per-substation voltage not extractable from SLD text layer (graphical); name/page only
VIC,VIC-b,GESS,,,,,connectivity + per-substation voltage not extractable from SLD text layer (graphical); name/page only
VIC,VIC-b,BGTS,,,,,connectivity + per-substation voltage not extractable from SLD text layer (graphical); name/page only
VIC,VIC-b,BGWF,,,,,connectivity + per-substation voltage not extractable from SLD text layer (graphical); name/page only
VIC,VIC-b,BULGANA,BGTS,,,,connectivity + per-substation voltage not extractable from SLD text layer (graphical); name/page only
VIC,VIC-b,CWWF,,,,,connectivity + per-substation voltage not extractable from SLD text layer (graphical); name/page only
VIC,VIC-b,CROWLANDS,CWTS,,,,connectivity + per-substation voltage not extractable from SLD text layer (graphical); name/page only
VIC,VIC-b,CWTS,,,,,connectivity + per-substation voltage not extractable from SLD text layer (graphical); name/page only
VIC,VIC-b,HYTS1,,,,,connectivity + per-substation voltage not extractable from SLD text layer (graphical); name/page only
VIC,VIC-c,TGTS TIE,,,,,connectivity + per-substation voltage not extractable from SLD text layer (graphical); name/page only
VIC,VIC-c,YAMBUK,YWF,,,,connectivity + per-substation voltage not extractable from SLD text layer (graphical); name/page only
VIC,VIC-c,TERANG,TGTS,,,,connectivity + per-substation voltage not extractable from SLD text layer (graphical); name/page only
VIC,VIC-c,TGTS,,,,,connectivity + per-substation voltage not extractable from SLD text layer (graphical); name/page only
VIC,VIC-c,MORTONS LANE,MLWF,,,,connectivity + per-substation voltage not extractable from SLD text layer (graphical); name/page only
VIC,VIC-c,MLWF,,,,,connectivity + per-substation voltage not extractable from SLD text layer (graphical); name/page only
VIC,VIC-c,OAKLAND HILL,OWF,,,,connectivity + per-substation voltage not extractable from SLD text layer (graphical); name/page only
VIC,VIC-c,GEELONG,GTS,,,,connectivity + per-substation voltage not extractable from SLD text layer (graphical); name/page only
VIC,VIC-c,KTS 1,,,,,connectivity + per-substation voltage not extractable from SLD text layer (graphical); name/page only
VIC,VIC-c,B1B2B3,,,,,connectivity + per-substation voltage not extractable from SLD text layer (graphical); name/page only
VIC,VIC-c,PTH 1,,,,,connectivity + per-substation voltage not extractable from SLD text layer (graphical); name/page only
VIC,VIC-c,PTH 2,,,,,connectivity + per-substation voltage not extractable from SLD text layer (graphical); name/page only
VIC,VIC-c,KTS 3,,,,,connectivity + per-substation voltage not extractable from SLD text layer (graphical); name/page only
VIC,VIC-c,DEERPARK,,,,,connectivity + per-substation voltage not extractable from SLD text layer (graphical); name/page only
VIC,VIC-c,MLTS 1,,,,,connectivity + per-substation voltage not extractable from SLD text layer (graphical); name/page only
VIC,VIC-c,COBDEN,,,,,connectivity + per-substation voltage not extractable from SLD text layer (graphical); name/page only
VIC,VIC-c,CAMPERDOWN COLAC WINCHELSEA,,,,,connectivity + per-substation voltage not extractable from SLD text layer (graphical); name/page only
VIC,VIC-c,GTS 1,,,,,connectivity + per-substation voltage not extractable from SLD text layer (graphical); name/page only
VIC,VIC-c,MOORABOOL,MLTS,,,,connectivity + per-substation voltage not extractable from SLD text layer (graphical); name/page only
VIC,VIC-c,GTS 2,,,,,connectivity + per-substation voltage not extractable from SLD text layer (graphical); name/page only
VIC,VIC-c,ELTS,,,,,connectivity + per-substation voltage not extractable from SLD text layer (graphical); name/page only
VIC,VIC-c,MOPS 2 SYTS 2,,,,,connectivity + per-substation voltage not extractable from SLD text layer (graphical); name/page only
VIC,VIC-c,SYTS 1,,,,,connectivity + per-substation voltage not extractable from SLD text layer (graphical); name/page only
VIC,VIC-c,MT MERCER,MEWF,,,,connectivity + per-substation voltage not extractable from SLD text layer (graphical); name/page only
VIC,VIC-c,MEWF,,,,,connectivity + per-substation voltage not extractable from SLD text layer (graphical); name/page only
VIC,VIC-c,ELAINE,ELTS,,,,connectivity + per-substation voltage not extractable from SLD text layer (graphical); name/page only
VIC,VIC-c,MLTS 1 SMTS 1,,,,,connectivity + per-substation voltage not extractable from SLD text layer (graphical); name/page only
VIC,VIC-c,MLTS 2 SMTS 2,,,,,connectivity + per-substation voltage not extractable from SLD text layer (graphical); name/page only
VIC,VIC-c,SYDENHAM,SYTS,,,,connectivity + per-substation voltage not extractable from SLD text layer (graphical); name/page only
VIC,VIC-c,SYTS,,,,,connectivity + per-substation voltage not extractable from SLD text layer (graphical); name/page only
VIC,VIC-c,BATS 2,,,,,connectivity + per-substation voltage not extractable from SLD text layer (graphical); name/page only
VIC,VIC-c,BATS 1,,,,,connectivity + per-substation voltage not extractable from SLD text layer (graphical); name/page only
VIC,VIC-c,BLTS,,,,,connectivity + per-substation voltage not extractable from SLD text layer (graphical); name/page only
VIC,VIC-c,SMTS 1,,,,,connectivity + per-substation voltage not extractable from SLD text layer (graphical); name/page only
VIC,VIC-c,SMTS 2,,,,,connectivity + per-substation voltage not extractable from SLD text layer (graphical); name/page only
VIC,VIC-c,HAMILTON,,,,,connectivity + per-substation voltage not extractable from SLD text layer (graphical); name/page only
VIC,VIC-c,NAREEB,,,,,connectivity + per-substation voltage not extractable from SLD text layer (graphical); name/page only
VIC,VIC-c,SALT CREEK,SCWF,,,,connectivity + per-substation voltage not extractable from SLD text layer (graphical); name/page only
VIC,VIC-c,SCWF,,,,,connectivity + per-substation voltage not extractable from SLD text layer (graphical); name/page only
VIC,VIC-c,MT GELLIBRAND,MGW,,,,connectivity + per-substation voltage not extractable from SLD text layer (graphical); name/page only
VIC,VIC-c,BALLARAT,BATS,,,,connectivity + per-substation voltage not extractable from SLD text layer (graphical); name/page only
VIC,VIC-c,BALLARAT NTH,BAN,,,,connectivity + per-substation voltage not extractable from SLD text layer (graphical); name/page only
VIC,VIC-c,MLTS1,,,,,connectivity + per-substation voltage not extractable from SLD text layer (graphical); name/page only
VIC,VIC-c,MLTS2,,,,,connectivity + per-substation voltage not extractable from SLD text layer (graphical); name/page only
VIC,VIC-c,YALOAK SOUTH,YSW,,,,connectivity + per-substation voltage not extractable from SLD text layer (graphical); name/page only
VIC,VIC-c,BACCHUS MARSH,BMH,,,,connectivity + per-substation voltage not extractable from SLD text layer (graphical); name/page only
VIC,VIC-c,BALLARAT ESS,BESS,,,,connectivity + per-substation voltage not extractable from SLD text layer (graphical); name/page only
VIC,VIC-c,MOORABOOL STH,MSWF,,,,connectivity + per-substation voltage not extractable from SLD text layer (graphical); name/page only
VIC,VIC-c,MSWF,,,,,connectivity + per-substation voltage not extractable from SLD text layer (graphical); name/page only
VIC,VIC-c,MOORABOOL NTH,MNWF,,,,connectivity + per-substation voltage not extractable from SLD text layer (graphical); name/page only
VIC,VIC-c,MNWF,,,,,connectivity + per-substation voltage not extractable from SLD text layer (graphical); name/page only
VIC,VIC-c,ELWF,,,,,connectivity + per-substation voltage not extractable from SLD text layer (graphical); name/page only
VIC,VIC-c,YENDON WF,YDW,,,,connectivity + per-substation voltage not extractable from SLD text layer (graphical); name/page only
VIC,VIC-d,SHEPPARTON,SHTS,,,,connectivity + per-substation voltage not extractable from SLD text layer (graphical); name/page only
VIC,VIC-d,DDTS,,,,,connectivity + per-substation voltage not extractable from SLD text layer (graphical); name/page only
VIC,VIC-d,GNTS 3,,,,,connectivity + per-substation voltage not extractable from SLD text layer (graphical); name/page only
VIC,VIC-d,GNTS 1,,,,,connectivity + per-substation voltage not extractable from SLD text layer (graphical); name/page only
VIC,VIC-d,GTS 3 A2A3A4,,,,,connectivity + per-substation voltage not extractable from SLD text layer (graphical); name/page only
VIC,VIC-d,B3 B2 B1,,,,,connectivity + per-substation voltage not extractable from SLD text layer (graphical); name/page only
VIC,VIC-d,WMTS 1,,,,,connectivity + per-substation voltage not extractable from SLD text layer (graphical); name/page only
VIC,VIC-d,KEILOR,KTS,,,,connectivity + per-substation voltage not extractable from SLD text layer (graphical); name/page only
VIC,VIC-d,NO NO,,,,,connectivity + per-substation voltage not extractable from SLD text layer (graphical); name/page only
VIC,VIC-d,BROOKLYN,BLTS,,,,connectivity + per-substation voltage not extractable from SLD text layer (graphical); name/page only
VIC,VIC-d,B5 B1 L3B3 L1,,,,,connectivity + per-substation voltage not extractable from SLD text layer (graphical); name/page only
VIC,VIC-d,NEWPORT,NPSD,,,,connectivity + per-substation voltage not extractable from SLD text layer (graphical); name/page only
VIC,VIC-d,NPSD,,,,,connectivity + per-substation voltage not extractable from SLD text layer (graphical); name/page only
VIC,VIC-d,TTS 2,,,,,connectivity + per-substation voltage not extractable from SLD text layer (graphical); name/page only
VIC,VIC-d,TTS 1,,,,,connectivity + per-substation voltage not extractable from SLD text layer (graphical); name/page only
VIC,VIC-d,WMTS 2,,,,,connectivity + per-substation voltage not extractable from SLD text layer (graphical); name/page only
VIC,VIC-d,SMTS,,,,,connectivity + per-substation voltage not extractable from SLD text layer (graphical); name/page only
VIC,VIC-d,ALTONA,AL,,,,connectivity + per-substation voltage not extractable from SLD text layer (graphical); name/page only
VIC,VIC-d,CHEMICAL,AC,,,,connectivity + per-substation voltage not extractable from SLD text layer (graphical); name/page only
VIC,VIC-d,SYTS KTS,,,,,connectivity + per-substation voltage not extractable from SLD text layer (graphical); name/page only
VIC,VIC-d,LAVERTON NORTH,LNGS,,,,connectivity + per-substation voltage not extractable from SLD text layer (graphical); name/page only
VIC,VIC-d,LNGS,,,,,connectivity + per-substation voltage not extractable from SLD text layer (graphical); name/page only
VIC,VIC-d,FBTS 1,,,,,connectivity + per-substation voltage not extractable from SLD text layer (graphical); name/page only
VIC,VIC-d,FBTS 2,,,,,connectivity + per-substation voltage not extractable from SLD text layer (graphical); name/page only
VIC,VIC-d,KTS 2,,,,,connectivity + per-substation voltage not extractable from SLD text layer (graphical); name/page only
VIC,VIC-d,WEST MELBOURNE,WMTS,,,,connectivity + per-substation voltage not extractable from SLD text layer (graphical); name/page only
VIC,VIC-d,WMTS,,,,,connectivity + per-substation voltage not extractable from SLD text layer (graphical); name/page only
VIC,VIC-d,TOYOTA,TYA,,,,connectivity + per-substation voltage not extractable from SLD text layer (graphical); name/page only
VIC,VIC-d,GTS 3,,,,,connectivity + per-substation voltage not extractable from SLD text layer (graphical); name/page only
VIC,VIC-d,FBTS,,,,,connectivity + per-substation voltage not extractable from SLD text layer (graphical); name/page only
VIC,VIC-d,FISHERMANS,,,,,connectivity + per-substation voltage not extractable from SLD text layer (graphical); name/page only
VIC,VIC-d,BEND,FBTS,,,,connectivity + per-substation voltage not extractable from SLD text layer (graphical); name/page only
VIC,VIC-d,DEER PARK,,,,,connectivity + per-substation voltage not extractable from SLD text layer (graphical); name/page only
VIC,VIC-d,NUMURKAH,NSF,,,,connectivity + per-substation voltage not extractable from SLD text layer (graphical); name/page only
VIC,VIC-e,ROTS 3,,,,,connectivity + per-substation voltage not extractable from SLD text layer (graphical); name/page only
VIC,VIC-e,ROTS,,,,,connectivity + per-substation voltage not extractable from SLD text layer (graphical); name/page only
VIC,VIC-e,HWTS 1,,,,,connectivity + per-substation voltage not extractable from SLD text layer (graphical); name/page only
VIC,VIC-e,HWTS 2,,,,,connectivity + per-substation voltage not extractable from SLD text layer (graphical); name/page only
VIC,VIC-e,DDTS 1,,,,,connectivity + per-substation voltage not extractable from SLD text layer (graphical); name/page only
VIC,VIC-e,DDTS 2,,,,,connectivity + per-substation voltage not extractable from SLD text layer (graphical); name/page only
VIC,VIC-e,B2 WN 1,,,,,connectivity + per-substation voltage not extractable from SLD text layer (graphical); name/page only
VIC,VIC-e,GLENROWAN,GNTS,,,,connectivity + per-substation voltage not extractable from SLD text layer (graphical); name/page only
VIC,VIC-e,GNTS,,,,,connectivity + per-substation voltage not extractable from SLD text layer (graphical); name/page only
VIC,VIC-e,SOMERTON PS,SPS,,,,connectivity + per-substation voltage not extractable from SLD text layer (graphical); name/page only
VIC,VIC-e,SOMERTON,ST,,,,connectivity + per-substation voltage not extractable from SLD text layer (graphical); name/page only
VIC,VIC-e,SOUTH MORANG,SMTS,,,,connectivity + per-substation voltage not extractable from SLD text layer (graphical); name/page only
VIC,VIC-e,WEST KIEWA,WKPS,,,,connectivity + per-substation voltage not extractable from SLD text layer (graphical); name/page only
VIC,VIC-e,WKPS,,,,,connectivity + per-substation voltage not extractable from SLD text layer (graphical); name/page only
VIC,VIC-e,MKPS,,,,,connectivity + per-substation voltage not extractable from SLD text layer (graphical); name/page only
VIC,VIC-e,BOGONG,BOPS,,,,connectivity + per-substation voltage not extractable from SLD text layer (graphical); name/page only
VIC,VIC-e,BOPS,,,,,connectivity + per-substation voltage not extractable from SLD text layer (graphical); name/page only
VIC,VIC-e,MOUNT BEAUTY,MBTS,,,,connectivity + per-substation voltage not extractable from SLD text layer (graphical); name/page only
VIC,VIC-e,MBTS,,,,,connectivity + per-substation voltage not extractable from SLD text layer (graphical); name/page only
VIC,VIC-e,DARTMOUTH,DPS,,,,connectivity + per-substation voltage not extractable from SLD text layer (graphical); name/page only
VIC,VIC-e,CLOVER,CLPS,,,,connectivity + per-substation voltage not extractable from SLD text layer (graphical); name/page only
VIC,VIC-e,CLPS,,,,,connectivity + per-substation voltage not extractable from SLD text layer (graphical); name/page only
VIC,VIC-e,EILDON,EPS,,,,connectivity + per-substation voltage not extractable from SLD text layer (graphical); name/page only
VIC,VIC-e,MBTS 1,,,,,connectivity + per-substation voltage not extractable from SLD text layer (graphical); name/page only
VIC,VIC-e,DEDERANG,DDTS,,,,connectivity + per-substation voltage not extractable from SLD text layer (graphical); name/page only
VIC,VIC-e,WODONGA,WOTS,,,,connectivity + per-substation voltage not extractable from SLD text layer (graphical); name/page only
VIC,VIC-e,WOTS,,,,,connectivity + per-substation voltage not extractable from SLD text layer (graphical); name/page only
VIC,VIC-e,JINDABYNE,,,,,connectivity + per-substation voltage not extractable from SLD text layer (graphical); name/page only
VIC,VIC-e,MURRAY,,,,,connectivity + per-substation voltage not extractable from SLD text layer (graphical); name/page only
VIC,VIC-e,EPS ROTS,,,,,connectivity + per-substation voltage not extractable from SLD text layer (graphical); name/page only
VIC,VIC-e,TSTS,,,,,connectivity + per-substation voltage not extractable from SLD text layer (graphical); name/page only
VIC,VIC-e,RWTS,,,,,connectivity + per-substation voltage not extractable from SLD text layer (graphical); name/page only
VIC,VIC-e,BTS 3,,,,,connectivity + per-substation voltage not extractable from SLD text layer (graphical); name/page only
VIC,VIC-e,BTS 1,,,,,connectivity + per-substation voltage not extractable from SLD text layer (graphical); name/page only
VIC,VIC-e,B3 B5 B1B2,,,,,connectivity + per-substation voltage not extractable from SLD text layer (graphical); name/page only
VIC,VIC-e,EXTN,,,,,connectivity + per-substation voltage not extractable from SLD text layer (graphical); name/page only
VIC,VIC-e,BRUNSWICK,BTS,,,,connectivity + per-substation voltage not extractable from SLD text layer (graphical); name/page only
VIC,VIC-e,RINGWOOD,RWTS,,,,connectivity + per-substation voltage not extractable from SLD text layer (graphical); name/page only
VIC,VIC-e,MALVERN,MTS,,,,connectivity + per-substation voltage not extractable from SLD text layer (graphical); name/page only
VIC,VIC-e,TEMPLESTOWE,TSTS,,,,connectivity + per-substation voltage not extractable from SLD text layer (graphical); name/page only
VIC,VIC-e,RICHMOND,RTS,,,,connectivity + per-substation voltage not extractable from SLD text layer (graphical); name/page only
VIC,VIC-e,ROTS 4,,,,,connectivity + per-substation voltage not extractable from SLD text layer (graphical); name/page only
VIC,VIC-e,ROTS 1,,,,,connectivity + per-substation voltage not extractable from SLD text layer (graphical); name/page only
VIC,VIC-e,MLRC MLRC,,,,,connectivity + per-substation voltage not extractable from SLD text layer (graphical); name/page only
VIC,VIC-e,DDTS 3,,,,,connectivity + per-substation voltage not extractable from SLD text layer (graphical); name/page only
VIC,VIC-e,GEEHI DAM,,,,,connectivity + per-substation voltage not extractable from SLD text layer (graphical); name/page only
VIC,VIC-e,HWTS,,,,,connectivity + per-substation voltage not extractable from SLD text layer (graphical); name/page only
VIC,VIC-e,SYTS 2,,,,,connectivity + per-substation voltage not extractable from SLD text layer (graphical); name/page only
VIC,VIC-e,SMTS 3,,,,,connectivity + per-substation voltage not extractable from SLD text layer (graphical); name/page only
VIC,VIC-e,MBTS 2,,,,,connectivity + per-substation voltage not extractable from SLD text layer (graphical); name/page only
VIC,VIC-e,TTS 3,,,,,connectivity + per-substation voltage not extractable from SLD text layer (graphical); name/page only
VIC,VIC-e,WANGARATTA,WN,,,,connectivity + per-substation voltage not extractable from SLD text layer (graphical); name/page only
VIC,VIC-e,MYRTLEFORD,MYT,,,,connectivity + per-substation voltage not extractable from SLD text layer (graphical); name/page only
VIC,VIC-e,AFI BRIGHT,BRT,,,,connectivity + per-substation voltage not extractable from SLD text layer (graphical); name/page only
VIC,VIC-e,GNTS 2,,,,,connectivity + per-substation voltage not extractable from SLD text layer (graphical); name/page only
VIC,VIC-e,NONO,,,,,connectivity + per-substation voltage not extractable from SLD text layer (graphical); name/page only
VIC,VIC-e,THOMASTOWN,TTS,,,,connectivity + per-substation voltage not extractable from SLD text layer (graphical); name/page only
VIC,VIC-f,SPRINGVALE,SVTS,,,,connectivity + per-substation voltage not extractable from SLD text layer (graphical); name/page only
VIC,VIC-f,SVTS,,,,,connectivity + per-substation voltage not extractable from SLD text layer (graphical); name/page only
VIC,VIC-f,HTS 2,,,,,connectivity + per-substation voltage not extractable from SLD text layer (graphical); name/page only
VIC,VIC-f,HTS 1,,,,,connectivity + per-substation voltage not extractable from SLD text layer (graphical); name/page only
VIC,VIC-f,ROTS 2,,,,,connectivity + per-substation voltage not extractable from SLD text layer (graphical); name/page only
VIC,VIC-f,HEATHERTON,HTS,,,,connectivity + per-substation voltage not extractable from SLD text layer (graphical); name/page only
VIC,VIC-f,SVTS 1,,,,,connectivity + per-substation voltage not extractable from SLD text layer (graphical); name/page only
VIC,VIC-f,SVTS 2,,,,,connectivity + per-substation voltage not extractable from SLD text layer (graphical); name/page only
VIC,VIC-f,EAST ROWVILLE,ERTS,,,,connectivity + per-substation voltage not extractable from SLD text layer (graphical); name/page only
VIC,VIC-f,ERTS,,,,,connectivity + per-substation voltage not extractable from SLD text layer (graphical); name/page only
VIC,VIC-f,CBTS 2,,,,,connectivity + per-substation voltage not extractable from SLD text layer (graphical); name/page only
VIC,VIC-f,CBTS 1,,,,,connectivity + per-substation voltage not extractable from SLD text layer (graphical); name/page only
VIC,VIC-f,ERTS 1 TBTS 1,,,,,connectivity + per-substation voltage not extractable from SLD text layer (graphical); name/page only
VIC,VIC-f,ERTS 2 TBTS 2,,,,,connectivity + per-substation voltage not extractable from SLD text layer (graphical); name/page only
VIC,VIC-f,CRANBOURNE,CBTS,,,,connectivity + per-substation voltage not extractable from SLD text layer (graphical); name/page only
VIC,VIC-f,CBTS,,,,,connectivity + per-substation voltage not extractable from SLD text layer (graphical); name/page only
VIC,VIC-f,HWTS 4,,,,,connectivity + per-substation voltage not extractable from SLD text layer (graphical); name/page only
VIC,VIC-f,TYABB,TBTS,,,,connectivity + per-substation voltage not extractable from SLD text layer (graphical); name/page only
VIC,VIC-f,TBTS,,,,,connectivity + per-substation voltage not extractable from SLD text layer (graphical); name/page only
VIC,VIC-f,JOHN LYSAGHT,JLA,,,,connectivity + per-substation voltage not extractable from SLD text layer (graphical); name/page only
VIC,VIC-f,WONTHAGGI,WDP,,,,connectivity + per-substation voltage not extractable from SLD text layer (graphical); name/page only
VIC,VIC-f,LOY YANG SUB,,,,,connectivity + per-substation voltage not extractable from SLD text layer (graphical); name/page only
VIC,VIC-f,LYS3,,,,,connectivity + per-substation voltage not extractable from SLD text layer (graphical); name/page only
VIC,VIC-f,BALD HILLS,BHWF,,,,connectivity + per-substation voltage not extractable from SLD text layer (graphical); name/page only
VIC,VIC-f,BHWF,,,,,connectivity + per-substation voltage not extractable from SLD text layer (graphical); name/page only
VIC,VIC-f,BAIRNSDALE,BDLPS,,,,connectivity + per-substation voltage not extractable from SLD text layer (graphical); name/page only
VIC,VIC-f,BDLPS,,,,,connectivity + per-substation voltage not extractable from SLD text layer (graphical); name/page only
VIC,VIC-f,JLTS 1,,,,,connectivity + per-substation voltage not extractable from SLD text layer (graphical); name/page only
VIC,VIC-f,HWPS,,,,,connectivity + per-substation voltage not extractable from SLD text layer (graphical); name/page only
VIC,VIC-f,MORWELL,MWTS,,,,connectivity + per-substation voltage not extractable from SLD text layer (graphical); name/page only
VIC,VIC-f,MWTS,,,,,connectivity + per-substation voltage not extractable from SLD text layer (graphical); name/page only
VIC,VIC-f,B STATION,,,,,connectivity + per-substation voltage not extractable from SLD text layer (graphical); name/page only
VIC,VIC-f,HWPS 3,,,,,connectivity + per-substation voltage not extractable from SLD text layer (graphical); name/page only
VIC,VIC-f,HWPS 4,,,,,connectivity + per-substation voltage not extractable from SLD text layer (graphical); name/page only
VIC,VIC-f,HWPS 2,,,,,connectivity + per-substation voltage not extractable from SLD text layer (graphical); name/page only
VIC,VIC-f,HWPS 1,,,,,connectivity + per-substation voltage not extractable from SLD text layer (graphical); name/page only
VIC,VIC-f,MWTS 2,,,,,connectivity + per-substation voltage not extractable from SLD text layer (graphical); name/page only
VIC,VIC-f,MWTS 1,,,,,connectivity + per-substation voltage not extractable from SLD text layer (graphical); name/page only
VIC,VIC-f,A1 A2 A3 A4 B1 B2 B3,,,,,connectivity + per-substation voltage not extractable from SLD text layer (graphical); name/page only
VIC,VIC-f,A STATION,,,,,connectivity + per-substation voltage not extractable from SLD text layer (graphical); name/page only
VIC,VIC-f,JERALANG,JLTS,,,,connectivity + per-substation voltage not extractable from SLD text layer (graphical); name/page only
VIC,VIC-f,JLTS,,,,,connectivity + per-substation voltage not extractable from SLD text layer (graphical); name/page only
VIC,VIC-f,JERALANG PS,JLGS,,,,connectivity + per-substation voltage not extractable from SLD text layer (graphical); name/page only
VIC,VIC-f,JLGS,,,,,connectivity + per-substation voltage not extractable from SLD text layer (graphical); name/page only
VIC,VIC-f,HAZELWOOD,HWPS,,,,connectivity + per-substation voltage not extractable from SLD text layer (graphical); name/page only
VIC,VIC-f,JLTS 2,,,,,connectivity + per-substation voltage not extractable from SLD text layer (graphical); name/page only
VIC,VIC-f,HWTS 3,,,,,connectivity + per-substation voltage not extractable from SLD text layer (graphical); name/page only
VIC,VIC-f,JLTS 3,,,,,connectivity + per-substation voltage not extractable from SLD text layer (graphical); name/page only
VIC,VIC-f,YPS 1,,,,,connectivity + per-substation voltage not extractable from SLD text layer (graphical); name/page only
VIC,VIC-f,NOYPS 2,,,,,connectivity + per-substation voltage not extractable from SLD text layer (graphical); name/page only
VIC,VIC-f,JLTS 4,,,,,connectivity + per-substation voltage not extractable from SLD text layer (graphical); name/page only
VIC,VIC-f,ROTS 7,,,,,connectivity + per-substation voltage not extractable from SLD text layer (graphical); name/page only
VIC,VIC-f,ROTS 6,,,,,connectivity + per-substation voltage not extractable from SLD text layer (graphical); name/page only
VIC,VIC-f,ROTS 5,,,,,connectivity + per-substation voltage not extractable from SLD text layer (graphical); name/page only
VIC,VIC-f,YALLOURN,YPS,,,,connectivity + per-substation voltage not extractable from SLD text layer (graphical); name/page only
VIC,VIC-f,MTS 1,,,,,connectivity + per-substation voltage not extractable from SLD text layer (graphical); name/page only
VIC,VIC-f,SVTS 1 YPS 8,,,,,connectivity + per-substation voltage not extractable from SLD text layer (graphical); name/page only
VIC,VIC-f,RWTS YPS 7,,,,,connectivity + per-substation voltage not extractable from SLD text layer (graphical); name/page only
VIC,VIC-f,TSTS YPS 6,,,,,connectivity + per-substation voltage not extractable from SLD text layer (graphical); name/page only
VIC,VIC-f,MTS 3 3,,,,,connectivity + per-substation voltage not extractable from SLD text layer (graphical); name/page only
VIC,VIC-f,RTS 4 YPS 5,,,,,connectivity + per-substation voltage not extractable from SLD text layer (graphical); name/page only
VIC,VIC-f,RTS 1,,,,,connectivity + per-substation voltage not extractable from SLD text layer (graphical); name/page only
VIC,VIC-f,ERTS 1 HWPS 2,,,,,connectivity + per-substation voltage not extractable from SLD text layer (graphical); name/page only
VIC,VIC-f,ERTS 2 HWPS 1,,,,,connectivity + per-substation voltage not extractable from SLD text layer (graphical); name/page only
VIC,VIC-f,ROWVILLE,ERTS,,,,connectivity + per-substation voltage not extractable from SLD text layer (graphical); name/page only
VIC,VIC-f,CBTS 4SMTS 3,,,,,connectivity + per-substation voltage not extractable from SLD text layer (graphical); name/page only
VIC,VIC-f,LYPS 1,,,,,connectivity + per-substation voltage not extractable from SLD text layer (graphical); name/page only
VIC,VIC-f,LYPS 2,,,,,connectivity + per-substation voltage not extractable from SLD text layer (graphical); name/page only
VIC,VIC-f,LYPS 3,,,,,connectivity + per-substation voltage not extractable from SLD text layer (graphical); name/page only
VIC,VIC-f,CBTS 4,,,,,connectivity + per-substation voltage not extractable from SLD text layer (graphical); name/page only
VIC,VIC-f,LOY YANG PS,LYPS,,,,connectivity + per-substation voltage not extractable from SLD text layer (graphical); name/page only
VIC,VIC-f,LYPS,,,,,connectivity + per-substation voltage not extractable from SLD text layer (graphical); name/page only
VIC,VIC-f,VALLEY POWER,VPGS,,,,connectivity + per-substation voltage not extractable from SLD text layer (graphical); name/page only
VIC,VIC-f,VPGS,,,,,connectivity + per-substation voltage not extractable from SLD text layer (graphical); name/page only
VIC,VIC-f,BASSLINK L,,,,,connectivity + per-substation voltage not extractable from SLD text layer (graphical); name/page only
VIC,VIC-f,BLLC,,,,,connectivity + per-substation voltage not extractable from SLD text layer (graphical); name/page only
VIC,VIC-f,A4 A3 A2 A1,,,,,connectivity + per-substation voltage not extractable from SLD text layer (graphical); name/page only
VIC,VIC-f,BLGC,,,,,connectivity + per-substation voltage not extractable from SLD text layer (graphical); name/page only
SA,SA-a,BLLC,,,,,connectivity + per-substation voltage not extractable from SLD text layer (graphical); name/page only
SA,SA-a,BLGC,,,,,connectivity + per-substation voltage not extractable from SLD text layer (graphical); name/page only
SA,SA-a,MLRC,,,,,connectivity + per-substation voltage not extractable from SLD text layer (graphical); name/page only
SA,SA-a,SOUTH EAST,,,,,connectivity + per-substation voltage not extractable from SLD text layer (graphical); name/page only
SA,SA-a,SVC1,,,,,connectivity + per-substation voltage not extractable from SLD text layer (graphical); name/page only
SA,SA-a,HYTS 2,,,,,connectivity + per-substation voltage not extractable from SLD text layer (graphical); name/page only
SA,SA-a,HYTS 1,,,,,connectivity + per-substation voltage not extractable from SLD text layer (graphical); name/page only
SA,SA-a,PENOLA WEST,,,,,connectivity + per-substation voltage not extractable from SLD text layer (graphical); name/page only
SA,SA-a,LADBROKE,,,,,connectivity + per-substation voltage not extractable from SLD text layer (graphical); name/page only
SA,SA-a,GROVE MT GAMBIER,,,,,connectivity + per-substation voltage not extractable from SLD text layer (graphical); name/page only
SA,SA-a,BLANCHE,,,,,connectivity + per-substation voltage not extractable from SLD text layer (graphical); name/page only
SA,SA-a,SNUGGERY,,,,,connectivity + per-substation voltage not extractable from SLD text layer (graphical); name/page only
SA,SA-a,CANUNDA,,,,,connectivity + per-substation voltage not extractable from SLD text layer (graphical); name/page only
SA,SA-a,GT2GT3,,,,,connectivity + per-substation voltage not extractable from SLD text layer (graphical); name/page only
SA,SA-a,MAYURA,,,,,connectivity + per-substation voltage not extractable from SLD text layer (graphical); name/page only
SA,SA-a,BONNEY 3,,,,,connectivity + per-substation voltage not extractable from SLD text layer (graphical); name/page only
SA,SA-a,BONNEY 2,,,,,connectivity + per-substation voltage not extractable from SLD text layer (graphical); name/page only
SA,SA-a,BONNEY 1,,,,,connectivity + per-substation voltage not extractable from SLD text layer (graphical); name/page only
SA,SA-a,KEITH,,,,,connectivity + per-substation voltage not extractable from SLD text layer (graphical); name/page only
SA,SA-a,KINCRAIG,,,,,connectivity + per-substation voltage not extractable from SLD text layer (graphical); name/page only
SA,SA-a,TAILEM BEND,,,,,connectivity + per-substation voltage not extractable from SLD text layer (graphical); name/page only
SA,SA-a,CHERRY GARDENS,,,,,connectivity + per-substation voltage not extractable from SLD text layer (graphical); name/page only
SA,SA-a,MT BARKER,,,,,connectivity + per-substation voltage not extractable from SLD text layer (graphical); name/page only
SA,SA-a,BLACK RANGE,,,,,connectivity + per-substation voltage not extractable from SLD text layer (graphical); name/page only
SA,SA-b,GT11 GT12ST18,,,,,connectivity + per-substation voltage not extractable from SLD text layer (graphical); name/page only
SA,SA-b,TUNGKILLO,,,,,connectivity + per-substation voltage not extractable from SLD text layer (graphical); name/page only
SA,SA-b,HAPPY VALLEY,,,,,connectivity + per-substation voltage not extractable from SLD text layer (graphical); name/page only
SA,SA-b,MORPHETT,,,,,connectivity + per-substation voltage not extractable from SLD text layer (graphical); name/page only
SA,SA-b,VALE EAST,,,,,connectivity + per-substation voltage not extractable from SLD text layer (graphical); name/page only
SA,SA-b,MAGILL,,,,,connectivity + per-substation voltage not extractable from SLD text layer (graphical); name/page only
SA,SA-b,TERRACE,,,,,connectivity + per-substation voltage not extractable from SLD text layer (graphical); name/page only
SA,SA-b,TORRENS B,,,,,connectivity + per-substation voltage not extractable from SLD text layer (graphical); name/page only
SA,SA-b,TORRENS A,,,,,connectivity + per-substation voltage not extractable from SLD text layer (graphical); name/page only
SA,SA-b,TORRENS,,,,,connectivity + per-substation voltage not extractable from SLD text layer (graphical); name/page only
SA,SA-b,QUARANTINE,,,,,connectivity + per-substation voltage not extractable from SLD text layer (graphical); name/page only
SA,SA-b,CITY WEST,,,,,connectivity + per-substation voltage not extractable from SLD text layer (graphical); name/page only
SA,SA-b,LE FEVRE,,,,,connectivity + per-substation voltage not extractable from SLD text layer (graphical); name/page only
SA,SA-b,PELICAN POINT,,,,,connectivity + per-substation voltage not extractable from SLD text layer (graphical); name/page only
SA,SA-b,PARA,,,,,connectivity + per-substation voltage not extractable from SLD text layer (graphical); name/page only
SA,SA-b,NORTHFIELD,,,,,connectivity + per-substation voltage not extractable from SLD text layer (graphical); name/page only
SA,SA-b,PARAFIELD,,,,,connectivity + per-substation voltage not extractable from SLD text layer (graphical); name/page only
SA,SA-b,GARDENS,,,,,connectivity + per-substation voltage not extractable from SLD text layer (graphical); name/page only
SA,SA-b,MILLBROOK,,,,,connectivity + per-substation voltage not extractable from SLD text layer (graphical); name/page only
SA,SA-b,ANGAS CREEK,,,,,connectivity + per-substation voltage not extractable from SLD text layer (graphical); name/page only
SA,SA-b,MANNUM,,,,,connectivity + per-substation voltage not extractable from SLD text layer (graphical); name/page only
SA,SA-b,ADELAIDE,,,,,connectivity + per-substation voltage not extractable from SLD text layer (graphical); name/page only
SA,SA-b,PUMPING STATION 3,,,,,connectivity + per-substation voltage not extractable from SLD text layer (graphical); name/page only
SA,SA-b,PUMPING STATION 2,,,,,connectivity + per-substation voltage not extractable from SLD text layer (graphical); name/page only
SA,SA-b,PUMPING STATION 1,,,,,connectivity + per-substation voltage not extractable from SLD text layer (graphical); name/page only
SA,SA-b,MOBILONG,,,,,connectivity + per-substation voltage not extractable from SLD text layer (graphical); name/page only
SA,SA-b,MURRAY BRIDGE,,,,,connectivity + per-substation voltage not extractable from SLD text layer (graphical); name/page only
SA,SA-b,HAHNDORF PUMP 1,,,,,connectivity + per-substation voltage not extractable from SLD text layer (graphical); name/page only
SA,SA-b,HAHNDORF PUMP 2,,,,,connectivity + per-substation voltage not extractable from SLD text layer (graphical); name/page only
SA,SA-b,HAHNDORF PUMP 3,,,,,connectivity + per-substation voltage not extractable from SLD text layer (graphical); name/page only
SA,SA-b,KANMANTOO,,,,,connectivity + per-substation voltage not extractable from SLD text layer (graphical); name/page only
SA,SA-b,MINE,,,,,connectivity + per-substation voltage not extractable from SLD text layer (graphical); name/page only
SA,SA-b,SVC SVC,,,,,connectivity + per-substation voltage not extractable from SLD text layer (graphical); name/page only
SA,SA-b,WILLUNGA,,,,,connectivity + per-substation voltage not extractable from SLD text layer (graphical); name/page only
SA,SA-b,STARFISH,,,,,connectivity + per-substation voltage not extractable from SLD text layer (graphical); name/page only
SA,SA-b,PORT STANVAC,,,,,connectivity + per-substation voltage not extractable from SLD text layer (graphical); name/page only
SA,SA-b,LONSDALE,,,,,connectivity + per-substation voltage not extractable from SLD text layer (graphical); name/page only
SA,SA-c,MW3MW2MW1,,,,,connectivity + per-substation voltage not extractable from SLD text layer (graphical); name/page only
SA,SA-c,DRY CREEK,,,,,connectivity + per-substation voltage not extractable from SLD text layer (graphical); name/page only
SA,SA-c,ROSEWORTHY,,,,,connectivity + per-substation voltage not extractable from SLD text layer (graphical); name/page only
SA,SA-c,ANGASTON,,,,,connectivity + per-substation voltage not extractable from SLD text layer (graphical); name/page only
SA,SA-c,DORRIEN,,,,,connectivity + per-substation voltage not extractable from SLD text layer (graphical); name/page only
SA,SA-c,TEMPLERS,,,,,connectivity + per-substation voltage not extractable from SLD text layer (graphical); name/page only
SA,SA-c,KILBURN,,,,,connectivity + per-substation voltage not extractable from SLD text layer (graphical); name/page only
SA,SA-c,BRINKWORTH,,,,,connectivity + per-substation voltage not extractable from SLD text layer (graphical); name/page only
SA,SA-c,CLARE NORTH,,,,,connectivity + per-substation voltage not extractable from SLD text layer (graphical); name/page only
SA,SA-c,MINTARO,,,,,connectivity + per-substation voltage not extractable from SLD text layer (graphical); name/page only
SA,SA-c,WATERLOO,,,,,connectivity + per-substation voltage not extractable from SLD text layer (graphical); name/page only
SA,SA-c,MOR PUMP,,,,,connectivity + per-substation voltage not extractable from SLD text layer (graphical); name/page only
SA,SA-c,NORTH WEST BEND,,,,,connectivity + per-substation voltage not extractable from SLD text layer (graphical); name/page only
SA,SA-c,MONASH,,,,,connectivity + per-substation voltage not extractable from SLD text layer (graphical); name/page only
SA,SA-c,MURRAYLINK,,,,,connectivity + per-substation voltage not extractable from SLD text layer (graphical); name/page only
SA,SA-c,BERRI,,,,,connectivity + per-substation voltage not extractable from SLD text layer (graphical); name/page only
SA,SA-c,KILBURN SOUTH,,,,,connectivity + per-substation voltage not extractable from SLD text layer (graphical); name/page only
SA,SA-c,PROSPECT,,,,,connectivity + per-substation voltage not extractable from SLD text layer (graphical); name/page only
SA,SA-d,MORGAN,,,,,connectivity + per-substation voltage not extractable from SLD text layer (graphical); name/page only
SA,SA-d,WHYALLA,,,,,connectivity + per-substation voltage not extractable from SLD text layer (graphical); name/page only
SA,SA-d,PUMP 4,,,,,connectivity + per-substation voltage not extractable from SLD text layer (graphical); name/page only
SA,SA-d,ROBERTSTOWN,,,,,connectivity + per-substation voltage not extractable from SLD text layer (graphical); name/page only
SA,SA-d,MOKOTA,,,,,connectivity + per-substation voltage not extractable from SLD text layer (graphical); name/page only
SA,SA-d,HALLETT HILL,,,,,connectivity + per-substation voltage not extractable from SLD text layer (graphical); name/page only
SA,SA-d,SVC6 7SVC,,,,,connectivity + per-substation voltage not extractable from SLD text layer (graphical); name/page only
SA,SA-d,NORTH BROWN HILL 2 315 46 SVCSVC,,,,,connectivity + per-substation voltage not extractable from SLD text layer (graphical); name/page only
SA,SA-d,BLUFF / PORCUPINE,,,,,connectivity + per-substation voltage not extractable from SLD text layer (graphical); name/page only
SA,SA-d,BELALIE,,,,,connectivity + per-substation voltage not extractable from SLD text layer (graphical); name/page only
SA,SA-d,CANOWIE,,,,,connectivity + per-substation voltage not extractable from SLD text layer (graphical); name/page only
SA,SA-d,HALLETT,,,,,connectivity + per-substation voltage not extractable from SLD text layer (graphical); name/page only
SA,SA-d,HALLETT PS,,,,,connectivity + per-substation voltage not extractable from SLD text layer (graphical); name/page only
SA,SA-d,CLEMENTS,,,,,connectivity + per-substation voltage not extractable from SLD text layer (graphical); name/page only
SA,SA-d,REDHILL,,,,,connectivity + per-substation voltage not extractable from SLD text layer (graphical); name/page only
SA,SA-d,MUNNO,,,,,connectivity + per-substation voltage not extractable from SLD text layer (graphical); name/page only
SA,SA-d,WILLALO,,,,,connectivity + per-substation voltage not extractable from SLD text layer (graphical); name/page only
SA,SA-d,WILLOGOLECHE,,,,,connectivity + per-substation voltage not extractable from SLD text layer (graphical); name/page only
SA,SA-d,MOUNT LOCK,,,,,connectivity + per-substation voltage not extractable from SLD text layer (graphical); name/page only
SA,SA-d,HORNSDALE,,,,,connectivity + per-substation voltage not extractable from SLD text layer (graphical); name/page only
?,p36,BLLC,,,,,connectivity + per-substation voltage not extractable from SLD text layer (graphical); name/page only
?,p36,BLGCBLLC,,,,,connectivity + per-substation voltage not extractable from SLD text layer (graphical); name/page only
?,p36,BLGC,,,,,connectivity + per-substation voltage not extractable from SLD text layer (graphical); name/page only
?,p36,DAVENPORT,,,,,connectivity + per-substation voltage not extractable from SLD text layer (graphical); name/page only
?,p36,SN W,,,,,connectivity + per-substation voltage not extractable from SLD text layer (graphical); name/page only
?,p36,LEIGH CK,,,,,connectivity + per-substation voltage not extractable from SLD text layer (graphical); name/page only
?,p36,MT GUNSON,,,,,connectivity + per-substation voltage not extractable from SLD text layer (graphical); name/page only
?,p36,PIMBA,,,,,connectivity + per-substation voltage not extractable from SLD text layer (graphical); name/page only
?,p36,WOOMERA,,,,,connectivity + per-substation voltage not extractable from SLD text layer (graphical); name/page only
?,p36,OLYMPIC DAM NORTH,,,,,connectivity + per-substation voltage not extractable from SLD text layer (graphical); name/page only
?,p36,CULTANA,,,,,connectivity + per-substation voltage not extractable from SLD text layer (graphical); name/page only
?,p36,STONY POINT,,,,,connectivity + per-substation voltage not extractable from SLD text layer (graphical); name/page only
?,p36,OLYMPIC DAM WEST,,,,,connectivity + per-substation voltage not extractable from SLD text layer (graphical); name/page only
?,p36,MIDDLEBACK,,,,,connectivity + per-substation voltage not extractable from SLD text layer (graphical); name/page only
?,p36,YADNARIE,,,,,connectivity + per-substation voltage not extractable from SLD text layer (graphical); name/page only
?,p36,MT MILLER,,,,,connectivity + per-substation voltage not extractable from SLD text layer (graphical); name/page only
?,p36,LINCOLN,,,,,connectivity + per-substation voltage not extractable from SLD text layer (graphical); name/page only
?,p36,TERMINAL,,,,,connectivity + per-substation voltage not extractable from SLD text layer (graphical); name/page only
?,p36,SLEAFORD,,,,,connectivity + per-substation voltage not extractable from SLD text layer (graphical); name/page only
?,p36,CATHEDRAL,,,,,connectivity + per-substation voltage not extractable from SLD text layer (graphical); name/page only
?,p36,ROCKS,,,,,connectivity + per-substation voltage not extractable from SLD text layer (graphical); name/page only
?,p36,WHYALLA,,,,,connectivity + per-substation voltage not extractable from SLD text layer (graphical); name/page only
?,p36,CENTRAL,,,,,connectivity + per-substation voltage not extractable from SLD text layer (graphical); name/page only
?,p36,SNOWTOWN,,,,,connectivity + per-substation voltage not extractable from SLD text layer (graphical); name/page only
?,p36,PORT PIRIE,,,,,connectivity + per-substation voltage not extractable from SLD text layer (graphical); name/page only
?,p36,BUNGAMA,,,,,connectivity + per-substation voltage not extractable from SLD text layer (graphical); name/page only
?,p36,BAROOTA,,,,,connectivity + per-substation voltage not extractable from SLD text layer (graphical); name/page only
?,p36,SNOWTOWN NORTH,,,,,connectivity + per-substation voltage not extractable from SLD text layer (graphical); name/page only
?,p36,SNOWTOWN SOUTH,,,,,connectivity + per-substation voltage not extractable from SLD text layer (graphical); name/page only
?,p36,BLYTH WEST,,,,,connectivity + per-substation voltage not extractable from SLD text layer (graphical); name/page only
?,p36,KADINA,,,,,connectivity + per-substation voltage not extractable from SLD text layer (graphical); name/page only
?,p36,HUMMOCKS,,,,,connectivity + per-substation voltage not extractable from SLD text layer (graphical); name/page only
?,p36,WATTLE,,,,,connectivity + per-substation voltage not extractable from SLD text layer (graphical); name/page only
?,p36,DALRYMPLE,,,,,connectivity + per-substation voltage not extractable from SLD text layer (graphical); name/page only
?,p36,ARDROSSAN,,,,,connectivity + per-substation voltage not extractable from SLD text layer (graphical); name/page only
?,p36,CORRABERRA,,,,,connectivity + per-substation voltage not extractable from SLD text layer (graphical); name/page only
TAS,TAS-a,WARATAH,,,,,connectivity + per-substation voltage not extractable from SLD text layer (graphical); name/page only
TAS,TAS-a,A B C,,,,,connectivity + per-substation voltage not extractable from SLD text layer (graphical); name/page only
TAS,TAS-a,SMITHTON,,,,,connectivity + per-substation voltage not extractable from SLD text layer (graphical); name/page only
TAS,TAS-a,BLUFF POINT,,,,,connectivity + per-substation voltage not extractable from SLD text layer (graphical); name/page only
TAS,TAS-a,STUDLAND BAY,,,,,connectivity + per-substation voltage not extractable from SLD text layer (graphical); name/page only
TAS,TAS-a,PORT LATA,,,,,connectivity + per-substation voltage not extractable from SLD text layer (graphical); name/page only
TAS,TAS-a,BLLC,,,,,connectivity + per-substation voltage not extractable from SLD text layer (graphical); name/page only
TAS,TAS-a,BLGCBLLC,,,,,connectivity + per-substation voltage not extractable from SLD text layer (graphical); name/page only
TAS,TAS-a,BLGC,,,,,connectivity + per-substation voltage not extractable from SLD text layer (graphical); name/page only
TAS,TAS-a,BURNIE,,,,,connectivity + per-substation voltage not extractable from SLD text layer (graphical); name/page only
TAS,TAS-a,EMU BAY,,,,,connectivity + per-substation voltage not extractable from SLD text layer (graphical); name/page only
TAS,TAS-a,ULVERSTONE,,,,,connectivity + per-substation voltage not extractable from SLD text layer (graphical); name/page only
TAS,TAS-a,PALOONA,,,,,connectivity + per-substation voltage not extractable from SLD text layer (graphical); name/page only
TAS,TAS-a,DEVILS GATE,,,,,connectivity + per-substation voltage not extractable from SLD text layer (graphical); name/page only
TAS,TAS-a,RAILTON,,,,,connectivity + per-substation voltage not extractable from SLD text layer (graphical); name/page only
TAS,TAS-a,WILMONT,,,,,connectivity + per-substation voltage not extractable from SLD text layer (graphical); name/page only
TAS,TAS-a,CETHANA,,,,,connectivity + per-substation voltage not extractable from SLD text layer (graphical); name/page only
TAS,TAS-a,LEMONTHYME,,,,,connectivity + per-substation voltage not extractable from SLD text layer (graphical); name/page only
TAS,TAS-a,FISHER,,,,,connectivity + per-substation voltage not extractable from SLD text layer (graphical); name/page only
TAS,TAS-a,ROWALLAN,,,,,connectivity + per-substation voltage not extractable from SLD text layer (graphical); name/page only
TAS,TAS-a,SHEFFIELD,,,,,connectivity + per-substation voltage not extractable from SLD text layer (graphical); name/page only
TAS,TAS-a,WESLEY VALE,,,,,connectivity + per-substation voltage not extractable from SLD text layer (graphical); name/page only
TAS,TAS-a,DEVONPORT,,,,,connectivity + per-substation voltage not extractable from SLD text layer (graphical); name/page only
TAS,TAS-a,TRIBUTE,,,,,connectivity + per-substation voltage not extractable from SLD text layer (graphical); name/page only
TAS,TAS-a,BASTYAN,,,,,connectivity + per-substation voltage not extractable from SLD text layer (graphical); name/page only
TAS,TAS-a,JOHN BUTTERS,,,,,connectivity + per-substation voltage not extractable from SLD text layer (graphical); name/page only
TAS,TAS-a,REECE,,,,,connectivity + per-substation voltage not extractable from SLD text layer (graphical); name/page only
TAS,TAS-a,MAKINTOSH,,,,,connectivity + per-substation voltage not extractable from SLD text layer (graphical); name/page only
TAS,TAS-a,QUEENSTOWN,,,,,connectivity + per-substation voltage not extractable from SLD text layer (graphical); name/page only
TAS,TAS-a,NEWTON PUMPS,,,,,connectivity + per-substation voltage not extractable from SLD text layer (graphical); name/page only
TAS,TAS-a,ROSEBERY,,,,,connectivity + per-substation voltage not extractable from SLD text layer (graphical); name/page only
TAS,TAS-a,FARRELL,,,,,connectivity + per-substation voltage not extractable from SLD text layer (graphical); name/page only
TAS,TAS-a,HAMPSHIRE,,,,,connectivity + per-substation voltage not extractable from SLD text layer (graphical); name/page only
TAS,TAS-a,SAVAGE RIVER,,,,,connectivity + per-substation voltage not extractable from SLD text layer (graphical); name/page only
TAS,TAS-b,POATINA,,,,,connectivity + per-substation voltage not extractable from SLD text layer (graphical); name/page only
TAS,TAS-b,PALMERSTON,,,,,connectivity + per-substation voltage not extractable from SLD text layer (graphical); name/page only
TAS,TAS-b,ARTHURS,,,,,connectivity + per-substation voltage not extractable from SLD text layer (graphical); name/page only
TAS,TAS-b,TODS,,,,,connectivity + per-substation voltage not extractable from SLD text layer (graphical); name/page only
TAS,TAS-b,CORNER,,,,,connectivity + per-substation voltage not extractable from SLD text layer (graphical); name/page only
TAS,TAS-b,AVOCA,,,,,connectivity + per-substation voltage not extractable from SLD text layer (graphical); name/page only
TAS,TAS-b,ST MARYS,,,,,connectivity + per-substation voltage not extractable from SLD text layer (graphical); name/page only
TAS,TAS-b,HADSPEN,,,,,connectivity + per-substation voltage not extractable from SLD text layer (graphical); name/page only
TAS,TAS-b,TREVALLYN,,,,,connectivity + per-substation voltage not extractable from SLD text layer (graphical); name/page only
TAS,TAS-b,ST LEONARD,,,,,connectivity + per-substation voltage not extractable from SLD text layer (graphical); name/page only
TAS,TAS-b,NORWOOD,,,,,connectivity + per-substation voltage not extractable from SLD text layer (graphical); name/page only
TAS,TAS-b,SCOTTSDALE,,,,,connectivity + per-substation voltage not extractable from SLD text layer (graphical); name/page only
TAS,TAS-b,DERBY,,,,,connectivity + per-substation voltage not extractable from SLD text layer (graphical); name/page only
TAS,TAS-b,MUSSELLROE,,,,,connectivity + per-substation voltage not extractable from SLD text layer (graphical); name/page only
TAS,TAS-b,SVC SVC,,,,,connectivity + per-substation voltage not extractable from SLD text layer (graphical); name/page only
TAS,TAS-b,AB CD,,,,,connectivity + per-substation voltage not extractable from SLD text layer (graphical); name/page only
TAS,TAS-b,COMALCO,,,,,connectivity + per-substation voltage not extractable from SLD text layer (graphical); name/page only
TAS,TAS-b,STARWOOD,,,,,connectivity + per-substation voltage not extractable from SLD text layer (graphical); name/page only
TAS,TAS-b,TEMCO,,,,,connectivity + per-substation voltage not extractable from SLD text layer (graphical); name/page only
TAS,TAS-b,TAMAR VALLEY PS,,,,,connectivity + per-substation voltage not extractable from SLD text layer (graphical); name/page only
TAS,TAS-b,BELL BAY,,,,,connectivity + per-substation voltage not extractable from SLD text layer (graphical); name/page only
TAS,TAS-b,BASSLINK,,,,,connectivity + per-substation voltage not extractable from SLD text layer (graphical); name/page only
TAS,TAS-b,GEORGE TOWN,BLGC,,,,connectivity + per-substation voltage not extractable from SLD text layer (graphical); name/page only
TAS,TAS-b,A BC D,,,,,connectivity + per-substation voltage not extractable from SLD text layer (graphical); name/page only
TAS,TAS-c,WADDAMANA,,,,,connectivity + per-substation voltage not extractable from SLD text layer (graphical); name/page only
TAS,TAS-c,LAKE ECHO,,,,,connectivity + per-substation voltage not extractable from SLD text layer (graphical); name/page only
TAS,TAS-c,TUNGATINAH,,,,,connectivity + per-substation voltage not extractable from SLD text layer (graphical); name/page only
TAS,TAS-c,DERWENT,,,,,connectivity + per-substation voltage not extractable from SLD text layer (graphical); name/page only
TAS,TAS-c,BRIDGE,,,,,connectivity + per-substation voltage not extractable from SLD text layer (graphical); name/page only
TAS,TAS-c,BUTLERS GORGE,,,,,connectivity + per-substation voltage not extractable from SLD text layer (graphical); name/page only
TAS,TAS-c,LIAPOOTA,,,,,connectivity + per-substation voltage not extractable from SLD text layer (graphical); name/page only
TAS,TAS-c,WAYATINAH,,,,,connectivity + per-substation voltage not extractable from SLD text layer (graphical); name/page only
TAS,TAS-c,CATAGUNYA,,,,,connectivity + per-substation voltage not extractable from SLD text layer (graphical); name/page only
TAS,TAS-c,BRIDGEWATER,,,,,connectivity + per-substation voltage not extractable from SLD text layer (graphical); name/page only
TAS,TAS-c,BOYER,,,,,connectivity + per-substation voltage not extractable from SLD text layer (graphical); name/page only
TAS,TAS-c,TARRALEA,,,,,connectivity + per-substation voltage not extractable from SLD text layer (graphical); name/page only
TAS,TAS-c,NEW NORFOLK,,,,,connectivity + per-substation voltage not extractable from SLD text layer (graphical); name/page only
TAS,TAS-c,MEADOWBANK,,,,,connectivity + per-substation voltage not extractable from SLD text layer (graphical); name/page only
TAS,TAS-c,KNIGHTS ROAD,,,,,connectivity + per-substation voltage not extractable from SLD text layer (graphical); name/page only
TAS,TAS-c,HUON RIVER,,,,,connectivity + per-substation voltage not extractable from SLD text layer (graphical); name/page only
TAS,TAS-c,KERMANDIE,,,,,connectivity + per-substation voltage not extractable from SLD text layer (graphical); name/page only
TAS,TAS-c,ELECTRONA,,,,,connectivity + per-substation voltage not extractable from SLD text layer (graphical); name/page only
TAS,TAS-c,KINGSTON,,,,,connectivity + per-substation voltage not extractable from SLD text layer (graphical); name/page only
TAS,TAS-d,LINDISFARNE,,,,,connectivity + per-substation voltage not extractable from SLD text layer (graphical); name/page only
TAS,TAS-d,TRIABUNNA,,,,,connectivity + per-substation voltage not extractable from SLD text layer (graphical); name/page only
TAS,TAS-d,SORELL,,,,,connectivity + per-substation voltage not extractable from SLD text layer (graphical); name/page only
TAS,TAS-d,ROKEBY,,,,,connectivity + per-substation voltage not extractable from SLD text layer (graphical); name/page only
TAS,TAS-d,MORNINGTON,,,,,connectivity + per-substation voltage not extractable from SLD text layer (graphical); name/page only
TAS,TAS-d,RISDON,,,,,connectivity + per-substation voltage not extractable from SLD text layer (graphical); name/page only
TAS,TAS-d,CREEK ROAD,,,,,connectivity + per-substation voltage not extractable from SLD text layer (graphical); name/page only
TAS,TAS-d,NORTH HOBART,,,,,connectivity + per-substation voltage not extractable from SLD text layer (graphical); name/page only
TAS,TAS-d,BYPASS,,,,,connectivity + per-substation voltage not extractable from SLD text layer (graphical); name/page only
TAS,TAS-d,CHAPEL STREET,,,,,connectivity + per-substation voltage not extractable from SLD text layer (graphical); name/page only
TAS,TAS-d,GORDON,,,,,connectivity + per-substation voltage not extractable from SLD text layer (graphical); name/page only
TAS,TAS-d,CLUNY,,,,,connectivity + per-substation voltage not extractable from SLD text layer (graphical); name/page only
TAS,TAS-d,REPULSE,,,,,connectivity + per-substation voltage not extractable from SLD text layer (graphical); name/page only
