site_name,region,project_lat,project_lon,project_coord_source,spike_class,expected_catchment,method,transmission_catchment,catchment_confidence,nearest_substation,nearest_substation_rez,distance_km,exclusion_pattern_matched,region_mismatch,notes
101 Miller Street,NSW1,,,,,,no_coordinate,Unclassified,no_coordinate,,,,,False,
133 Castlereagh St,NSW1,,,,,,no_coordinate,Unclassified,no_coordinate,,,,,False,
20 Bond St,NSW1,,,,,,no_coordinate,Unclassified,no_coordinate,,,,,False,
275 Kent St,NSW1,,,,,,no_coordinate,Unclassified,no_coordinate,,,,,False,
40 Mount St,NSW1,,,,,,no_coordinate,Unclassified,no_coordinate,,,,,False,
8 Chifley Place,NSW1,,,,,,no_coordinate,Unclassified,no_coordinate,,,,,False,
ACT Renewables Battery Storage,NSW1,,,,,,no_coordinate,Unclassified,no_coordinate,,,,,False,
Acacia SF,NSW1,-31.2317,151.0178,aemo_filing,,,spatial_join,NEW,high,Central Hub (Hub 5),NEW,9.24,,False,
Albury Renewable Energy Facility,NSW1,,,,,,no_coordinate,Unclassified,no_coordinate,,,,,False,
Appin,NSW1,,,,,,no_coordinate,Unclassified,no_coordinate,,,,,False,
Apsley BESS Project,NSW1,,,,,,no_coordinate,Unclassified,no_coordinate,,,,,False,
Aquila Wind,NSW1,-32.84,149.13,state_portal,,,spatial_join,CWO,medium,Molong,CWO,34.91,,False,
Aquila Wind Farm,NSW1,-32.7833,149.0833,locality_proxy,,,spatial_join,CWO,medium,Wellington,CWO,30.64,,False,
Argoon Wind Farm (RES Group) - KCI,NSW1,,,,,,no_coordinate,Unclassified,no_coordinate,,,,,False,
Argyle Solar Farm,NSW1,,,,,,no_coordinate,Unclassified,no_coordinate,,,,,False,
Armidale BESS,NSW1,,,,,,no_coordinate,Unclassified,no_coordinate,,,,,False,
Armidale BESS (100),NSW1,,,,,,no_coordinate,Unclassified,no_coordinate,,,,,False,
Armidale BESS (150),NSW1,,,,,,no_coordinate,Unclassified,no_coordinate,,,,,False,
Armidale BESS (300),NSW1,,,,,,no_coordinate,Unclassified,no_coordinate,,,,,False,
Armidale BESS (Elgin),NSW1,-30.5,151.72,proponent_site,,,spatial_join,NEW,high,Armidale,NEW,3.69,,False,
Armidale BESS - 150,NSW1,,,,,,no_coordinate,Unclassified,no_coordinate,,,,,False,
Armidale Big BESS,NSW1,,,,,,no_coordinate,Unclassified,no_coordinate,,,,,False,
Armidale East BESS,NSW1,,,,,,no_coordinate,Unclassified,no_coordinate,,,,,False,
Armidale Pumped Hydro,NSW1,-30.8087,152.2017,osm_plant,,,spatial_join,NEW,medium,Metz,NEW,46.64,,False,
Arundel BESS,NSW1,-35.2448,147.4516,proponent_site,,,spatial_join,SW-NSW,high,Wagga,SW-NSW,7.21,,False,
Avonlie Solar Farm,NSW1,-34.9134452,146.5926128,OSM_plant,,,spatial_join,SW-NSW,high,Lockhart,SW-NSW,18.11,,False,
Awaba,NSW1,,,,,,no_coordinate,Unclassified,no_coordinate,,,,,False,
Awaba BESS,NSW1,,,,,,no_coordinate,Unclassified,no_coordinate,,,,,False,
BESS Finley,NSW1,,,,,,no_coordinate,Unclassified,no_coordinate,,,,,False,
BESS Styx - Storage - KCI,NSW1,,,,,,no_coordinate,Unclassified,no_coordinate,,,,,False,
Bakers Maison,NSW1,,,,,,no_coordinate,Unclassified,no_coordinate,,,,,False,
Baldon Wind Farm,NSW1,,,,,,no_coordinate,Unclassified,no_coordinate,,,,,False,
Baldon Wind Farm Stage 2,NSW1,,,,,,no_coordinate,Unclassified,no_coordinate,,,,,False,
Baldon Wind Farm Stage 2 - BESS,NSW1,,,,,,no_coordinate,Unclassified,no_coordinate,,,,,False,
Bango 973 Wind Farm,NSW1,,,,,,no_coordinate,Unclassified,no_coordinate,,,,,False,
Bango 999 Wind Farm,NSW1,,,,,,no_coordinate,Unclassified,no_coordinate,,,,,False,
Bango Wind Farm,NSW1,-34.5770062,148.8304402,OSM_plant,,,spatial_join,SW-NSW,high,Rye Park,SW-NSW,11.81,,False,
Bankstown Sports Club,NSW1,,,,,,no_coordinate,Unclassified,no_coordinate,,,,,False,
Bannaby BESS,NSW1,-34.4415,149.9951,locality_proxy,,,spatial_join,ILW,medium,Bannaby,ILW,5.12,,False,
Bannaby BESS (AMPYR) - KCI,NSW1,-34.44,149.961,locality_proxy,,,spatial_join,ILW,medium,Bannaby,ILW,8.24,,False,
Barwon Solar Farm & BESS,NSW1,,,,,,no_coordinate,Unclassified,no_coordinate,,,,,False,
Bayswater,NSW1,-32.395,150.95,manual,prior,NEW,spatial_join,HCC,high,Bayswater,HCC,0.64,,False,
Belconnen,NSW1,,,,,,no_coordinate,Unclassified,no_coordinate,,,,,False,
Belhaven Renewable Project,NSW1,-35.20046,147.37152,aremi,,,spatial_join,SW-NSW,high,Wagga,SW-NSW,2.02,,False,
Bellambi Heights Renewables Project,NSW1,-32.31872,149.47054,aremi,,,spatial_join,CWO,high,Beryl,CWO,3.4,,False,
Bells Mountain,NSW1,-32.2454,150.9344,wikipedia,,,spatial_join,HCC,high,Muswellbrook,HCC,2.66,,False,
Bells Mountain Pumped Hydro,NSW1,-32.2675,150.8906,state_portal,,,spatial_join,HCC,high,Muswellbrook,HCC,6.93,,False,
Belrose,NSW1,,,,,,no_coordinate,Unclassified,no_coordinate,,,,,False,
Ben Bullen BESS,NSW1,-33.17,150.05,proponent_site,,,spatial_join,CWO,medium,Wallerawang,CWO,26.44,,False,
Ben Bullen Solar Farm,NSW1,,,,,,no_coordinate,Unclassified,no_coordinate,,,,,False,
Ben Bullen Wind Farm,NSW1,,,,,,no_coordinate,Unclassified,no_coordinate,,,,,False,
Bendemeer Renewable Energy Hub - Solar - KCI,NSW1,-30.887,151.17,proponent_site,,,spatial_join,NEW,high,Bendemeer,NEW,1.85,,False,
Bendemeer Renewable Energy Hub - Storage - KCI,NSW1,,,,,,no_coordinate,Unclassified,no_coordinate,,,,,False,
Bendemeer Renewable Energy Hub - Wind - KCI,NSW1,-30.92972,151.24234,aremi,,,spatial_join,NEW,high,Bendemeer,NEW,10.23,,False,
Beresfield BESS,NSW1,-32.7975,151.6433,state_portal,,,spatial_join,HCC,high,Beresfield,HCC,0.55,,False,
Beryl BESS,NSW1,,,,,,no_coordinate,Unclassified,no_coordinate,,,,,False,
Beryl Solar Farm,NSW1,-32.3548399,149.4717426,OSM_plant,,,spatial_join,CWO,high,Beryl,CWO,1.25,,False,
Biala Wind Farm,NSW1,-34.5902289,149.3533473,OSM_plant,,,spatial_join,SW-NSW,high,Gullen Range,SW-NSW,9.92,,False,
Birriwa BESS,NSW1,-32.1264,149.5181,wikipedia,,,spatial_join,CWO,high,Merotherie,CWO,8.23,,False,
Birriwa Solar Farm,NSW1,-32.1264,149.5181,wikipedia,,,spatial_join,CWO,high,Merotherie,CWO,8.23,,False,
Blackmores,NSW1,,,,,,no_coordinate,Unclassified,no_coordinate,,,,,False,
Blayney,NSW1,-33.6243564,149.1979416,OSM_plant,,,spatial_join,CWO,medium,Orange,CWO,39.79,,False,
Blind Creek SF,NSW1,-35.1695,149.4691,aremi,,,spatial_join,ILW,high,Capital,ILW,5.33,,False,
Blind Creek Solar Farm,NSW1,,,,,,no_coordinate,Unclassified,no_coordinate,,,,,False,
Blind Creek Solar Farm and Battery Energy Storage System,NSW1,,,,,,no_coordinate,Unclassified,no_coordinate,,,,,False,
Blowering,NSW1,-35.3985715,148.2462035,OSM_plant,,,spatial_join,SW-NSW,high,Blowering,SW-NSW,0.08,,False,
Boco Rock Wind Farm,NSW1,-36.599737,149.1122643,OSM_plant,,,spatial_join,SW-NSW,high,Boco Rock,SW-NSW,2.91,,False,
Bodangora Wind Farm,NSW1,-32.398724,149.0685725,OSM_plant,shared_boundary,CWO,spatial_join,CWO,high,Wellington,CWO,17.35,,False,
Bogan River,NSW1,,,,,,no_coordinate,Unclassified,no_coordinate,,,,,False,
Boggabri solar and storage project,NSW1,,,,,,no_coordinate,Unclassified,no_coordinate,,,,,False,
Boiling Down BESS,NSW1,,,,,,no_coordinate,Unclassified,no_coordinate,,,,,False,
Bomen Solar Farm,NSW1,-35.0475321,147.441094,OSM_plant,,,spatial_join,SW-NSW,high,Bomen,SW-NSW,4.27,,False,
Bonnie Brae Hybrid Plant,NSW1,,,,,,no_coordinate,Unclassified,no_coordinate,,,,,False,
Bonshaw Hybrid Solar Farm,NSW1,,,,,,no_coordinate,Unclassified,no_coordinate,,,,,False,
Bonshaw Solar Farm,NSW1,,,,,,no_coordinate,Unclassified,no_coordinate,,,,,False,
Bookham WF & BESS,NSW1,-34.8143,148.6408,locality_proxy,,,spatial_join,SW-NSW,medium,Burrinjuck,SW-NSW,21.42,,False,
Boree Solar Project,NSW1,,,,,,no_coordinate,Unclassified,no_coordinate,,,,,False,
Bowmans Creek Wind Farm,NSW1,-32.4,151.1,manual,shared_boundary,NEW,spatial_join,HCC,high,Liddell,HCC,11.58,,False,
Brewongle Solar Farm,NSW1,,,,,,no_coordinate,Unclassified,no_coordinate,,,,,False,
Broadwater,NSW1,,,,,,no_coordinate,Unclassified,no_coordinate,,,,,False,
Brocklehurst Solar Farm,NSW1,,,,,,no_coordinate,Unclassified,no_coordinate,,,,,False,
Broken Hill,NSW1,-31.9862486,141.4194412,OSM_plant,,,spatial_join,SW-NSW,high,Broken Hill,SW-NSW,0.03,,False,
Broken Hill Energy Storage Centre,NSW1,-31.97,141.49,state_portal,,,spatial_join,SW-NSW,high,Broken Hill,SW-NSW,6.92,,False,
Broken Hill GT,NSW1,,,,,,no_coordinate,Unclassified,no_coordinate,,,,,False,
Broken Hill Solar Plant,NSW1,-31.9873817,141.3927678,OSM_plant,,,spatial_join,SW-NSW,high,Broken Hill,SW-NSW,2.49,,False,
Brown Mountain Hydro Power Station,NSW1,,,,,,no_coordinate,Unclassified,no_coordinate,,,,,False,
Bullawah Wind Farm – Stage 1,NSW1,,,,,,no_coordinate,Unclassified,no_coordinate,,,,,False,
Burgmanns BESS,NSW1,-31.155,150.9055,proponent_site,,,spatial_join,NEW,high,Tamworth,NEW,4.47,,False,
Buronga BESS - Storage - KCI,NSW1,-34.1692,142.1813,aemo_filing,,,spatial_join,SW-NSW,high,Buronga,SW-NSW,10.29,,False,
Burrawong BESS – Stage 2,NSW1,,,,,,no_coordinate,Unclassified,no_coordinate,,,,,False,
Burrawong Wind Farm,NSW1,,,,,,no_coordinate,Unclassified,no_coordinate,,,,,False,
Burrawong Wind Farm BESS – Stage 1,NSW1,,,,,,no_coordinate,Unclassified,no_coordinate,,,,,False,
Burrawong Wind Farm – Stage 1,NSW1,,,,,,no_coordinate,Unclassified,no_coordinate,,,,,False,
Burrawong Wind Farm – Stage 2,NSW1,,,,,,no_coordinate,Unclassified,no_coordinate,,,,,False,
Burrendong,NSW1,-32.6646245,149.1079587,OSM_plant,,,spatial_join,CWO,medium,Wellington,CWO,20.44,,False,
Burrendong WF,NSW1,-32.677,149.2438,osm_plant,,,spatial_join,CWO,medium,Wellington,CWO,31.13,,False,
Burrendong Wind Farm,NSW1,,,,,,no_coordinate,Unclassified,no_coordinate,,,,,False,
Burrinjuck,NSW1,-35.0030084,148.5828644,OSM_plant,,,spatial_join,SW-NSW,high,Burrinjuck,SW-NSW,0.23,,False,
Burroway BESS,NSW1,,,,,,no_coordinate,Unclassified,no_coordinate,,,,,False,
Bushranger Hybrid Facility - Battery,NSW1,,,,,,no_coordinate,Unclassified,no_coordinate,,,,,False,
Bushranger Hybrid Facility - Solar,NSW1,,,,,,no_coordinate,Unclassified,no_coordinate,,,,,False,
CRS Canberra,NSW1,,,,,,no_coordinate,Unclassified,no_coordinate,,,,,False,
Calala Battery Energy Storage System 1 (CABESS1),NSW1,,,,,,no_coordinate,Unclassified,no_coordinate,,,,,False,
Calala Battery Energy Storage System 2 (CABESS2),NSW1,,,,,,no_coordinate,Unclassified,no_coordinate,,,,,False,
Canyonleigh BESS,NSW1,-34.6464,149.965,aemo_filing,,,spatial_join,ILW,high,Marulan,ILW,8.75,,False,
Capital 2 Wind Farm,NSW1,,,,,,no_coordinate,Unclassified,no_coordinate,,,,,False,
Capital Battery,NSW1,-35.3382597,149.2155373,OSM_plant,,,spatial_join,ILW,high,Sutton Forest,ILW,17.37,,False,
Capital East Solar Farm P1,NSW1,-35.1808439,149.5474901,OSM_plant,,,spatial_join,ILW,high,Capital,ILW,2.3,,False,
Capital East Solar Farm P2,NSW1,-35.1808439,149.5474901,OSM_plant,,,spatial_join,ILW,high,Capital,ILW,2.3,,False,
Capital Solar Farm,NSW1,,,,,,no_coordinate,Unclassified,no_coordinate,,,,,False,
Capital Wind Farm,NSW1,-35.1310585,149.5042747,OSM_plant,,,spatial_join,ILW,high,Capital,ILW,6.51,,False,
Carag Solar Farm,NSW1,,,,,,no_coordinate,Unclassified,no_coordinate,,,,,False,
Carrick Solar Farm,NSW1,,,,,,no_coordinate,Unclassified,no_coordinate,,,,,False,
Central Para Wind Farm (KCI),NSW1,,,,,,no_coordinate,Unclassified,no_coordinate,,,,,False,
Central West Pumped Hydro,NSW1,-33.4483,149.8178,aemo_filing,,,spatial_join,CWO,medium,Mt Piper,CWO,21.58,,False,
"Channel Nine - Willoughby, NSW",NSW1,,,,,,no_coordinate,Unclassified,no_coordinate,,,,,False,
Chillamurra,NSW1,,,,,,no_coordinate,Unclassified,no_coordinate,,,,,False,
Chipping Norton Waste to Energy,NSW1,,,,,,spatial_join_excluded,Unclassified,excluded,,,,Waste to Energy,False,
Club Merrylands,NSW1,,,,,,no_coordinate,Unclassified,no_coordinate,,,,,False,
Cobbora BESS,NSW1,,,,,,no_coordinate,Unclassified,no_coordinate,,,,,False,
Cobbora Solar Farm,NSW1,,,,,,no_coordinate,Unclassified,no_coordinate,,,,,False,
Coleambally BESS,NSW1,,,,,,no_coordinate,Unclassified,no_coordinate,,,,,False,
Coleambally Solar Farm,NSW1,-34.7616824,145.9342105,OSM_plant,,,spatial_join,SW-NSW,high,Coleambally,SW-NSW,2.91,,False,
Collector,NSW1,-34.8580181,149.385912,OSM_plant,,,spatial_join,SW-NSW,high,Cullerin,SW-NSW,7.07,,False,
Colongra,NSW1,-33.2097952,151.5450571,OSM_plant,,,spatial_join,HCC,high,Munmorah,HCC,0.48,,False,
Combined Cycle Gas,NSW1,,,,,,no_coordinate,Unclassified,no_coordinate,,,,,False,
Comet Park BESS - KCI,NSW1,,,,,,no_coordinate,Unclassified,no_coordinate,,,,,False,
Condong,NSW1,,,,,,no_coordinate,Unclassified,no_coordinate,,,,,False,
Conroys Gap,NSW1,,,,,,no_coordinate,Unclassified,no_coordinate,,,,,False,
Conroys Gap WF - KCI,NSW1,,,,,,no_coordinate,Unclassified,no_coordinate,,,,,False,
Cooma BESS (ACEN),NSW1,,,,,,no_coordinate,Unclassified,no_coordinate,,,,,False,
Cooma Hybrid BESS and Solar Farm (ACEN),NSW1,,,,,,no_coordinate,Unclassified,no_coordinate,,,,,False,
Cooma Solar And BESS (ACEN),NSW1,,,,,,no_coordinate,Unclassified,no_coordinate,,,,,False,
Cooma Solar Farm,NSW1,,,,,,no_coordinate,Unclassified,no_coordinate,,,,,False,
Cooma Solar Farm (ACEN),NSW1,,,,,,no_coordinate,Unclassified,no_coordinate,,,,,False,
Cooma Solar Farm (Lightsource),NSW1,,,,,,no_coordinate,Unclassified,no_coordinate,,,,,False,
Cooma Solar Farm (Risen),NSW1,,,,,,no_coordinate,Unclassified,no_coordinate,,,,,False,
Copeton,NSW1,-29.9101747,150.9234796,OSM_plant,,,spatial_join,NEW,high,Copeton,NEW,0.03,,False,
Coppabella Wind Farm,NSW1,,,,,,no_coordinate,Unclassified,no_coordinate,,,,,False,
Corowa Solar Farm,NSW1,-35.980211,146.3595909,OSM_plant,,,spatial_join,SW-NSW,high,Corowa,SW-NSW,2.93,,False,
Crookwell,NSW1,-34.5418043,149.573661,OSM_plant,,,spatial_join,SW-NSW,high,Crookwell,SW-NSW,3.69,,False,
Crookwell 2 Wind Farm,NSW1,-34.5418043,149.573661,OSM_plant,,,spatial_join,SW-NSW,high,Crookwell,SW-NSW,3.69,,False,
Crookwell 3 Wind Farm,NSW1,-34.5531957,149.6479605,OSM_plant,,,spatial_join,SW-NSW,high,Crookwell,SW-NSW,3.54,,False,
Crudine Ridge Wind Farm,NSW1,-32.910241,149.6773963,OSM_plant,,,spatial_join,CWO,medium,Mudgee,CWO,37.45,,False,
Culcairn Solar Farm,NSW1,-35.7059665,146.9624109,OSM_plant,,,spatial_join,SW-NSW,high,Culcairn,SW-NSW,8.96,,False,
Cullerin Range Wind Farm,NSW1,-34.8061138,149.3978121,OSM_plant,,,spatial_join,SW-NSW,high,Cullerin,SW-NSW,1.21,,False,
Currawarra Solar Farm,NSW1,,,,,,no_coordinate,Unclassified,no_coordinate,,,,,False,
DHL6 Solar Horsley Park,NSW1,,,,,,no_coordinate,Unclassified,no_coordinate,,,,,False,
Dalton,NSW1,,,,,,no_coordinate,Unclassified,no_coordinate,,,,,False,
Dapper Solar Farm,NSW1,,,,,,no_coordinate,Unclassified,no_coordinate,,,,,False,
Darlington Point BESS,NSW1,-34.45,145.93,aemo_filing,,,spatial_join,SW-NSW,medium,Griffith,SW-NSW,22.26,,False,
Darlington Point Energy Storage System,NSW1,-34.6470142,146.0352367,OSM_plant,,,spatial_join,SW-NSW,high,Darlington Point,SW-NSW,0.22,,False,
Darlington Point Solar Farm,NSW1,-34.6492267,146.0631793,OSM_plant,,,spatial_join,SW-NSW,high,Darlington Point,SW-NSW,2.63,,False,
Daroobalgie Solar Farm,NSW1,,,,,,no_coordinate,Unclassified,no_coordinate,,,,,False,
Daroobalgie Solar Farm - KCI,NSW1,,,,,,no_coordinate,Unclassified,no_coordinate,,,,,False,
De Bortoli Wines,NSW1,,,,,,no_coordinate,Unclassified,no_coordinate,,,,,False,
Deargee,NSW1,,,,,,no_coordinate,Unclassified,no_coordinate,,,,,False,
Deargee Solar And BESS,NSW1,-30.4855,151.3022,proponent_site,,,spatial_join,NEW,medium,Northern Hub (Hub 10),NEW,21.63,,False,
Deepwater BESS,NSW1,,,,,,no_coordinate,Unclassified,no_coordinate,,,,,False,
Deepwater Solar Farm,NSW1,,,,,,no_coordinate,Unclassified,no_coordinate,,,,,False,
Deniliquin BESS - Storage - KCI,NSW1,,,,,,no_coordinate,Unclassified,no_coordinate,,,,,False,
Deniliquin East BESS,NSW1,,,,,,no_coordinate,Unclassified,no_coordinate,,,,,False,
Denman BESS - KCI,NSW1,,,,,,no_coordinate,Unclassified,no_coordinate,,,,,False,
Devlins Bridge Battery Storage,NSW1,-34.76,143.7358,wikipedia,,,spatial_join,SW-NSW,high,Balranald,SW-NSW,19.32,,False,
Devlins Wind Farm,NSW1,,,,,,no_coordinate,Unclassified,no_coordinate,,,,,False,
Dinawan Energy Hub,NSW1,,,,,,no_coordinate,Unclassified,no_coordinate,,,,,False,
Donnybrook project,NSW1,,,,,,no_coordinate,Unclassified,no_coordinate,,,,,False,
Drayton's Family Wines Solar,NSW1,,,,,,no_coordinate,Unclassified,no_coordinate,,,,,False,
Dubbo Solar Hub,NSW1,-32.2729058,148.6586267,OSM_plant,,,spatial_join,CWO,high,Dubbo,CWO,2.75,,False,
Dumaresq Solar Farm,NSW1,,,,,,no_coordinate,Unclassified,no_coordinate,,,,,False,
Dunedoo Solar Farm,NSW1,,,,,,no_coordinate,Unclassified,no_coordinate,,,,,False,
"Dungowan 3,000 MWH PHES",NSW1,,,,,,no_coordinate,Unclassified,no_coordinate,,,,,False,
Dungowan 3000 MWH PHES,NSW1,,,,,,no_coordinate,Unclassified,no_coordinate,,,,,False,
EIWA Richmond Valley BESS,NSW1,-29.0114,153.1008,aemo_filing,,,spatial_join,Unclassified,Unclassified,Tenterfield,NEW,103.35,,False,
Earthpower Technologies Sydney,NSW1,,,,,,no_coordinate,Unclassified,no_coordinate,,,,,False,
Eastern Creek,NSW1,,,,,,no_coordinate,Unclassified,no_coordinate,,,,,False,
Eastern Creek 2 Gas Utilisation Facility,NSW1,,,,,,spatial_join_excluded,Unclassified,excluded,,,,Gas Utilisation,False,
Eastern Rise Offshore Wind,NSW1,,,,,,no_coordinate,Unclassified,no_coordinate,,,,,False,
Ebor BESS,NSW1,,,,,,no_coordinate,Unclassified,no_coordinate,,,,,False,
Edderton Hybrid Faciility - Solar,NSW1,,,,,,no_coordinate,Unclassified,no_coordinate,,,,,False,
Edderton Hybrid Facility - BESS,NSW1,-32.4366,150.8258,aremi,,,spatial_join,HCC,high,Bayswater,HCC,11.96,,False,
Eden Offshore Wind Farm,NSW1,,,,,,no_coordinate,Unclassified,no_coordinate,,,,,False,
Eglington Solar Farm,NSW1,-33.3761,149.5434,aemo_filing,,,spatial_join,CWO,medium,Orange,CWO,41.95,,False,
Emu Park BESS,NSW1,,,,,,no_coordinate,Unclassified,no_coordinate,,,,,False,
Emu Park Solar Farm,NSW1,,,,,,no_coordinate,Unclassified,no_coordinate,,,,,False,
Eraring,NSW1,-33.0618215,151.5166993,OSM_plant,,,spatial_join,HCC,high,Eraring,HCC,0.1,,False,
Eraring Big Battery,NSW1,-33.0619,151.5197,proponent_site,,,spatial_join,HCC,high,Eraring,HCC,0.38,,False,
Eraring Big Battery – Stage 1,NSW1,-33.06217,151.51941,wikipedia,,,spatial_join,HCC,high,Eraring,HCC,0.36,,False,
Eraring Big Battery – Stage 2,NSW1,-33.0619,151.5197,proponent_site,,,spatial_join,HCC,high,Eraring,HCC,0.38,,False,
Eraring Big Battery – Stage 3,NSW1,-33.06222,151.52028,proponent_site,,,spatial_join,HCC,high,Eraring,HCC,0.44,,False,
Eraring GT,NSW1,,,,,,no_coordinate,Unclassified,no_coordinate,,,,,False,
Erskine Park,NSW1,,,,,,no_coordinate,Unclassified,no_coordinate,,,,,False,
Euston Wind Farm - KCI,NSW1,-34.5762,142.745,proponent_site,,,spatial_join,SW-NSW,review,Buronga,SW-NSW,68.96,,False,
Finley Solar Farm,NSW1,-35.6499632,145.5051327,OSM_plant,,,spatial_join,SW-NSW,high,Finley,SW-NSW,1.31,,False,
Finley Solar Project,NSW1,,,,,,no_coordinate,Unclassified,no_coordinate,,,,,False,
Flyers Creek Wind Farm,NSW1,-33.5531137,149.0826423,OSM_plant,,,spatial_join,CWO,medium,Orange,CWO,31.08,,False,
Forbes Solar Farm,NSW1,,,,,,no_coordinate,Unclassified,no_coordinate,,,,,False,
Forbes Solar Farm & BESS,NSW1,,,,,,no_coordinate,Unclassified,no_coordinate,,,,,False,
Forest Glen Solar Farm,NSW1,,,,,,no_coordinate,Unclassified,no_coordinate,,,,,False,
GEP - NMLLY1,NSW1,,,,,,no_coordinate,Unclassified,no_coordinate,,,,,False,
GEP - NWNG2,NSW1,,,,,,no_coordinate,Unclassified,no_coordinate,,,,,False,
Galore Energy Project - Solar And BESS - KCI,NSW1,-34.9983,146.8137,proponent_site,,,spatial_join,SW-NSW,high,Lockhart,SW-NSW,4.7,,False,
Galore Hybrid Facility - Battery,NSW1,,,,,,no_coordinate,Unclassified,no_coordinate,,,,,False,
Galore Hybrid Facility - Solar,NSW1,,,,,,no_coordinate,Unclassified,no_coordinate,,,,,False,
Gara BESS,NSW1,,,,,,no_coordinate,Unclassified,no_coordinate,,,,,False,
Garoo BESS,NSW1,,,,,,no_coordinate,Unclassified,no_coordinate,,,,,False,
Garoo Solar Farm,NSW1,,,,,,no_coordinate,Unclassified,no_coordinate,,,,,False,
Gerogery Battery - KCI,NSW1,,,,,,no_coordinate,Unclassified,no_coordinate,,,,,False,
Gerogery Solar Farm - KCI,NSW1,,,,,,no_coordinate,Unclassified,no_coordinate,,,,,False,
Gidginbung,NSW1,,,,,,no_coordinate,Unclassified,no_coordinate,,,,,False,
Gilgandara Solar Farm,NSW1,,,,,,no_coordinate,Unclassified,no_coordinate,,,,,False,
Gilgandra Solar Farm,NSW1,,,,,,no_coordinate,Unclassified,no_coordinate,,,,,False,
Glanmire Solar Farm,NSW1,,,,,,no_coordinate,Unclassified,no_coordinate,,,,,False,
Glen Innes Wind Farm,NSW1,,,,,,no_coordinate,Unclassified,no_coordinate,,,,,False,
Glen Inness BESS - KCI,NSW1,,,,,,no_coordinate,Unclassified,no_coordinate,,,,,False,
Glenbawn,NSW1,-32.1096551,150.9982617,OSM_plant,,,spatial_join,HCC,high,Glenbawn,HCC,0.03,,False,
Glenbawn Pumped Hydro Project,NSW1,-32.1,151.1,manual,prior,Unclassified,spatial_join,HCC,high,Glenbawn,HCC,9.61,,False,
Glenellen Solar Farm,NSW1,-35.91,146.91,state_portal,,,spatial_join,SW-NSW,high,Jindera,SW-NSW,1.73,,False,
Glennies Creek,NSW1,-32.4598758,151.12872,OSM_plant,,,spatial_join,HCC,high,Singleton,HCC,9.34,,False,
Glennis Creek Pumped Hydro Project,NSW1,-32.34833,151.25111,wikipedia,,,spatial_join,HCC,medium,Liddell,HCC,25.97,,False,
Gol Gol Wind Farm,NSW1,,,,,,no_coordinate,Unclassified,no_coordinate,,,,,False,
Goldwind battery,NSW1,,,,,,no_coordinate,Unclassified,no_coordinate,,,,,False,
Goldwind reciprocating engine,NSW1,,,,,,no_coordinate,Unclassified,no_coordinate,,,,,False,
Goonumbla Solar Farm,NSW1,-33.1100011,148.0905841,OSM_plant,,,spatial_join,CWO,high,Parkes,CWO,1.66,,False,
Goulburn Bioenergy,NSW1,,,,,,no_coordinate,Unclassified,no_coordinate,,,,,False,
Goulburn River BESS,NSW1,-32.35,150.1,manual,shared_boundary,CWO,spatial_join,HCC,high,Bylong,HCC,7.31,,False,
Goulburn River SF,NSW1,-32.35,150.1,manual,shared_boundary,CWO,spatial_join,HCC,high,Bylong,HCC,7.31,,False,
Goulburn River Solar Farm And BESS,NSW1,-32.35,150.1,manual,prior,CWO,spatial_join,HCC,high,Bylong,HCC,7.31,,False,
Grafton Rd BESS (KCI),NSW1,,,,,,no_coordinate,Unclassified,no_coordinate,,,,,False,
Grange Avenue,NSW1,,,,,,no_coordinate,Unclassified,no_coordinate,,,,,False,
Granite Hills Wind Farm,NSW1,,,,,,no_coordinate,Unclassified,no_coordinate,,,,,False,
Great Western Battery Project,NSW1,-33.4074,150.0679,locality_proxy,,,spatial_join,CWO,medium,Wallerawang,CWO,1.2,,False,
Greenpulse BESS (KCI),NSW1,,,,,,no_coordinate,Unclassified,no_coordinate,,,,,False,
Greenpulse Solar Farm (KCI),NSW1,,,,,,no_coordinate,Unclassified,no_coordinate,,,,,False,
Gregadoo Solar Farm,NSW1,,,,,,no_coordinate,Unclassified,no_coordinate,,,,,False,
Griffith BESS,NSW1,,,,,,no_coordinate,Unclassified,no_coordinate,,,,,False,
Griffith BESS - KCI,NSW1,,,,,,no_coordinate,Unclassified,no_coordinate,,,,,False,
Griffith Solar Farm,NSW1,-34.3175815,146.1227047,OSM_plant,,,spatial_join,SW-NSW,high,Griffith,SW-NSW,1.22,,False,
Gulgong Solar Project,NSW1,-32.35,149.5333,locality_proxy,,,spatial_join,CWO,medium,Beryl,CWO,6.8,,False,
Gullen Range Battery Energy System,NSW1,-34.5442,149.4331,wikipedia,,,spatial_join,SW-NSW,high,Gullen Range,SW-NSW,8.09,,False,
Gullen Range Solar Farm,NSW1,,,,,,no_coordinate,Unclassified,no_coordinate,,,,,False,
Gullen Range Wind Farm,NSW1,-34.6065059,149.4553254,OSM_plant,,,spatial_join,SW-NSW,high,Gullen Range,SW-NSW,0.87,,False,
Gullen Range Wind Farm 2,NSW1,-34.6065059,149.4553254,OSM_plant,,,spatial_join,SW-NSW,high,Gullen Range,SW-NSW,0.87,,False,
Gullen Range Wind Farm 2 _x000D_,NSW1,-34.6065059,149.4553254,OSM_plant,,,spatial_join,SW-NSW,high,Gullen Range,SW-NSW,0.87,,False,
Gundary Solar Farm,NSW1,,,,,,no_coordinate,Unclassified,no_coordinate,,,,,False,
Gundary Solar Farm - KCI,NSW1,,,,,,no_coordinate,Unclassified,no_coordinate,,,,,False,
Gunnedah BESS,NSW1,,,,,,no_coordinate,Unclassified,no_coordinate,,,,,False,
Gunnedah East BESS (Green Leap) - KCI,NSW1,,,,,,no_coordinate,Unclassified,no_coordinate,,,,,False,
Gunnedah Solar Farm,NSW1,-30.9390584,150.3420751,OSM_plant,,,spatial_join,NEW,high,Gunnedah,NEW,4.27,,False,
Gunning Solar Farm,NSW1,,,,,,no_coordinate,Unclassified,no_coordinate,,,,,False,
Gunning Solar Farm (Canadian),NSW1,,,,,,no_coordinate,Unclassified,no_coordinate,,,,,False,
Gunning Solar Farm (Photon),NSW1,-34.84,149.17,proponent_site,,,spatial_join,SW-NSW,medium,Cullerin,SW-NSW,21.42,,False,
Gunning Wind Farm,NSW1,-34.6857898,149.3686054,OSM_plant,,,spatial_join,SW-NSW,high,Gunning,SW-NSW,1.74,,False,
Guthega,NSW1,-36.3501059,148.4136149,OSM_plant,,,spatial_join,SW-NSW,high,Guthega,SW-NSW,0.07,,False,
Guunedah Solar Farm,NSW1,,,,,,no_coordinate,Unclassified,no_coordinate,,,,,False,
Hanworth BESS - KCI,NSW1,-31.8,150.85,manual,shared_boundary,CWO,spatial_join,NEW,medium,Central South Hub (Hub 1),NEW,30.47,,False,
Hanworth Battery,NSW1,-31.8,150.85,manual,prior,Unclassified,spatial_join,NEW,medium,Central South Hub (Hub 1),NEW,30.47,,False,
Hargraves BESS,NSW1,-32.8254,149.4435,aemo_filing,,,spatial_join,CWO,medium,Mudgee,CWO,29.11,,False,
Hargraves Wind Farm,NSW1,,,,,,no_coordinate,Unclassified,no_coordinate,,,,,False,
Hay Sun Farm,NSW1,,,,,,no_coordinate,Unclassified,no_coordinate,,,,,False,
Hills of Gold Wind Farm,NSW1,-31.61438,151.1197,aremi,,,spatial_join,NEW,high,Central South Hub (Hub 1),NEW,9.94,,False,
Hillston Sun Farm,NSW1,-33.5340092,145.5223922,OSM_plant,,,spatial_join,SW-NSW,high,Hillston,SW-NSW,2.12,,False,
Holbrook SF,NSW1,-35.2991,147.2818,aemo_filing,,,spatial_join,SW-NSW,high,Uranquinty,SW-NSW,11.31,,False,
Holloway - Battery,NSW1,,,,,,no_coordinate,Unclassified,no_coordinate,,,,,False,
Holloway BESS - KCI,NSW1,,,,,,no_coordinate,Unclassified,no_coordinate,,,,,False,
Hume BESS,NSW1,,,,,,no_coordinate,Unclassified,no_coordinate,,,,,False,
Hume Bess (ARIF),NSW1,,,,,,no_coordinate,Unclassified,no_coordinate,,,,,False,
Hume Dam NSW,NSW1,,,,,,no_coordinate,Unclassified,no_coordinate,,,,,False,
Hume North Battery Energy Storage System,NSW1,,,,,,no_coordinate,Unclassified,no_coordinate,,,,,False,
Hunter Central Coast Offshore Energy (Wind),NSW1,,,,,,no_coordinate,Unclassified,no_coordinate,,,,,False,
Hunter Coast Offshore Wind,NSW1,,,,,,no_coordinate,Unclassified,no_coordinate,,,,,False,
Hunter EconomicZone,NSW1,,,,,,no_coordinate,Unclassified,no_coordinate,,,,,False,
Hunter Power Station,NSW1,-32.7933,151.4784,wikipedia,,,spatial_join,HCC,high,Maitland,HCC,9.73,,False,
Hunter Valley GT,NSW1,,,,,,no_coordinate,Unclassified,no_coordinate,,,,,False,
Ilford Green Energy Hub,NSW1,,,,,,no_coordinate,Unclassified,no_coordinate,,,,,False,
Illawarra Offshore Wind Farm,NSW1,,,,,,no_coordinate,Unclassified,no_coordinate,,,,,False,
Inverell Battery Energy Storage System,NSW1,,,,,,no_coordinate,Unclassified,no_coordinate,,,,,False,
Ivanhoe BESS,NSW1,,,,,,no_coordinate,Unclassified,no_coordinate,,,,,False,
Jacks Gully,NSW1,,,,,,no_coordinate,Unclassified,no_coordinate,,,,,False,
Jemalong Solar,NSW1,-33.4055355,147.6444039,OSM_plant,,,spatial_join,CWO,high,Jemalong,CWO,3.38,,False,
Jeremiah WF,NSW1,-35.0676,148.1124,aemo_filing,,,spatial_join,SW-NSW,medium,Blowering,SW-NSW,38.71,,False,
Jeremiah Wind Farm,NSW1,,,,,,no_coordinate,Unclassified,no_coordinate,,,,,False,
Jindabyne,NSW1,,,,,,no_coordinate,Unclassified,no_coordinate,,,,,False,
Jindera BESS - Storage - KCI,NSW1,-35.9218,146.9073,aemo_filing,,,spatial_join,SW-NSW,high,Jindera,SW-NSW,0.43,,False,
Jindera Solar Farm,NSW1,,,,,,no_coordinate,Unclassified,no_coordinate,,,,,False,
Jounama,NSW1,-35.5620147,148.3054928,OSM_plant,,,spatial_join,SW-NSW,high,Jounama,SW-NSW,0.27,,False,
Junction Rivers,NSW1,-34.7,143.5,state_portal,,,spatial_join,SW-NSW,high,Balranald,SW-NSW,8.73,,False,
Junction Rivers BESS – Stage 1,NSW1,,,,,,no_coordinate,Unclassified,no_coordinate,,,,,False,
Junction Rivers BESS – Stage 2,NSW1,,,,,,no_coordinate,Unclassified,no_coordinate,,,,,False,
Junction Rivers Wind And BESS,NSW1,-34.7,143.5,state_portal,,,spatial_join,SW-NSW,high,Balranald,SW-NSW,8.73,,False,
Junction Rivers Wind Farm – Stage 1,NSW1,,,,,,no_coordinate,Unclassified,no_coordinate,,,,,False,
Junction Rivers Wind Farm – Stage 2,NSW1,,,,,,no_coordinate,Unclassified,no_coordinate,,,,,False,
Junee Solar Farm,NSW1,-34.8139741,147.571545,OSM_plant,,,spatial_join,SW-NSW,high,Junee,SW-NSW,5.6,,False,
Juno BESS,NSW1,,,,,,no_coordinate,Unclassified,no_coordinate,,,,,False,
Juno Wind Farm,NSW1,,,,,,no_coordinate,Unclassified,no_coordinate,,,,,False,
Kangaroo Hills BESS,NSW1,,,,,,no_coordinate,Unclassified,no_coordinate,,,,,False,
Kangaroo Hills Wind Farm,NSW1,,,,,,no_coordinate,Unclassified,no_coordinate,,,,,False,
Kangaroo Valley BESS,NSW1,-34.7244,150.5025,proponent_site,,,spatial_join,ILW,high,Kangaroo Valley,ILW,1.89,,False,
Kanowna Solar Farm,NSW1,,,,,,no_coordinate,Unclassified,no_coordinate,,,,,False,
Keepit,NSW1,-30.879198,150.4914435,OSM_plant,,,spatial_join,NEW,high,Keepit,NEW,0.17,,False,
Kerrawary Power Station,NSW1,,,,,,no_coordinate,Unclassified,no_coordinate,,,,,False,
Kerrs Creek Wind Farm,NSW1,,,,,,no_coordinate,Unclassified,no_coordinate,,,,,False,
Kings Plain Wind Farm,NSW1,,,,,,no_coordinate,Unclassified,no_coordinate,,,,,False,
Kingswood BESS,NSW1,-31.1413,150.9008,aemo_filing,,,spatial_join,NEW,high,Tamworth,NEW,4.87,,False,
Koorakee Wind Farm,NSW1,,,,,,no_coordinate,Unclassified,no_coordinate,,,,,False,
Kurri Kurri Battery,NSW1,-32.8175,151.4834,locality_proxy,,,spatial_join,HCC,medium,Maitland,HCC,11.52,,False,
Kurri Kurri OCGT,NSW1,-32.7933,151.4784,wikipedia,,,spatial_join,HCC,high,Maitland,HCC,9.73,,False,
LMCC - Works Depot Power Station,NSW1,,,,,,no_coordinate,Unclassified,no_coordinate,,,,,False,
Lake Lyell PHES,NSW1,,,,,,no_coordinate,Unclassified,no_coordinate,,,,,False,
Lake Lyell Pumped Hydro,NSW1,-33.4988,150.0749,aremi,,,spatial_join,CWO,high,Mt Piper,CWO,4.89,,False,
Lake Victoria Energy Park - KCI,NSW1,-34.0211,141.3533,aemo_filing,,,spatial_join,SW-NSW,review,Buronga,SW-NSW,83.97,,False,
Lambruk Solar Farm,NSW1,,,,,,no_coordinate,Unclassified,no_coordinate,,,,,False,
Lambruk Solar Project,NSW1,,,,,,no_coordinate,Unclassified,no_coordinate,,,,,False,
Lerida BESS,NSW1,,,,,,no_coordinate,Unclassified,no_coordinate,,,,,False,
Lerida Solar Farm,NSW1,,,,,,no_coordinate,Unclassified,no_coordinate,,,,,False,
Liddell,NSW1,-32.3716,150.9784,wikipedia,,,spatial_join,HCC,high,Liddell,HCC,1.49,,False,
Liddell BESS,NSW1,-32.3716,150.9784,wikipedia,,,spatial_join,HCC,high,Liddell,HCC,1.49,,False,
Liddell Solar Farm - KCI,NSW1,-32.3716,150.9784,wikipedia,,,spatial_join,HCC,high,Liddell,HCC,1.49,,False,
Limondale BESS,NSW1,,,,,,no_coordinate,Unclassified,no_coordinate,,,,,False,
Limondale Solar Farm 1,NSW1,-34.7710283,143.5016614,OSM_plant,,,spatial_join,SW-NSW,high,Balranald,SW-NSW,2.21,,False,
Limondale Solar Farm 2,NSW1,-34.7710283,143.5016614,OSM_plant,,,spatial_join,SW-NSW,high,Balranald,SW-NSW,2.21,,False,
Lindsay Gap BESS,NSW1,-31.47,150.83,locality_proxy,,,spatial_join,NEW,medium,Quirindi,NEW,14.62,,False,
Lismore BESS,NSW1,,,,,,no_coordinate,Unclassified,no_coordinate,,,,,False,
Liverpool Range Wind Farm,NSW1,,,,,,no_coordinate,Unclassified,no_coordinate,,,,,False,
Lockhart Hybrid Facility - Battery,NSW1,,,,,,no_coordinate,Unclassified,no_coordinate,,,,,False,
Lockhart Hybrid Facility - Solar,NSW1,,,,,,no_coordinate,Unclassified,no_coordinate,,,,,False,
Lucas Heights 2,NSW1,,,,,,no_coordinate,Unclassified,no_coordinate,,,,,False,
Lucas Heights I,NSW1,,,,,,no_coordinate,Unclassified,no_coordinate,,,,,False,
MNC000116 - Dubbo Firming Power Station,NSW1,,,,,,no_coordinate,Unclassified,no_coordinate,,,,,False,
Maison Dieu BESS,NSW1,-32.535,151.094,locality_proxy,,,spatial_join,HCC,medium,Singleton,HCC,1.7,,False,
Maison Dieu Solar Farm,NSW1,,,,,,no_coordinate,Unclassified,no_coordinate,,,,,False,
Mallee Wind Farm,NSW1,,,,,,no_coordinate,Unclassified,no_coordinate,,,,,False,
Mallee Wind Farm - Storage - KCI,NSW1,-34.0835,142.4481,aremi,,,spatial_join,SW-NSW,high,Buronga,SW-NSW,17.51,,False,
Mandurama BESS,NSW1,,,,,,no_coordinate,Unclassified,no_coordinate,,,,,False,
Mandurama Wind Farm,NSW1,-33.6505,149.0721,locality_proxy,,,spatial_join,CWO,medium,Orange,CWO,41.96,,False,
Mangoplah BESS - KCI,NSW1,,,,,,no_coordinate,Unclassified,no_coordinate,,,,,False,
Manildra Solar Farm,NSW1,-33.1735929,148.7193094,OSM_plant,,,spatial_join,CWO,high,Manildra,CWO,0.73,,False,
Maoneng Battery,NSW1,,,,,,no_coordinate,Unclassified,no_coordinate,,,,,False,
Marulan,NSW1,-34.604,150.061,aremi,,,spatial_join,ILW,high,Marulan,ILW,1.46,,False,
Marulan - OCGT/CCGT,NSW1,-34.7112,150.0064,locality_proxy,,,spatial_join,ILW,medium,Marulan,ILW,11.48,,False,
Marulan BESS,NSW1,,,,,,no_coordinate,Unclassified,no_coordinate,,,,,False,
Marulan Solar Farm,NSW1,,,,,,no_coordinate,Unclassified,no_coordinate,,,,,False,
Maryvale Solar Farm,NSW1,,,,,,no_coordinate,Unclassified,no_coordinate,,,,,False,
Maryvale Solar and Energy Storage System,NSW1,,,,,,no_coordinate,Unclassified,no_coordinate,,,,,False,
Mates Gully Solar Farm,NSW1,,,,,,no_coordinate,Unclassified,no_coordinate,,,,,False,
Maules Creek BESS,NSW1,,,,,,no_coordinate,Unclassified,no_coordinate,,,,,False,
Maules Creek Solar Farm,NSW1,,,,,,no_coordinate,Unclassified,no_coordinate,,,,,False,
Maxwell Downs Bess - KCI,NSW1,-32.3,150.95,manual,shared_boundary,CWO,spatial_join,HCC,high,Muswellbrook,HCC,8.69,,False,
Maxwell Downs Solar Farm - KCI,NSW1,-32.3,150.95,manual,shared_boundary,CWO,spatial_join,HCC,high,Muswellbrook,HCC,8.69,,False,
Maxwell Solar Farm,NSW1,-32.3,150.95,manual,shared_boundary,CWO,spatial_join,HCC,high,Muswellbrook,HCC,8.69,,False,
McCullys Gap BESS,NSW1,-32.213,150.944,aremi,,,spatial_join,HCC,high,Muswellbrook,HCC,1.06,,False,
McMahons Reef Solar Farm,NSW1,,,,,,no_coordinate,Unclassified,no_coordinate,,,,,False,
Merino Solar Farm,NSW1,,,,,,no_coordinate,Unclassified,no_coordinate,,,,,False,
Merriwa BESS 1,NSW1,-32.1397,150.3552,locality_proxy,,,spatial_join,HCC,medium,Merriwa,HCC,0.79,,False,
Merriwa SF,NSW1,-32.1397,150.3552,locality_proxy,,,spatial_join,HCC,medium,Merriwa,HCC,0.79,,False,
Merriwa Solar Farm,NSW1,-32.1393,150.3557,locality_proxy,,,spatial_join,HCC,medium,Merriwa,HCC,0.77,,False,
Merriwa Solar Farm - BESS,NSW1,-32.1397,150.3552,locality_proxy,,,spatial_join,HCC,medium,Merriwa,HCC,0.79,,False,
Merriwa Solar Farm and BESS,NSW1,-32.1393,150.3557,locality_proxy,,,spatial_join,HCC,medium,Merriwa,HCC,0.77,,False,
Metz Solar Farm,NSW1,-30.5112227,151.8615629,OSM_plant,,,spatial_join,NEW,high,Metz,NEW,1.48,,False,
Middlebrook SF & BESS,NSW1,-31.3037,150.978,aremi,,,spatial_join,NEW,high,Central Hub (Hub 5),NEW,17.22,,False,
Midwest BESS,NSW1,,,,,,no_coordinate,Unclassified,no_coordinate,,,,,False,
Midwest Solar Farm,NSW1,,,,,,no_coordinate,Unclassified,no_coordinate,,,,,False,
Milpulling Wind Farm,NSW1,,,,,,no_coordinate,Unclassified,no_coordinate,,,,,False,
Moah Creek Solar Farm (RES),NSW1,,,,,,no_coordinate,Unclassified,no_coordinate,,,,,False,
Moama Solar Farm,NSW1,,,,,,no_coordinate,Unclassified,no_coordinate,,,,,False,
Molong BESS (KCI),NSW1,,,,,,no_coordinate,Unclassified,no_coordinate,,,,,False,
Molong Solar Farm,NSW1,-33.0898106,148.9121968,OSM_plant,,,spatial_join,CWO,high,Molong,CWO,1.28,,False,
Molong System Strength Battery Pilot,NSW1,,,,,,no_coordinate,Unclassified,no_coordinate,,,,,False,
Molonglo BESS,NSW1,,,,,,no_coordinate,Unclassified,no_coordinate,,,,,False,
Monaro Solar Farm,NSW1,,,,,,no_coordinate,Unclassified,no_coordinate,,,,,False,
Monaro Solar Farm - KCI,NSW1,,,,,,no_coordinate,Unclassified,no_coordinate,,,,,False,
Moorambilla Solar Farm,NSW1,,,,,,no_coordinate,Unclassified,no_coordinate,,,,,False,
Moorebank Logistics Park Project,NSW1,,,,,,no_coordinate,Unclassified,no_coordinate,,,,,False,
Moree BESS,NSW1,,,,,,no_coordinate,Unclassified,no_coordinate,,,,,False,
Moree Solar Farm,NSW1,-29.5686141,149.8664035,OSM_plant,,,spatial_join,NEW,high,Moree,NEW,9.33,,False,
Morundah Battery Storage,NSW1,,,,,,no_coordinate,Unclassified,no_coordinate,,,,,False,
Morundah Solar Power Plant (Thermal),NSW1,,,,,,no_coordinate,Unclassified,no_coordinate,,,,,False,
Mount Lambie BESS,NSW1,,,,,,no_coordinate,Unclassified,no_coordinate,,,,,False,
Mount Lambie Wind Farm,NSW1,-33.4719,149.9887,proponent_site,,,spatial_join,CWO,high,Mt Piper,CWO,5.84,,False,
Mount Majura,NSW1,,,,,,no_coordinate,Unclassified,no_coordinate,,,,,False,
Mt Piper,NSW1,-33.35889,150.03222,wikipedia,,,spatial_join,CWO,high,Wallerawang,CWO,6.95,,False,
Mt Piper BESS,NSW1,,,,,,no_coordinate,Unclassified,no_coordinate,,,,,False,
Mt View Wind Farm (KCI),NSW1,,,,,,no_coordinate,Unclassified,no_coordinate,,,,,False,
Mugga Lane,NSW1,-35.3998818,149.1460065,OSM_plant,,,spatial_join,ILW,medium,Williamsdale,ILW,20.65,,False,
Mugga Lane BESS,NSW1,,,,,,no_coordinate,Unclassified,no_coordinate,,,,,False,
Mugga Lane Renewable Hybrid,NSW1,,,,,,no_coordinate,Unclassified,no_coordinate,,,,,False,
Mugga Lane Solar Park,NSW1,,,,,,no_coordinate,Unclassified,no_coordinate,,,,,False,
Mullion Creek Wind Farm,NSW1,-33.25,149.11,manual,shared_boundary,CWO,spatial_join,CWO,high,Orange,CWO,2.72,,False,
Mulwala Solar Farm,NSW1,,,,,,no_coordinate,Unclassified,no_coordinate,,,,,False,
Mumbil Solar Farm,NSW1,,,,,,no_coordinate,Unclassified,no_coordinate,,,,,False,
Munmorah BESS,NSW1,-33.211781,151.542161,wikipedia,,,spatial_join,HCC,high,Munmorah,HCC,0.31,,False,
Murrumburrah BESS - KCI,NSW1,,,,,,no_coordinate,Unclassified,no_coordinate,,,,,False,
Murrurundi Wind Farm,NSW1,,,,,,no_coordinate,Unclassified,no_coordinate,,,,,False,
Muswellbrook BESS,NSW1,,,,,,no_coordinate,Unclassified,no_coordinate,,,,,False,
Muswellbrook PRO BESS,NSW1,-32.21303,150.94433,aremi,,,spatial_join,HCC,high,Muswellbrook,HCC,1.06,,False,
Muswellbrook Pumped Hydro,NSW1,-32.25083,150.93423,aremi,,,spatial_join,HCC,high,Muswellbrook,HCC,3.25,,False,
Muswellbrook Pumped Hydro - Storage - KCI,NSW1,-32.2454,150.9344,wikipedia,,,spatial_join,HCC,high,Muswellbrook,HCC,2.66,,False,
Muswellbrook Solar Farm,NSW1,,,,,,no_coordinate,Unclassified,no_coordinate,,,,,False,
Myrtle Creek BESS,NSW1,-29.0985,152.9512,aemo_filing,,,spatial_join,NEW,review,Tenterfield,NEW,88.76,,False,
Myrtle Creek Solar Farm,NSW1,,,,,,no_coordinate,Unclassified,no_coordinate,,,,,False,
NSW Diverse Battery,NSW1,,,,,,no_coordinate,Unclassified,no_coordinate,,,,,False,
NSW Energy Cluster,NSW1,,,,,,no_coordinate,Unclassified,no_coordinate,,,,,False,
NSW Gas Peaker,NSW1,-32.6278,146.7235,wikipedia,,,spatial_join,Unclassified,Unclassified,Jemalong,CWO,121.03,,False,
Narrabri Hybrid Project,NSW1,,,,,,no_coordinate,Unclassified,no_coordinate,,,,,False,
Narrabri Solar Farm,NSW1,,,,,,no_coordinate,Unclassified,no_coordinate,,,,,False,
Narrabri Solar Farm & BESS,NSW1,,,,,,no_coordinate,Unclassified,no_coordinate,,,,,False,
Narrabri South Solar Farm,NSW1,,,,,,no_coordinate,Unclassified,no_coordinate,,,,,False,
Narrandera BESS,NSW1,,,,,,no_coordinate,Unclassified,no_coordinate,,,,,False,
Narrandera Solar Farm,NSW1,,,,,,no_coordinate,Unclassified,no_coordinate,,,,,False,
Narromine Solar Farm,NSW1,-32.2201974,148.2548919,OSM_plant,,,spatial_join,CWO,high,Narromine,CWO,1.92,,False,
Nevertire Solar Farm,NSW1,-31.8223632,147.7027627,OSM_plant,,,spatial_join,CWO,review,Narromine,CWO,68.89,,False,
New England Solar Farm,NSW1,-30.6145168,151.5999398,OSM_plant,,,spatial_join,NEW,high,Uralla,NEW,1.96,,False,
New England Solar Farm BESS,NSW1,-30.6145168,151.5999398,OSM_plant,,,spatial_join,NEW,high,Uralla,NEW,1.96,,False,
Newcastle Gas Peaker,NSW1,-32.815,151.7011,proponent_site,,,spatial_join,HCC,high,Tomago,HCC,1.12,,False,
Newcastle Offshore Wind,NSW1,,,,,,no_coordinate,Unclassified,no_coordinate,,,,,False,
Nine Network Willoughby,NSW1,,,,,,no_coordinate,Unclassified,no_coordinate,,,,,False,
Nine Network Willoughby_x000D_,NSW1,,,,,,no_coordinate,Unclassified,no_coordinate,,,,,False,
Nonowie Wind Farm,NSW1,-33.05,137.45,locality_proxy,,,spatial_join,MN,review,Whyalla,MN,12.63,,True,panel region NSW1 conflicts with location; matched substation in SA
Northern Tablelands Wind Farm,NSW1,,,,,,no_coordinate,Unclassified,no_coordinate,,,,,False,
Nottingham Park Solar Farm - KCI,NSW1,-31.07,150.78,proponent_site,,,spatial_join,CWO,high,Oxley,CWO,11.82,,False,
Novocastrian Offshore Wind Farm,NSW1,,,,,,no_coordinate,Unclassified,no_coordinate,,,,,False,
Nymboida,NSW1,-29.9256913,152.7415522,OSM_plant,,,spatial_join,NEW,medium,Dorrigo,NEW,45.2,,False,
Nyngan Solar Plant,NSW1,-31.5554905,147.0862012,OSM_plant,,,spatial_join,Unclassified,Unclassified,Narromine,CWO,133.16,,False,
Oaky,NSW1,-30.5773082,152.0605405,OSM_plant,,,spatial_join,NEW,medium,Metz,NEW,21.27,,False,
Orana BESS,NSW1,,,,,,no_coordinate,Unclassified,no_coordinate,,,,,False,
Orange Grove Sun Farm,NSW1,,,,,,no_coordinate,Unclassified,no_coordinate,,,,,False,
Oven Mountain Pumped Storage,NSW1,-30.8087,152.2017,osm_plant,,,spatial_join,NEW,medium,Metz,NEW,46.64,,False,
Oxley Solar Farm,NSW1,-30.54,151.79,state_portal,,,spatial_join,NEW,high,Metz,NEW,6.11,,False,
Paling Yards Wind Farm,NSW1,,,,,,no_coordinate,Unclassified,no_coordinate,,,,,False,
Panorama BESS,NSW1,,,,,,no_coordinate,Unclassified,no_coordinate,,,,,False,
Parkes Shire Council STP,NSW1,,,,,,no_coordinate,Unclassified,no_coordinate,,,,,False,
Parkes Shire Council WTP,NSW1,,,,,,no_coordinate,Unclassified,no_coordinate,,,,,False,
Parkes Solar Farm,NSW1,-33.1167198,148.079284,OSM_plant,,,spatial_join,CWO,high,Parkes,CWO,1.59,,False,
Peel Valley BESS,NSW1,,,,,,no_coordinate,Unclassified,no_coordinate,,,,,False,
Peel Valley Solar Farm,NSW1,,,,,,no_coordinate,Unclassified,no_coordinate,,,,,False,
Peninsula Solar Farm,NSW1,,,,,,no_coordinate,Unclassified,no_coordinate,,,,,False,
Peninsula Solar Farm & BESS,NSW1,,,,,,no_coordinate,Unclassified,no_coordinate,,,,,False,
Penrith RSL Solar,NSW1,,,,,,no_coordinate,Unclassified,no_coordinate,,,,,False,
Phoenix Pumped Hydro Project,NSW1,-32.7296,149.2203,proponent_site,,,spatial_join,CWO,medium,Wellington,CWO,32.97,,False,
Photon Energy Leeton,NSW1,,,,,,no_coordinate,Unclassified,no_coordinate,,,,,False,
Piambong Wind Farm,NSW1,,,,,,no_coordinate,Unclassified,no_coordinate,,,,,False,
Piambong Wind Farm - KCI,NSW1,,,,,,no_coordinate,Unclassified,no_coordinate,,,,,False,
Pindari,NSW1,-29.3892649,151.2451916,OSM_plant,,,spatial_join,NEW,medium,Dumaresq,NEW,22.23,,False,
Pint Pot BESS,NSW1,,,,,,no_coordinate,Unclassified,no_coordinate,,,,,False,
Port Kembla Power Station,NSW1,-34.4600822,150.9005496,osm_plant,,,spatial_join,ILW,high,Wollongong,ILW,2.76,,False,
Port Kembla/Wollongong Offshore Wind,NSW1,,,,,,no_coordinate,Unclassified,no_coordinate,,,,,False,
Pottinger Energy Park - Battery - KCI,NSW1,-31.3,150.5,manual,prior,SW-NSW,spatial_join,NEW,high,Garoo,NEW,19.0,,False,
Pottinger Energy Park - Solar - KCI,NSW1,-31.3,150.5,manual,prior,SW-NSW,spatial_join,NEW,high,Garoo,NEW,19.0,,False,
Pottinger Energy Park - Wind - KCI,NSW1,-31.3,150.5,manual,prior,SW-NSW,spatial_join,NEW,high,Garoo,NEW,19.0,,False,
Project Brandy BESS,NSW1,,,,,,no_coordinate,Unclassified,no_coordinate,,,,,False,
Proten - Farm 60,NSW1,,,,,,no_coordinate,Unclassified,no_coordinate,,,,,False,
Proten - Farm 61,NSW1,,,,,,no_coordinate,Unclassified,no_coordinate,,,,,False,
Proten - Farm 74,NSW1,,,,,,no_coordinate,Unclassified,no_coordinate,,,,,False,
Proten - Farm 75 - 79,NSW1,,,,,,no_coordinate,Unclassified,no_coordinate,,,,,False,
Queanbeyan BESS,NSW1,,,,,,no_coordinate,Unclassified,no_coordinate,,,,,False,
Queanbeyan BESS (Global Power),NSW1,,,,,,no_coordinate,Unclassified,no_coordinate,,,,,False,
Queanbeyan BESS (Neoen),NSW1,,,,,,no_coordinate,Unclassified,no_coordinate,,,,,False,
Queanbeyan Battery,NSW1,,,,,,no_coordinate,Unclassified,no_coordinate,,,,,False,
Quorn Park Hybrid,NSW1,,,,,,no_coordinate,Unclassified,no_coordinate,,,,,False,
Quorn Park Solar Farm,NSW1,-33.0795981,148.0902894,OSM_plant,,,spatial_join,CWO,high,Parkes,CWO,2.95,,False,
Quorn Park Solar Hybrid,NSW1,,,,,,no_coordinate,Unclassified,no_coordinate,,,,,False,
Rangoon Wind Farm,NSW1,,,,,,no_coordinate,Unclassified,no_coordinate,,,,,False,
Redbank,NSW1,-32.5793518,151.0717078,OSM_plant,,,spatial_join,HCC,high,Singleton,HCC,5.36,,False,
Revesby Workers Club,NSW1,,,,,,no_coordinate,Unclassified,no_coordinate,,,,,False,
Richmond Valley BESS,NSW1,-28.9,152.95,proponent_site,,,spatial_join,NEW,review,Tenterfield,NEW,90.32,,False,
Richmond Valley BESS (EIWA),NSW1,,,,,,no_coordinate,Unclassified,no_coordinate,,,,,False,
Richmond Valley Solar Farm,NSW1,-29.0985,152.9512,aemo_filing,,,spatial_join,NEW,review,Tenterfield,NEW,88.76,,False,
Ridgey Creek BESS,NSW1,,,,,,no_coordinate,Unclassified,no_coordinate,,,,,False,
Riverina Energy Storage System,NSW1,-34.6463487,146.0350155,OSM_plant,,,spatial_join,SW-NSW,high,Darlington Point,SW-NSW,0.29,,False,
Riverina Energy Storage System 1,NSW1,-34.6463487,146.0350155,OSM_plant,,,spatial_join,SW-NSW,high,Darlington Point,SW-NSW,0.29,,False,
Riverina Energy Storage System 2,NSW1,-34.6463487,146.0350155,OSM_plant,,,spatial_join,SW-NSW,high,Darlington Point,SW-NSW,0.29,,False,
Riverina Solar Farm,NSW1,,,,,,no_coordinate,Unclassified,no_coordinate,,,,,False,
Rollsville Hybrid Facility - Battery,NSW1,,,,,,no_coordinate,Unclassified,no_coordinate,,,,,False,
Rollsville Hybrid Facility - Solar,NSW1,,,,,,no_coordinate,Unclassified,no_coordinate,,,,,False,
Romani BESS,NSW1,,,,,,no_coordinate,Unclassified,no_coordinate,,,,,False,
Romani Solar Farm,NSW1,,,,,,no_coordinate,Unclassified,no_coordinate,,,,,False,
Romani Standalone BESS,NSW1,,,,,,no_coordinate,Unclassified,no_coordinate,,,,,False,
Rosedale SF,NSW1,,,,,,no_coordinate,Unclassified,no_coordinate,,,,,False,
Rothby BESS,NSW1,,,,,,no_coordinate,Unclassified,no_coordinate,,,,,False,
Royalla Solar Farm,NSW1,-35.489885,149.1430223,OSM_plant,,,spatial_join,ILW,high,Williamsdale,ILW,10.65,,False,
Ruby Hills North BESS,NSW1,,,,,,no_coordinate,Unclassified,no_coordinate,,,,,False,
Ruby Hills North Wind Farm,NSW1,,,,,,no_coordinate,Unclassified,no_coordinate,,,,,False,
Ruby Hills South BESS,NSW1,,,,,,no_coordinate,Unclassified,no_coordinate,,,,,False,
Ruby Hills South Wind Farm,NSW1,,,,,,no_coordinate,Unclassified,no_coordinate,,,,,False,
Ruby Hills Wind Farm 700MW,NSW1,-30.9518,151.4068,osm_plant,,,spatial_join,NEW,high,Walcha,NEW,17.8,,False,
Rye Park Wind Farm,NSW1,-34.6077003,148.9760029,OSM_plant,,,spatial_join,SW-NSW,high,Rye Park,SW-NSW,6.59,,False,
Salisbury BESS,NSW1,-30.67,151.53,proponent_site,,,spatial_join,NEW,high,Uralla,NEW,9.62,,False,
Salisbury East Solar 350MW,NSW1,-30.8038,151.6071,locality_proxy,,,spatial_join,NEW,medium,New England,NEW,19.85,,False,
Salisbury Solar 450MW,NSW1,,,,,,no_coordinate,Unclassified,no_coordinate,,,,,False,
Salisbury West Solar 350MW,NSW1,-30.8038,151.6071,locality_proxy,,,spatial_join,NEW,medium,New England,NEW,19.85,,False,
Salisbury West Solar 450MW,NSW1,,,,,,no_coordinate,Unclassified,no_coordinate,,,,,False,
Sandigo Solar Farm,NSW1,,,,,,no_coordinate,Unclassified,no_coordinate,,,,,False,
Sandy Creek Solar Farm,NSW1,-32.1769,149.17,osm_plant,,,spatial_join,CWO,high,Elong Elong,CWO,8.14,,False,
Sandy Point Hybrid - Solar,NSW1,,,,,,no_coordinate,Unclassified,no_coordinate,,,,,False,
Sandy Point Hybrid - Storage,NSW1,,,,,,no_coordinate,Unclassified,no_coordinate,,,,,False,
Sapphire Solar Farm,NSW1,,,,,,no_coordinate,Unclassified,no_coordinate,,,,,False,
Sapphire Solar Farm (Submitted via XL),NSW1,,,,,,no_coordinate,Unclassified,no_coordinate,,,,,False,
Sapphire Wind Farm,NSW1,-29.706321,151.4444143,OSM_plant,,,spatial_join,NEW,high,Sapphire,NEW,3.19,,False,
Sebastopol Solar Farm,NSW1,-34.6099831,147.5592039,OSM_plant,,,spatial_join,SW-NSW,medium,Junee,SW-NSW,28.14,,False,
Shoalhaven,NSW1,,,,,,no_coordinate,Unclassified,no_coordinate,,,,,False,
Shoalhaven Expansion,NSW1,-34.78,150.4,manual,shared_boundary,ILW,spatial_join,ILW,high,Shoalhaven Expansion,ILW,0.0,,False,
Shoalhaven Starches Cogeneration Plant,NSW1,,,,,,spatial_join_excluded,Unclassified,excluded,,,,Cogeneration,False,
Silver City Energy Storage,NSW1,,,,,,no_coordinate,Unclassified,no_coordinate,,,,,False,
Silverleaf Solar Farm - KCI,NSW1,,,,,,no_coordinate,Unclassified,no_coordinate,,,,,False,
Silverton Wind Farm,NSW1,-31.7816917,141.270202,OSM_plant,,,spatial_join,SW-NSW,medium,Broken Hill,SW-NSW,26.75,,False,
Smithfield BESS,NSW1,,,,,,no_coordinate,Unclassified,no_coordinate,,,,,False,
Smithfield Energy Facility,NSW1,,,,,,no_coordinate,Unclassified,no_coordinate,,,,,False,
Snowy 2.0,NSW1,-35.7864,148.4444,wikipedia,,,spatial_join,SW-NSW,high,Tumut,SW-NSW,14.84,,False,
Snowy 2.0.,NSW1,-35.7864,148.4444,wikipedia,,,spatial_join,SW-NSW,high,Tumut,SW-NSW,14.84,,False,
South Coree BESS,NSW1,,,,,,no_coordinate,Unclassified,no_coordinate,,,,,False,
South Kempsey BESS,NSW1,,,,,,no_coordinate,Unclassified,no_coordinate,,,,,False,
South Keswick Solar Farm,NSW1,-32.2729058,148.6586267,OSM_plant,,,spatial_join,CWO,high,Dubbo,CWO,2.75,,False,
South Pacific Offshore Wind Project,NSW1,,,,,,no_coordinate,Unclassified,no_coordinate,,,,,False,
Spicers Creek Wind Farm,NSW1,,,,,,no_coordinate,Unclassified,no_coordinate,,,,,False,
Springdale Solar Farm,NSW1,,,,,,no_coordinate,Unclassified,no_coordinate,,,,,False,
Springdale Solar Farm - KCI,NSW1,,,,,,no_coordinate,Unclassified,no_coordinate,,,,,False,
St George Leagues Club,NSW1,,,,,,no_coordinate,Unclassified,no_coordinate,,,,,False,
"St George Leagues Club - Kogarah, NSW",NSW1,,,,,,no_coordinate,Unclassified,no_coordinate,,,,,False,
St George Leagues Club_x000D_,NSW1,,,,,,no_coordinate,Unclassified,no_coordinate,,,,,False,
Stockland Development Wetherill Park,NSW1,,,,,,no_coordinate,Unclassified,no_coordinate,,,,,False,
Stoney Creek BESS,NSW1,,,,,,no_coordinate,Unclassified,no_coordinate,,,,,False,
Strafford Renewable Energy Hub - Pumped Hydro,NSW1,-32.1353,151.9511,state_portal,,,spatial_join,HCC,medium,Stroud,HCC,23.71,,False,
Stratford Renewable Energy Hub,NSW1,-32.2,151.95,manual,shared_boundary,HCC,spatial_join,HCC,high,Stroud,HCC,16.54,,False,
Strontian Solar BESS,NSW1,-34.9206,146.6436,aemo_filing,,,spatial_join,SW-NSW,high,Lockhart,SW-NSW,13.85,,False,
Strontian Solar Farm,NSW1,,,,,,no_coordinate,Unclassified,no_coordinate,,,,,False,
Stubbo BESS,NSW1,-32.23,149.64,proponent_site,,,spatial_join,CWO,high,Uarbry West,CWO,13.01,,False,
Stubbo Solar Farm,NSW1,-32.2459754,149.5788373,OSM_plant,,,spatial_join,CWO,high,Beryl,CWO,15.87,,False,
Summer Hill,NSW1,,,,,,no_coordinate,Unclassified,no_coordinate,,,,,False,
Summerhill,NSW1,-32.891372,151.6493438,OSM_plant,,,spatial_join,HCC,high,Waratah,HCC,6.11,,False,
Summerhill Solar Farm,NSW1,-32.891372,151.6493438,OSM_plant,,,spatial_join,HCC,high,Waratah,HCC,6.11,,False,
Summerville SF,NSW1,,,,,,no_coordinate,Unclassified,no_coordinate,,,,,False,
Summerville Solar Farm,NSW1,,,,,,no_coordinate,Unclassified,no_coordinate,,,,,False,
Sundown Hybrid Facility,NSW1,-29.8273,151.5171,osm_plant,,,spatial_join,NEW,high,White Rock,NEW,2.96,,False,
Sundown SF(Canadian Solar),NSW1,-29.8273,151.5171,osm_plant,,,spatial_join,NEW,high,White Rock,NEW,2.96,,False,
Sundown Solar Farm,NSW1,,,,,,no_coordinate,Unclassified,no_coordinate,,,,,False,
Sunraysia BESS,NSW1,,,,,,no_coordinate,Unclassified,no_coordinate,,,,,False,
Sunraysia Solar Farm,NSW1,-34.8043837,143.4901118,OSM_plant,,,spatial_join,SW-NSW,high,Balranald,SW-NSW,4.52,,False,
Suntop Solar Farm,NSW1,-32.581824,148.8271836,OSM_plant,,,spatial_join,CWO,high,Wellington,CWO,14.13,,False,
Suntop Solar Farm Pty Ltd,NSW1,-32.581824,148.8271836,OSM_plant,,,spatial_join,CWO,high,Wellington,CWO,14.13,,False,
Swallow Tail BESS,NSW1,-34.4415,149.995,osm_substation,,,spatial_join,ILW,high,Bannaby,ILW,5.12,,False,
Tabulam BESS,NSW1,,,,,,no_coordinate,Unclassified,no_coordinate,,,,,False,
Tabulam Solar Farm,NSW1,,,,,,no_coordinate,Unclassified,no_coordinate,,,,,False,
Tahmoor,NSW1,,,,,,no_coordinate,Unclassified,no_coordinate,,,,,False,
Talbingo BESS,NSW1,-35.582,148.303,locality_proxy,,,spatial_join,SW-NSW,medium,Jounama,SW-NSW,2.45,,False,
Tallawang BESS,NSW1,,,,,,no_coordinate,Unclassified,no_coordinate,,,,,False,
Tallawang Solar And BESS,NSW1,-32.2984,149.4645,wikipedia,,,spatial_join,CWO,high,Beryl,CWO,5.55,,False,
Tallawarra,NSW1,-34.5225862,150.8071235,OSM_plant,,,spatial_join,ILW,high,Tallawarra,ILW,0.05,,False,
Tallawarra B,NSW1,-34.5225,150.806,wikipedia,,,spatial_join,ILW,high,Tallawarra,ILW,0.12,,False,
Tamworth BESS,NSW1,-31.1413,150.9008,aemo_filing,,,spatial_join,NEW,high,Tamworth,NEW,4.87,,False,
Tamworth BESS - Gmr Energy,NSW1,-31.155,150.9055,proponent_site,,,spatial_join,NEW,high,Tamworth,NEW,4.47,,False,
Tamworth BESS - Valent,NSW1,-31.13,150.97,state_portal,,,spatial_join,NEW,high,Tamworth,NEW,2.57,,False,
Tamworth BESS Project 1 Pty Ltd,NSW1,,,,,,no_coordinate,Unclassified,no_coordinate,,,,,False,
Tamworth BESS Project 2 Pty Ltd,NSW1,,,,,,no_coordinate,Unclassified,no_coordinate,,,,,False,
Tamworth Energy Reserve - KCI,NSW1,,,,,,no_coordinate,Unclassified,no_coordinate,,,,,False,
Tamworth Solar Farm,NSW1,,,,,,no_coordinate,Unclassified,no_coordinate,,,,,False,
Tara Springs Wind Farm,NSW1,,,,,,no_coordinate,Unclassified,no_coordinate,,,,,False,
Taralga Wind Farm,NSW1,-34.4176226,149.8683965,OSM_plant,,,spatial_join,SW-NSW,high,Taralga,SW-NSW,1.56,,False,
Tarleigh Park Solar Farm,NSW1,,,,,,no_coordinate,Unclassified,no_coordinate,,,,,False,
Taronga Western Plains Zoo,NSW1,,,,,,no_coordinate,Unclassified,no_coordinate,,,,,False,
Tchelery BESS,NSW1,-35.0886,144.038,aemo_filing,,,spatial_join,SW-NSW,review,Balranald,SW-NSW,58.27,,False,
Tchelery Wind Farm,NSW1,,,,,,no_coordinate,Unclassified,no_coordinate,,,,,False,
Tchelery Wind Farm - KCI,NSW1,,,,,,no_coordinate,Unclassified,no_coordinate,,,,,False,
Tenterfield Solar Farm,NSW1,,,,,,no_coordinate,Unclassified,no_coordinate,,,,,False,
Teralba,NSW1,-32.9456032,151.611986,OSM_plant,,,spatial_join,HCC,high,Newcastle,HCC,5.1,,False,
Territory Battery,NSW1,,,,,,no_coordinate,Unclassified,no_coordinate,,,,,False,
Texas BESS,NSW1,-28.879,151.158,locality_proxy,,,spatial_join,NEW,medium,Texas BESS,NEW,3.22,,False,
Texas Solar Farm,NSW1,,,,,,no_coordinate,Unclassified,no_coordinate,,,,,False,
The Drop,NSW1,,,,,,no_coordinate,Unclassified,no_coordinate,,,,,False,
The Plains,NSW1,,,,,,no_coordinate,Unclassified,no_coordinate,,,,,False,
Thunderbolt Energy Hub,NSW1,-30.7589,151.4509,aemo_filing,,,spatial_join,NEW,high,Northern Hub (Hub 10),NEW,16.88,,False,
Thunderbolt Wind Farm,NSW1,-30.78,151.22,state_portal,,,spatial_join,NEW,high,Bendemeer,NEW,12.52,,False,
Tilbuster Solar Farm,NSW1,,,,,,no_coordinate,Unclassified,no_coordinate,,,,,False,
Tirranna BESS - KCI,NSW1,-34.821,149.682,locality_proxy,,,spatial_join,SW-NSW,medium,Goulburn,SW-NSW,7.27,,False,
Todae Solar CSU,NSW1,,,,,,no_coordinate,Unclassified,no_coordinate,,,,,False,
Todae Solar PE - Llandilo,NSW1,,,,,,no_coordinate,Unclassified,no_coordinate,,,,,False,
Todae Solar SV - Mater Clinic,NSW1,,,,,,no_coordinate,Unclassified,no_coordinate,,,,,False,
Todae Solar SV - Mater Hospital,NSW1,,,,,,no_coordinate,Unclassified,no_coordinate,,,,,False,
Todae Solar- PF Minchinbury,NSW1,,,,,,no_coordinate,Unclassified,no_coordinate,,,,,False,
Tomago BESS,NSW1,-32.8248,151.7245,wikipedia,,,spatial_join,HCC,high,Tomago,HCC,1.39,,False,
Tomago BESS (AGL),NSW1,,,,,,no_coordinate,Unclassified,no_coordinate,,,,,False,
Tomago GT,NSW1,,,,,,no_coordinate,Unclassified,no_coordinate,,,,,False,
Tower,NSW1,,,,,,no_coordinate,Unclassified,no_coordinate,,,,,False,
Tumut 3,NSW1,-35.6111482,148.2917198,OSM_plant,,,spatial_join,SW-NSW,high,Talbingo,SW-NSW,0.84,,False,
Tumut Pulp and Paper Mill,NSW1,,,,,,no_coordinate,Unclassified,no_coordinate,,,,,False,
UNSW C25,NSW1,,,,,,no_coordinate,Unclassified,no_coordinate,,,,,False,
Ulladulla Offshore Wind Farm,NSW1,,,,,,no_coordinate,Unclassified,no_coordinate,,,,,False,
Upper Hunter BESS,NSW1,,,,,,no_coordinate,Unclassified,no_coordinate,,,,,False,
Upper Hunter Energy Park - Solar,NSW1,,,,,,no_coordinate,Unclassified,no_coordinate,,,,,False,
Upper Hunter Energy Park - Wind,NSW1,,,,,,no_coordinate,Unclassified,no_coordinate,,,,,False,
Upper Tumut,NSW1,,,,,,no_coordinate,Unclassified,no_coordinate,,,,,False,
Uranquinty,NSW1,-35.1801542,147.2156517,OSM_plant,,,spatial_join,SW-NSW,high,Uranquinty,SW-NSW,3.58,,False,
Uungala Wind Farm,NSW1,-32.5825,149.1772,wikipedia,,,spatial_join,CWO,medium,Wellington,CWO,20.98,,False,
Uungula BESS,NSW1,-32.5825,149.1772,wikipedia,,,spatial_join,CWO,medium,Wellington,CWO,20.98,,False,
Uungula Wind Farm,NSW1,,,,,,no_coordinate,Unclassified,no_coordinate,,,,,False,
Vales Point B,NSW1,-33.16056,151.54194,wikipedia,,,spatial_join,HCC,high,Vales Point,HCC,0.14,,False,
Vales Point BESS,NSW1,-33.16,151.5446,wikipedia,,,spatial_join,HCC,high,Vales Point,HCC,0.31,,False,
Vales Point Solar,NSW1,,,,,,no_coordinate,Unclassified,no_coordinate,,,,,False,
Valley of the Winds,NSW1,,,,,,no_coordinate,Unclassified,no_coordinate,,,,,False,
Vineyard BESS,NSW1,,,,,,no_coordinate,Unclassified,no_coordinate,,,,,False,
Wagga North BESS (IB Vogt) - KCI,NSW1,,,,,,no_coordinate,Unclassified,no_coordinate,,,,,False,
Wagga North BESS - KCI,NSW1,,,,,,no_coordinate,Unclassified,no_coordinate,,,,,False,
Wagga North Battery Energy Storage System,NSW1,,,,,,no_coordinate,Unclassified,no_coordinate,,,,,False,
Wagga North Solar Farm,NSW1,,,,,,no_coordinate,Unclassified,no_coordinate,,,,,False,
Wagga North Solar Farm BESS,NSW1,,,,,,no_coordinate,Unclassified,no_coordinate,,,,,False,
Wagga Wagga BESS,NSW1,-35.069,147.439,aremi,,,spatial_join,SW-NSW,high,Bomen,SW-NSW,2.93,,False,
Wagga Wagga BESS (KCI),NSW1,,,,,,no_coordinate,Unclassified,no_coordinate,,,,,False,
Wagga Wagga Renewable Project,NSW1,,,,,,no_coordinate,Unclassified,no_coordinate,,,,,False,
Wagga Wagga Solar Farm,NSW1,-35.0708705,147.4392451,OSM_plant,,,spatial_join,SW-NSW,high,Bomen,SW-NSW,2.92,,False,
Wagga Wagga Solar Project,NSW1,,,,,,no_coordinate,Unclassified,no_coordinate,,,,,False,
Walcha Energy Project - Brackendale North Wind Farm,NSW1,,,,,,no_coordinate,Unclassified,no_coordinate,,,,,False,
Walcha Energy Project - Brackendale South Wind Farm,NSW1,,,,,,no_coordinate,Unclassified,no_coordinate,,,,,False,
Walcha Energy Project - Kangaroo Hills Wind Farm,NSW1,,,,,,no_coordinate,Unclassified,no_coordinate,,,,,False,
Walcha Energy Project - Ruby Hills Wind Farm,NSW1,-30.9518,151.4068,osm_plant,,,spatial_join,NEW,high,Walcha,NEW,17.8,,False,
Walcha Energy Project - Salisbury East Solar,NSW1,-30.8038,151.6071,locality_proxy,,,spatial_join,NEW,medium,New England,NEW,19.85,,False,
Walcha Energy Project - Salisbury East Solar 350MW,NSW1,-30.8038,151.6071,locality_proxy,,,spatial_join,NEW,medium,New England,NEW,19.85,,False,
Walcha Energy Project - Salisbury West Solar,NSW1,-30.8038,151.6071,locality_proxy,,,spatial_join,NEW,medium,New England,NEW,19.85,,False,
Walcha Energy Project - St Leonards Wind Farm,NSW1,,,,,,no_coordinate,Unclassified,no_coordinate,,,,,False,
Walcha Energy Project - Tia Wind Farm,NSW1,,,,,,no_coordinate,Unclassified,no_coordinate,,,,,False,
Walcha Energy Project - Winterbourne Wind Farm,NSW1,-30.9852,151.5933,osm_plant,,,spatial_join,NEW,high,Walcha,NEW,1.48,,False,
Walcha Energy Project - Woolbrook Wind Farm,NSW1,,,,,,no_coordinate,Unclassified,no_coordinate,,,,,False,
Walcha Energy Project Storage - Dungowan PHES,NSW1,,,,,,no_coordinate,Unclassified,no_coordinate,,,,,False,
Walcha Energy Project Storage - Salisbury BESS,NSW1,,,,,,no_coordinate,Unclassified,no_coordinate,,,,,False,
Walgett Solar Farm,NSW1,,,,,,no_coordinate,Unclassified,no_coordinate,,,,,False,
Walla Walla Solar Farm,NSW1,-35.7481068,146.9656769,OSM_plant,,,spatial_join,SW-NSW,high,Culcairn,SW-NSW,12.23,,False,
Wallabadah BESS,NSW1,,,,,,no_coordinate,Unclassified,no_coordinate,,,,,False,
Wallaroo Solar Farm,NSW1,,,,,,no_coordinate,Unclassified,no_coordinate,,,,,False,
Wallerawang 9 BESS,NSW1,-33.4026,150.083,proponent_site,,,spatial_join,CWO,high,Wallerawang,CWO,0.47,,False,
Wallerawang BESS,NSW1,-33.4023,150.0837,wikipedia,,,spatial_join,CWO,high,Wallerawang,CWO,0.53,,False,
Wallgrove Grid Battery project,NSW1,,,,,,no_coordinate,Unclassified,no_coordinate,,,,,False,
Wandoona Solar Farm,NSW1,,,,,,no_coordinate,Unclassified,no_coordinate,,,,,False,
Waratah Super Battery,NSW1,-33.2152883,151.5434745,OSM_plant,,,spatial_join,HCC,high,Munmorah,HCC,0.71,,False,
Waratah Super Battery 350MW,NSW1,-33.2152883,151.5434745,OSM_plant,,,spatial_join,HCC,high,Munmorah,HCC,0.71,,False,
Waratah Super Battery 700MW,NSW1,-33.2152883,151.5434745,OSM_plant,,,spatial_join,HCC,high,Munmorah,HCC,0.71,,False,
Wattle Creek Energy Hub - Battery Storage,NSW1,-34.604,150.061,aremi,,,spatial_join,ILW,high,Marulan,ILW,1.46,,False,
Wattle Creek Energy Hub - Solar / BESS,NSW1,-34.6464,149.965,aemo_filing,,,spatial_join,ILW,high,Marulan,ILW,8.75,,False,
Wee Jasper Wind Farm,NSW1,-35.1106,148.6759,state_portal,,,spatial_join,SW-NSW,high,Burrinjuck,SW-NSW,14.86,,False,
Wee Waa Solar Farm,NSW1,,,,,,no_coordinate,Unclassified,no_coordinate,,,,,False,
Wellington A-CAES,NSW1,,,,,,no_coordinate,Unclassified,no_coordinate,,,,,False,
Wellington BESS,NSW1,-32.5485,149.0679,aemo_filing,,,spatial_join,CWO,high,Wellington,CWO,10.1,,False,
Wellington BESS - Stage 1,NSW1,-32.5485,149.0679,proponent_site,,,spatial_join,CWO,high,Wellington,CWO,10.1,,False,
Wellington BESS - Stage 2,NSW1,-32.53,149.0,state_portal,,,spatial_join,CWO,high,Wellington,CWO,3.46,,False,
Wellington BESS 2,NSW1,,,,,,no_coordinate,Unclassified,no_coordinate,,,,,False,
Wellington BESS 2 - KCI,NSW1,,,,,,no_coordinate,Unclassified,no_coordinate,,,,,False,
Wellington North BESS,NSW1,-32.4917,148.96,wikipedia,,,spatial_join,CWO,high,Wellington,CWO,3.94,,False,
Wellington North BESS - KCI,NSW1,-32.4917,148.96,wikipedia,,,spatial_join,CWO,high,Wellington,CWO,3.94,,False,
Wellington North Solar Farm,NSW1,-32.4966434,148.9574508,OSM_plant,,,spatial_join,CWO,high,Wellington,CWO,3.42,,False,
Wellington North Solar Farm (AGL),NSW1,-32.4966434,148.9574508,OSM_plant,,,spatial_join,CWO,high,Wellington,CWO,3.42,,False,
Wellington North Solar Farm (AGL) _x000D_,NSW1,-32.4966434,148.9574508,OSM_plant,,,spatial_join,CWO,high,Wellington,CWO,3.42,,False,
Wellington North Solar Farm (Lightsource),NSW1,-32.4966434,148.9574508,OSM_plant,,,spatial_join,CWO,high,Wellington,CWO,3.42,,False,
Wellington Solar Farm,NSW1,-32.5154765,148.9552621,OSM_plant,,,spatial_join,CWO,high,Wellington,CWO,1.48,,False,
Wellington Town BESS - KCI,NSW1,,,,,,no_coordinate,Unclassified,no_coordinate,,,,,False,
West Illawarra Leagues Club,NSW1,,,,,,no_coordinate,Unclassified,no_coordinate,,,,,False,
West Nowra Landfill Gas Power Generation Facility,NSW1,,,,,,spatial_join_excluded,Unclassified,excluded,,,,Landfill,False,
West Wellington Wind Farm,NSW1,,,,,,no_coordinate,Unclassified,no_coordinate,,,,,False,
West Wyalong BESS,NSW1,,,,,,no_coordinate,Unclassified,no_coordinate,,,,,False,
West Wyalong Solar Farm,NSW1,-33.809558,147.3249433,OSM_plant,,,spatial_join,SW-NSW,high,West Wyalong,SW-NSW,16.13,,False,
"Western Suburbs Leagues Club - Campbelltown, NSW",NSW1,,,,,,no_coordinate,Unclassified,no_coordinate,,,,,False,
"Western Suburbs Leagues Club - Illawarra - Unanderra, NSW",NSW1,,,,,,no_coordinate,Unclassified,no_coordinate,,,,,False,
Western Sydney Energy & Resource Recovery Centre,NSW1,,,,,,no_coordinate,Unclassified,no_coordinate,,,,,False,
Western Sydney Pumped Hydro Project,NSW1,-34.0521,150.4447,osm_plant,,,spatial_join,SW-NSW,medium,Tower,SW-NSW,31.36,,False,
White Rock Solar Farm,NSW1,-29.7642547,151.5530784,OSM_plant,,,spatial_join,NEW,high,White Rock,NEW,7.23,,False,
White Rock Wind Farm - Stage 1,NSW1,-29.8300118,151.5642607,OSM_plant,,,spatial_join,NEW,high,White Rock,NEW,1.6,,False,
White Rock Wind Farm - Stage 2,NSW1,-29.8300118,151.5642607,OSM_plant,,,spatial_join,NEW,high,White Rock,NEW,1.6,,False,
Wilga Park Power Station A,NSW1,-30.363281,149.6774453,OSM_plant,,,spatial_join,NEW,high,Narrabri,NEW,12.64,,False,
Wilga Park Power Station B,NSW1,-30.363281,149.6774453,OSM_plant,,,spatial_join,NEW,high,Narrabri,NEW,12.64,,False,
Willavale BESS,NSW1,-34.8818,149.5179,aemo_filing,,,spatial_join,SW-NSW,high,Cullerin,SW-NSW,14.56,,False,
Willavale Solar Farm,NSW1,,,,,,no_coordinate,Unclassified,no_coordinate,,,,,False,
Williamsdale BESS,NSW1,,,,,,no_coordinate,Unclassified,no_coordinate,,,,,False,
Williamsdale Solar Farm,NSW1,,,,,,no_coordinate,Unclassified,no_coordinate,,,,,False,
Winterbourne Wind Farm,NSW1,,,,,,no_coordinate,Unclassified,no_coordinate,,,,,False,
Wollar BESS,NSW1,,,,,,no_coordinate,Unclassified,no_coordinate,,,,,False,
Wollar Solar Farm,NSW1,-32.4165706,149.9364994,OSM_plant,,,spatial_join,CWO,high,Wollar,CWO,1.65,,False,
Wollongong Offshore Wind,NSW1,,,,,,no_coordinate,Unclassified,no_coordinate,,,,,False,
Wongalea BESS,NSW1,-30.5212,151.6814,proponent_site,,,spatial_join,NEW,high,Armidale,NEW,3.28,,False,
Woodland BESS,NSW1,-34.45,145.93,state_portal,,,spatial_join,SW-NSW,medium,Griffith,SW-NSW,22.26,,False,
Woodlawn Bioreactor Energy Generation,NSW1,-35.0630386,149.5701658,OSM_plant,,,spatial_join_excluded,Unclassified,excluded,,,,Bioreactor,False,
Woodlawn Wind Farm,NSW1,-35.0923674,149.5724613,OSM_plant,,,spatial_join,SW-NSW,high,Woodlawn,SW-NSW,3.83,,False,
Woy Woy Renewable Energy Facility,NSW1,,,,,,no_coordinate,Unclassified,no_coordinate,,,,,False,
Wyalong Solar Farm,NSW1,-33.809558,147.3249433,OSM_plant,,,spatial_join,SW-NSW,high,West Wyalong,SW-NSW,16.13,,False,
Wyangala A,NSW1,,,,,,no_coordinate,Unclassified,no_coordinate,,,,,False,
Wyangala B,NSW1,,,,,,no_coordinate,Unclassified,no_coordinate,,,,,False,
Wyong,NSW1,,,,,,no_coordinate,Unclassified,no_coordinate,,,,,False,
Yambla Range BESS,NSW1,,,,,,no_coordinate,Unclassified,no_coordinate,,,,,False,
Yambla Range Wind Farm,NSW1,-35.85,147.05,proponent_site,,,spatial_join,SW-NSW,high,Jindera,SW-NSW,15.27,,False,
Yanco BESS,NSW1,,,,,,no_coordinate,Unclassified,no_coordinate,,,,,False,
Yanco Delta Wind Farm,NSW1,,,,,,no_coordinate,Unclassified,no_coordinate,,,,,False,
Yanco Delta Wind Farm Stage 1 - Battery,NSW1,-35.3141,145.7268,osm_plant,,,spatial_join,SW-NSW,medium,Finley,SW-NSW,41.09,,False,
Yanco Delta Wind Farm Stage 1 - Battery - KCI,NSW1,-35.3141,145.7268,osm_plant,,,spatial_join,SW-NSW,medium,Finley,SW-NSW,41.09,,False,
Yanco Solar Farm,NSW1,,,,,,no_coordinate,Unclassified,no_coordinate,,,,,False,
Yarrabee Solar Power Project,NSW1,-34.95,146.3,manual,prior,SW-NSW,spatial_join,SW-NSW,medium,Narrandera,SW-NSW,31.66,,False,
Yass Solar Farm,NSW1,,,,,,no_coordinate,Unclassified,no_coordinate,,,,,False,
Yass Solar Farm - KCI,NSW1,,,,,,no_coordinate,Unclassified,no_coordinate,,,,,False,
Aldoga Solar Farm,QLD1,-23.946,151.16,manual,qld_control,CQ,spatial_join,CQ,high,Aldoga,CQ,0.0,,False,
Kogan Creek,QLD1,-26.828,150.745,manual,qld_control,WD,spatial_join,WD,high,Kogan Creek,WD,0.0,,False,
MacIntyre Wind Farm,QLD1,-28.396,151.205,manual,qld_control,SD,spatial_join,SD,medium,Karara,SD,24.53,,False,
Stanwell,QLD1,-23.546,150.336,manual,qld_control,CQ,spatial_join,CQ,high,Stanwell,CQ,0.0,,False,
Western Downs Green Power Hub,QLD1,-26.674,150.58,manual,qld_control,WD,spatial_join,WD,high,Western Downs Switching Station,WD,0.0,,False,
AGL Battery (Maoneng),SA1,,,,,,no_coordinate,Unclassified,no_coordinate,,,,,False,
AGL VPP,SA1,,,,,,no_coordinate,Unclassified,no_coordinate,,,,,False,
Adelaide Airport,SA1,,,,,,no_coordinate,Unclassified,no_coordinate,,,,,False,
Adelaide Desalination Plant,SA1,-35.0996277,138.482704,OSM_plant,,,spatial_join_excluded,Unclassified,excluded,,,,Desalination,False,
Adelaide Zoo Solar System,SA1,,,,,,no_coordinate,Unclassified,no_coordinate,,,,,False,
Angaston,SA1,-34.5033859,139.0245755,OSM_plant,,,spatial_join,MN,high,Angaston,MN,0.08,,False,
Augusta BESS,SA1,-32.553,137.819,proponent_site,,,spatial_join,MN,high,Davenport,MN,1.95,,False,
Aurora Solar Energy Project - Phase 1,SA1,,,,,,no_coordinate,Unclassified,no_coordinate,,,,,False,
Australia Plains Solar Farm,SA1,-34.0,139.25,locality_proxy,,,spatial_join,MN,medium,Bundey,MN,8.68,,False,
BESS Blacktop,SA1,,,,,,no_coordinate,Unclassified,no_coordinate,,,,,False,
BHP Olympic Dam Backup Generation,SA1,,,,,,no_coordinate,Unclassified,no_coordinate,,,,,False,
Barker Inlet Power Station,SA1,-34.8037002,138.5236033,OSM_plant,,,spatial_join,MN,high,Torrens Island,MN,0.4,,False,
Barker Inlet Power Station 2,SA1,-34.8037002,138.5236033,OSM_plant,,,spatial_join,MN,high,Torrens Island,MN,0.4,,False,
Barn Hill,SA1,,,,,,no_coordinate,Unclassified,no_coordinate,,,,,False,
Barn Hill BESS,SA1,-33.539,138.221,aemo_filing,,,spatial_join,MN,high,Clements Gap,MN,9.05,,False,
Baroota Pumped Hydro Project,SA1,,,,,,no_coordinate,Unclassified,no_coordinate,,,,,False,
Blacktop BESS - KCI,SA1,,,,,,no_coordinate,Unclassified,no_coordinate,,,,,False,
Blanche BESS - KCI,SA1,,,,,,no_coordinate,Unclassified,no_coordinate,,,,,False,
Blue Lake Milling Power Plant,SA1,,,,,,no_coordinate,Unclassified,no_coordinate,,,,,False,
Blyth BESS,SA1,,,,,,no_coordinate,Unclassified,no_coordinate,,,,,False,
Blyth West BESS,SA1,-33.845,138.489,aemo_filing,,,spatial_join,MN,high,Blyth,MN,7.5,,False,
Bolivar Power Station,SA1,,,,,,no_coordinate,Unclassified,no_coordinate,,,,,False,
Bolivar Waste Water Treatment,SA1,,,,,,no_coordinate,Unclassified,no_coordinate,,,,,False,
Bordertown Power Station Gen,SA1,,,,,,no_coordinate,Unclassified,no_coordinate,,,,,False,
Bridle Track Solar Project,SA1,-32.893,138.001,proponent_site,,,spatial_join,MN,high,Baroota,MN,9.03,,False,
Brinkworth BESS,SA1,,,,,,no_coordinate,Unclassified,no_coordinate,,,,,False,
Brinkworth BESS - Storage - KCI,SA1,-33.6833,138.4,locality_proxy,,,spatial_join,MN,medium,Brinkworth,MN,6.33,,False,
Bundey BESS and Solar Project,SA1,-33.887,139.271,aemo_filing,,,spatial_join,MN,high,Bundey,MN,6.09,,False,
Bundey Energy Hub Battery Energy Storage A,SA1,-33.9251,139.2235,osm_substation,,,spatial_join,MN,high,Bundey,MN,0.0,,False,
Bundy Energy Hub A (BESS),SA1,-33.891,139.2734,osm_substation,,,spatial_join,MN,high,Bundey,MN,5.96,,False,
Bundy Energy Hub B (BESS),SA1,-33.891,139.2734,osm_substation,,,spatial_join,MN,high,Bundey,MN,5.96,,False,
Bungala BESS,SA1,,,,,,no_coordinate,Unclassified,no_coordinate,,,,,False,
Bungala One Solar Farm,SA1,,,,,,no_coordinate,Unclassified,no_coordinate,,,,,False,
Bungala Three Battery Energy Storage System,SA1,-32.52,137.83,aemo_filing,,,spatial_join,MN,high,Davenport,MN,2.43,,False,
Bungala Three Solar Power Plant,SA1,,,,,,no_coordinate,Unclassified,no_coordinate,,,,,False,
Bungala Two Solar Farm,SA1,,,,,,no_coordinate,Unclassified,no_coordinate,,,,,False,
Bungama BESS,SA1,-33.197,138.077,locality_proxy,,,spatial_join,MN,medium,Bungama,MN,0.96,,False,
Bungama BESS (ARENA ),SA1,-33.197,138.077,locality_proxy,,,spatial_join,MN,medium,Bungama,MN,0.96,,False,
Bungama Solar,SA1,,,,,,no_coordinate,Unclassified,no_coordinate,,,,,False,
Canunda,SA1,-37.6874819,140.3513764,OSM_plant,,,spatial_join,SE-SA,high,Snuggery,SE-SA,6.29,,False,
Carmody BESS,SA1,,,,,,no_coordinate,Unclassified,no_coordinate,,,,,False,
Carmody's Hill,SA1,,,,,,no_coordinate,Unclassified,no_coordinate,,,,,False,
Carmody's Hill BESS,SA1,,,,,,no_coordinate,Unclassified,no_coordinate,,,,,False,
Carmody's Hill Wind Farm,SA1,,,,,,no_coordinate,Unclassified,no_coordinate,,,,,False,
Carmodys Hill Wind Farm,SA1,,,,,,no_coordinate,Unclassified,no_coordinate,,,,,False,
Cathedral Rocks,SA1,-34.856,135.582,manual,prior,EYR,spatial_join,EYR,medium,Port Lincoln,EYR,26.77,,False,
Ceduna BESS,SA1,,,,,,no_coordinate,Unclassified,no_coordinate,,,,,False,
Ceduna Solar Farm,SA1,-32.1264,133.6742,locality_proxy,,,spatial_join,Unclassified,Unclassified,Wudinna,EYR,195.85,,False,
Ceduna Wind Farm,SA1,-32.126,133.674,locality_proxy,,,spatial_join,Unclassified,Unclassified,Wudinna,EYR,195.89,,False,
Chaff Mill (Mintaro) BESS,SA1,,,,,,no_coordinate,Unclassified,no_coordinate,,,,,False,
Chaff Mill (Mintaro) Solar Farm,SA1,,,,,,no_coordinate,Unclassified,no_coordinate,,,,,False,
Christies Beach Wastewater Treatment Plant,SA1,-35.1244555,138.4722932,OSM_plant,,,spatial_join_excluded,Unclassified,excluded,,,,Wastewater,False,
Clements Gap - BESS,SA1,,,,,,no_coordinate,Unclassified,no_coordinate,,,,,False,
Clements Gap Wind Farm,SA1,,,,,,no_coordinate,Unclassified,no_coordinate,,,,,False,
Coopers Co-gen,SA1,,,,,,spatial_join_excluded,Unclassified,excluded,,,,Co-gen,False,
Crystal Brook Energy Park - BESS,SA1,,,,,,no_coordinate,Unclassified,no_coordinate,,,,,False,
Crystal Brook Energy Park - Solar,SA1,,,,,,no_coordinate,Unclassified,no_coordinate,,,,,False,
Crystal Brook Energy Park - Wind,SA1,,,,,,no_coordinate,Unclassified,no_coordinate,,,,,False,
Cultana Pumped Hydro Energy Storage,SA1,-32.5896,137.7434,wikipedia,,,spatial_join,MN,high,Davenport,MN,8.8,,False,
Cultana Solar Farm,SA1,,,,,,no_coordinate,Unclassified,no_coordinate,,,,,False,
Dalrymple BESS,SA1,-34.9339538,137.743531,OSM_plant,,,spatial_join,SE-SA,high,Dalrymple,SE-SA,0.24,,False,
Davenport BESS,SA1,-32.52,137.83,aemo_filing,,,spatial_join,MN,high,Davenport,MN,2.43,,False,
Direk BESS,SA1,,,,,,no_coordinate,Unclassified,no_coordinate,,,,,False,
Dry Creek BESS,SA1,,,,,,no_coordinate,Unclassified,no_coordinate,,,,,False,
Dry Creek BESS - KCI,SA1,,,,,,no_coordinate,Unclassified,no_coordinate,,,,,False,
Dry Creek GT,SA1,,,,,,no_coordinate,Unclassified,no_coordinate,,,,,False,
Emeroo BESS,SA1,,,,,,no_coordinate,Unclassified,no_coordinate,,,,,False,
Emeroo BESS (Bungala),SA1,-32.475,137.9,manual,shared_boundary,MN,spatial_join,EYR,high,Emeroo,EYR,8.32,,False,
Exmoor,SA1,,,,,,no_coordinate,Unclassified,no_coordinate,,,,,False,
GEP - SRBE1,SA1,,,,,,no_coordinate,Unclassified,no_coordinate,,,,,False,
Geranium Plains Solar and BESS,SA1,-33.9803,139.1865,locality_proxy,,,spatial_join,MN,medium,Robertstown,MN,6.12,,False,
Goat Hill Pumped Hydro,SA1,-32.538,137.648,proponent_site,,,spatial_join,EYR,high,Lincoln Gap,EYR,9.01,,False,
Gould Creek BESS,SA1,-34.749,138.721,locality_proxy,,,spatial_join,MN,medium,Para,MN,1.71,,False,
Goyder BESS,SA1,-33.93,139.22,aemo_filing,,,spatial_join,MN,high,Bundey,MN,0.64,,False,
Goyder North Renewable Energy Facility,SA1,,,,,,no_coordinate,Unclassified,no_coordinate,,,,,False,
Goyder North Stage 1 Wind farm - KCI,SA1,-33.671,138.93,aemo_filing,,,spatial_join,MN,high,Mokota,MN,14.76,,False,
Goyder South Hub - BESS,SA1,-33.75,138.92,wikipedia,,,spatial_join,MN,medium,Mokota,MN,22.46,,False,
Goyder South Hub - Solar,SA1,-33.75,138.92,wikipedia,,,spatial_join,MN,medium,Mokota,MN,22.46,,False,
Goyder South Hub - Wind,SA1,,,,,,no_coordinate,Unclassified,no_coordinate,,,,,False,
Goyder South Wind Farm 1A,SA1,,,,,,no_coordinate,Unclassified,no_coordinate,,,,,False,
Goyder South Wind Farm 1B,SA1,,,,,,no_coordinate,Unclassified,no_coordinate,,,,,False,
Goyder South hub - BESS,SA1,-33.75,138.92,wikipedia,,,spatial_join,MN,medium,Mokota,MN,22.46,,False,
Goyder South hub - Solar,SA1,-33.75,138.92,wikipedia,,,spatial_join,MN,medium,Mokota,MN,22.46,,False,
Goyder South hub - Wind,SA1,-33.75,138.92,wikipedia,,,spatial_join,MN,medium,Mokota,MN,22.46,,False,
Green Hydrogen Power Station,SA1,,,,,,no_coordinate,Unclassified,no_coordinate,,,,,False,
Hallett 4 North Brown Hill,SA1,,,,,,no_coordinate,Unclassified,no_coordinate,,,,,False,
Hallett 5 The Bluff WF,SA1,,,,,,no_coordinate,Unclassified,no_coordinate,,,,,False,
Hallett BESS,SA1,,,,,,no_coordinate,Unclassified,no_coordinate,,,,,False,
Hallett GT,SA1,,,,,,no_coordinate,Unclassified,no_coordinate,,,,,False,
Hallett Stage 1 Brown Hill,SA1,,,,,,no_coordinate,Unclassified,no_coordinate,,,,,False,
Hallett Stage 2 Hallett Hill,SA1,,,,,,no_coordinate,Unclassified,no_coordinate,,,,,False,
Happy Valley Reservoir,SA1,,,,,,no_coordinate,Unclassified,no_coordinate,,,,,False,
Harrogate BESS,SA1,,,,,,no_coordinate,Unclassified,no_coordinate,,,,,False,
Heathgate Resources Beverley mine - BESS,SA1,,,,,,no_coordinate,Unclassified,no_coordinate,,,,,False,
Highbury Pumped Hydro Energy Storage,SA1,-34.852,138.718,proponent_site,,,spatial_join,MN,high,Adelaide,MN,12.69,,False,
Hornsdale Power Reserve Unit 1,SA1,-33.0864969,138.5187457,OSM_plant,,,spatial_join,MN,high,Mount Lock,MN,0.26,,False,
Hornsdale Wind Farm Stage 1,SA1,,,,,,no_coordinate,Unclassified,no_coordinate,,,,,False,
Hornsdale Wind Farm Stage 2,SA1,,,,,,no_coordinate,Unclassified,no_coordinate,,,,,False,
Hornsdale Wind Farm Stage 3,SA1,,,,,,no_coordinate,Unclassified,no_coordinate,,,,,False,
Hydrogen Jobs Plan,SA1,,,,,,no_coordinate,Unclassified,no_coordinate,,,,,False,
Kanmantoo,SA1,-35.092,139.0053,wikipedia,,,spatial_join,SE-SA,medium,Mobilong,SE-SA,23.96,,False,
Keyneton Wind Farm,SA1,,,,,,no_coordinate,Unclassified,no_coordinate,,,,,False,
Kincraig BESS,SA1,,,,,,no_coordinate,Unclassified,no_coordinate,,,,,False,
Kingfisher Solar Storage - Solar,SA1,,,,,,no_coordinate,Unclassified,no_coordinate,,,,,False,
Kingfisher Solar Storage - Storage,SA1,,,,,,no_coordinate,Unclassified,no_coordinate,,,,,False,
Kingscote Power Station,SA1,,,,,,no_coordinate,Unclassified,no_coordinate,,,,,False,
Koolunga Battery Energy Storage System 1,SA1,,,,,,no_coordinate,Unclassified,no_coordinate,,,,,False,
Koolunga Battery Energy Storage System 2,SA1,,,,,,no_coordinate,Unclassified,no_coordinate,,,,,False,
LINCOLN GAP BESSBDU,SA1,,,,,,no_coordinate,Unclassified,no_coordinate,,,,,False,
Ladbroke Grove,SA1,-37.4563215,140.7821835,OSM_plant,,,spatial_join,SE-SA,medium,South East,SE-SA,31.23,,False,
Lake Bonney 1 Wind Farm,SA1,,,,,,no_coordinate,Unclassified,no_coordinate,,,,,False,
Lake Bonney 2 Wind Farm,SA1,,,,,,no_coordinate,Unclassified,no_coordinate,,,,,False,
Lake Bonney 3 Wind Farm,SA1,,,,,,no_coordinate,Unclassified,no_coordinate,,,,,False,
Lake Bonney BESS1,SA1,,,,,,no_coordinate,Unclassified,no_coordinate,,,,,False,
Lake Bonney Battery Energy Storage,SA1,-37.7389793,140.3868101,OSM_plant,,,spatial_join,SE-SA,high,Snuggery,SE-SA,8.72,,False,
Leigh Creek Energy Project,SA1,,,,,,no_coordinate,Unclassified,no_coordinate,,,,,False,
Lincoln Gap Wind Farm - BESS,SA1,-32.5642267,137.5576693,OSM_plant,,,spatial_join,EYR,high,Lincoln Gap,EYR,0.06,,False,
Lincoln Gap Wind Farm - Stage 2,SA1,-32.5527974,137.5545635,OSM_plant,,,spatial_join,EYR,high,Lincoln Gap,EYR,1.34,,False,
Lincoln Gap Wind Farm - stage 1,SA1,-32.5527974,137.5545635,OSM_plant,,,spatial_join,EYR,high,Lincoln Gap,EYR,1.34,,False,
Lincoln Gap Wind Farm - stage 2,SA1,-32.5527974,137.5545635,OSM_plant,,,spatial_join,EYR,high,Lincoln Gap,EYR,1.34,,False,
Lincoln Gap Wind Farm stage 3,SA1,-32.5527974,137.5545635,OSM_plant,,,spatial_join,EYR,high,Lincoln Gap,EYR,1.34,,False,
Lindley BESS,SA1,,,,,,no_coordinate,Unclassified,no_coordinate,,,,,False,
Lionsgate Battery,SA1,,,,,,no_coordinate,Unclassified,no_coordinate,,,,,False,
Lonsdale,SA1,-35.1097019,138.4910172,OSM_plant,,,spatial_join,MN,high,Port Stanvac,MN,0.14,,False,
Mannum Adelaide Pumping Station No 2 - MAPL2 (Palmer),SA1,-34.92,139.3,manual,prior,EXCLUDE-pumping,spatial_join_excluded,Unclassified,excluded,,,,Pumping Station,False,
Mannum Adelaide Pumping Station No 3 - MAPL3 (Kanmantoo),SA1,,,,,,spatial_join_excluded,Unclassified,excluded,,,,Pumping Station,False,
Mannum Adelaide Pumping Station No 3 - MAPL3 (Tungkillo),SA1,,,,,,spatial_join_excluded,Unclassified,excluded,,,,Pumping Station,False,
Mannum BESS,SA1,,,,,,no_coordinate,Unclassified,no_coordinate,,,,,False,
Mannum Solar Farm,SA1,-35.0862169,139.2622548,OSM_plant,,,spatial_join,SE-SA,high,Mobilong,SE-SA,2.42,,False,
Mannum Solar Farm 2,SA1,-34.9146786,139.2683894,OSM_plant,,,spatial_join,MN,high,Mannum,MN,0.44,,False,
Marcollat Energy Hub (Stage 1),SA1,-36.578,140.338,aemo_filing,,,spatial_join,SE-SA,review,Keith,SE-SA,52.4,,False,
Marcollat Energy Hub (stage 2),SA1,-36.578,140.338,aemo_filing,,,spatial_join,SE-SA,review,Keith,SE-SA,52.4,,False,
Marcollat Energy Hub(Stage 1),SA1,-36.578,140.338,aemo_filing,,,spatial_join,SE-SA,review,Keith,SE-SA,52.4,,False,
Markaranka Solar and Storage,SA1,,,,,,no_coordinate,Unclassified,no_coordinate,,,,,False,
Middleback Ranges Pumped Hydro,SA1,,,,,,no_coordinate,Unclassified,no_coordinate,,,,,False,
Mintaro GT,SA1,,,,,,no_coordinate,Unclassified,no_coordinate,,,,,False,
Mobilong BESS,SA1,,,,,,no_coordinate,Unclassified,no_coordinate,,,,,False,
Monash Solar Farm,SA1,,,,,,no_coordinate,Unclassified,no_coordinate,,,,,False,
Monash Solar Farm - KCI,SA1,,,,,,no_coordinate,Unclassified,no_coordinate,,,,,False,
Morgan Battery,SA1,,,,,,no_coordinate,Unclassified,no_coordinate,,,,,False,
Morgan Long Duration Energy Storage - KCI,SA1,,,,,,no_coordinate,Unclassified,no_coordinate,,,,,False,
Morgan Solar,SA1,-34.025,139.66,manual,shared_boundary,MN,spatial_join,MN,medium,Bundey,MN,41.75,,False,
Morgan To Whyalla Pipeline No 1 PS And Water Filtration Plant,SA1,-34.0,139.66,manual,prior,EXCLUDE-pipeline,spatial_join_excluded,Unclassified,excluded,,,,Pipeline No 1 PS,False,
Morgan To Whyalla Pipeline No 2 PS,SA1,-34.0,138.7,manual,prior,EXCLUDE-pipeline,spatial_join_excluded,Unclassified,excluded,,,,Pipeline No 2 PS,False,
Morgan To Whyalla Pipeline No 3 PS,SA1,-33.5,138.1,manual,prior,EXCLUDE-pipeline,spatial_join_excluded,Unclassified,excluded,,,,Pipeline No 3 PS,False,
Morgan To Whyalla Pipeline No 4 PS,SA1,-33.2,137.8,manual,prior,EXCLUDE-pipeline,spatial_join_excluded,Unclassified,excluded,,,,Pipeline No 4 PS,False,
Mt Millar,SA1,,,,,,no_coordinate,Unclassified,no_coordinate,,,,,False,
Mt Millar Wind Farm,SA1,,,,,,no_coordinate,Unclassified,no_coordinate,,,,,False,
Murray Bridge - Onkaparinga Pipeline Pump 2,SA1,,,,,,no_coordinate,Unclassified,no_coordinate,,,,,False,
Murray Bridge Hahndorf Pumping Station 2 Solar,SA1,,,,,,spatial_join_excluded,Unclassified,excluded,,,,Pumping Station,False,
Murray Bridge Hahndorf Pumping Station 2 Solar - KCI,SA1,,,,,,spatial_join_excluded,Unclassified,excluded,,,,Pumping Station,False,
NAWMA,SA1,,,,,,no_coordinate,Unclassified,no_coordinate,,,,,False,
NAWMA - LFG - SOLAR,SA1,,,,,,no_coordinate,Unclassified,no_coordinate,,,,,False,
NAWMA Balefill Site Uleybury,SA1,,,,,,no_coordinate,Unclassified,no_coordinate,,,,,False,
North West Bend Substation,SA1,,,,,,no_coordinate,Unclassified,no_coordinate,,,,,False,
North West Bend Substation Solar,SA1,,,,,,no_coordinate,Unclassified,no_coordinate,,,,,False,
Osborne,SA1,-34.7976776,138.5079348,OSM_plant,,,spatial_join,MN,high,Torrens Island,MN,1.19,,False,
Osborne BESS,SA1,-34.786,138.507,aemo_filing,,,spatial_join,MN,high,Torrens Island,MN,2.18,,False,
Pacific Green Energy Park - Limestone Coast North,SA1,-37.6976,140.8851,proponent_site,,,spatial_join,SE-SA,high,South East,SE-SA,5.58,,False,
Pacific Green Energy Park - Limestone Coast West,SA1,-37.6976,140.8851,proponent_site,,,spatial_join,SE-SA,high,South East,SE-SA,5.58,,False,
Pallamana Solar Farm,SA1,,,,,,no_coordinate,Unclassified,no_coordinate,,,,,False,
Palmer Wind Farm,SA1,,,,,,no_coordinate,Unclassified,no_coordinate,,,,,False,
Para Hill BESS,SA1,-34.735,138.733,aemo_filing,,,spatial_join,MN,high,Para,MN,1.9,,False,
Para Substation/Gould Creek BESS,SA1,-34.749,138.721,locality_proxy,,,spatial_join,MN,medium,Para,MN,1.71,,False,
Pedler Creek,SA1,,,,,,no_coordinate,Unclassified,no_coordinate,,,,,False,
Pelican Point,SA1,-34.7653029,138.5052912,OSM_plant,,,spatial_join,MN,high,Pelican Point,MN,0.15,,False,
Pelican Point BESS,SA1,-34.7654,138.5032,wikipedia,,,spatial_join,MN,high,Pelican Point,MN,0.34,,False,
Pelican Point S2,SA1,-34.765,138.505,aemo_filing,,,spatial_join,MN,high,Pelican Point,MN,0.19,,False,
Penfield BESS,SA1,,,,,,no_coordinate,Unclassified,no_coordinate,,,,,False,
Peterborough Solar Farm,SA1,-32.979091,138.8154578,OSM_plant,,,spatial_join,MN,medium,Mount Lock,MN,29.87,,False,
Planet Ark Power and Schneider Electric - PV and Battery Microgrid,SA1,,,,,,no_coordinate,Unclassified,no_coordinate,,,,,False,
Playford Battery,SA1,,,,,,no_coordinate,Unclassified,no_coordinate,,,,,False,
Port Augusta Renewable Energy Park - Solar,SA1,-32.5572169,137.8589026,OSM_plant,shared_boundary,MN,spatial_join,MN,high,Davenport,MN,4.91,,False,
Port Augusta Renewable Energy Park - Wind,SA1,-32.5981951,137.904187,OSM_plant,shared_boundary,MN,spatial_join,MN,high,Davenport,MN,10.99,,False,
Port Augusta Solar Farm (KCI),SA1,-32.5,137.78,manual,shared_boundary,MN,spatial_join,EYR,high,Port Augusta,EYR,0.0,,False,
Port Lincoln GT,SA1,,,,,,no_coordinate,Unclassified,no_coordinate,,,,,False,
Port Paterson BESS,SA1,,,,,,no_coordinate,Unclassified,no_coordinate,,,,,False,
Port Pirie,SA1,-33.179,138.006,aemo_filing,,,spatial_join,MN,high,Port Pirie,MN,0.89,,False,
Port Pirie Solar Farm - KCI,SA1,-33.179,138.006,locality_proxy,,,spatial_join,MN,medium,Port Pirie,MN,0.89,,False,
Port Stanvac 1,SA1,,,,,,no_coordinate,Unclassified,no_coordinate,,,,,False,
Project Monash - Solar - KCI,SA1,-34.238,140.558,aemo_filing,,,spatial_join,RIV,high,Monash,RIV,3.89,,False,
Project Monash - Storage - KCI,SA1,,,,,,no_coordinate,Unclassified,no_coordinate,,,,,False,
Quarantine,SA1,-34.7793959,138.5227539,OSM_plant,,,spatial_join,MN,high,Pelican Point,MN,2.11,,False,
RMGE94,SA1,,,,,,no_coordinate,Unclassified,no_coordinate,,,,,False,
Redmud Green Energy 10,SA1,,,,,,no_coordinate,Unclassified,no_coordinate,,,,,False,
Redmud Green Energy 11,SA1,,,,,,no_coordinate,Unclassified,no_coordinate,,,,,False,
Redmud Green Energy 12,SA1,,,,,,no_coordinate,Unclassified,no_coordinate,,,,,False,
Redmud Green Energy 13,SA1,,,,,,no_coordinate,Unclassified,no_coordinate,,,,,False,
Redmud Green Energy 14,SA1,,,,,,no_coordinate,Unclassified,no_coordinate,,,,,False,
Redmud Green Energy 4,SA1,,,,,,no_coordinate,Unclassified,no_coordinate,,,,,False,
Redmud Green Energy 5,SA1,,,,,,no_coordinate,Unclassified,no_coordinate,,,,,False,
Redmud Green Energy 6,SA1,,,,,,no_coordinate,Unclassified,no_coordinate,,,,,False,
Redmud Green Energy 7,SA1,,,,,,no_coordinate,Unclassified,no_coordinate,,,,,False,
Redmud Green Energy 8,SA1,,,,,,no_coordinate,Unclassified,no_coordinate,,,,,False,
Redmud Green Energy 9,SA1,,,,,,no_coordinate,Unclassified,no_coordinate,,,,,False,
Reeves Plains OCGT - stage 1,SA1,,,,,,no_coordinate,Unclassified,no_coordinate,,,,,False,
Reeves Plains OCGT - stage 2,SA1,,,,,,no_coordinate,Unclassified,no_coordinate,,,,,False,
Reeves Plains Power Station BESS,SA1,-34.5039,138.6111,wikipedia,,,spatial_join,MN,high,Templers,MN,15.14,,False,
Riverland Solar Storage - Solar,SA1,-34.034,139.668,wikipedia,,,spatial_join,MN,medium,Bundey,MN,42.74,,False,
Riverland Solar Storage - Storage,SA1,,,,,,no_coordinate,Unclassified,no_coordinate,,,,,False,
Robertstown BESS,SA1,-33.904,139.134,aemo_filing,,,spatial_join,MN,high,Robertstown,MN,5.86,,False,
Robertstown Solar,SA1,,,,,,no_coordinate,Unclassified,no_coordinate,,,,,False,
Robertstown Solar Farm,SA1,,,,,,no_coordinate,Unclassified,no_coordinate,,,,,False,
SA Aquatic & Leasure Centre,SA1,,,,,,no_coordinate,Unclassified,no_coordinate,,,,,False,
SA Government Virtual Power Plant - stage 1,SA1,,,,,,no_coordinate,Unclassified,no_coordinate,,,,,False,
SA Government Virtual Power Plant - stage 2,SA1,,,,,,no_coordinate,Unclassified,no_coordinate,,,,,False,
SA Government Virtual Power Plant - stage 3,SA1,,,,,,no_coordinate,Unclassified,no_coordinate,,,,,False,
SA Water PV Plant,SA1,,,,,,no_coordinate,Unclassified,no_coordinate,,,,,False,
SSE Whyalla Solar Farm,SA1,-33.03,137.58,manual,shared_boundary,MN,spatial_join,MN,high,Whyalla,MN,2.28,,False,
Seacliff Mini Hydro,SA1,,,,,,no_coordinate,Unclassified,no_coordinate,,,,,False,
Seaford Renewable Energy Facility,SA1,,,,,,no_coordinate,Unclassified,no_coordinate,,,,,False,
Simply Energy VPP,SA1,,,,,,no_coordinate,Unclassified,no_coordinate,,,,,False,
Snapper Point Power Station,SA1,-34.7644136,138.5083254,OSM_plant,,,spatial_join,MN,high,Pelican Point,MN,0.18,,False,
Snowtown North Solar Farm,SA1,,,,,,no_coordinate,Unclassified,no_coordinate,,,,,False,
Snowtown North Solar Farm - BESS,SA1,,,,,,no_coordinate,Unclassified,no_coordinate,,,,,False,
Snowtown S2 Wind Farm,SA1,,,,,,no_coordinate,Unclassified,no_coordinate,,,,,False,
Snowtown Wind Farm,SA1,-33.7242133,138.1497083,OSM_plant,,,spatial_join,MN,high,Snowtown North,MN,1.46,,False,
Snuggery,SA1,,,,,,no_coordinate,Unclassified,no_coordinate,,,,,False,
Solar River Solar And BESS Project,SA1,,,,,,no_coordinate,Unclassified,no_coordinate,,,,,False,
South East BESS - Storage - KCI,SA1,,,,,,no_coordinate,Unclassified,no_coordinate,,,,,False,
South Hummocks BESS,SA1,,,,,,no_coordinate,Unclassified,no_coordinate,,,,,False,
Starfish Hill,SA1,-35.5662698,138.1419657,OSM_plant,,,spatial_join,MN,review,Port Stanvac,MN,59.86,,False,
Stony Gap,SA1,,,,,,no_coordinate,Unclassified,no_coordinate,,,,,False,
Sturt Solar,SA1,,,,,,no_coordinate,Unclassified,no_coordinate,,,,,False,
Summerfield,SA1,-34.913,139.313,aemo_filing,,,spatial_join,MN,high,Mannum,MN,4.44,,False,
Summerfield BESS,SA1,,,,,,no_coordinate,Unclassified,no_coordinate,,,,,False,
Summerfield BESS - KCI,SA1,,,,,,no_coordinate,Unclassified,no_coordinate,,,,,False,
Tailem Bend - Solar,SA1,-35.2715626,139.485948,OSM_plant,,,spatial_join,SE-SA,high,Tailem Bend,SE-SA,0.58,,False,
Tailem Bend Battery Project,SA1,,,,,,no_coordinate,Unclassified,no_coordinate,,,,,False,
Tailem Bend Stage 2 Solar Project,SA1,,,,,,no_coordinate,Unclassified,no_coordinate,,,,,False,
Tailem Bend Stage 3,SA1,-35.25,139.45,locality_proxy,,,spatial_join,SE-SA,medium,Tailem Bend,SE-SA,4.5,,False,
Tatiara Meats,SA1,,,,,,no_coordinate,Unclassified,no_coordinate,,,,,False,
Templers B BESS,SA1,-34.4667,138.733,locality_proxy,,,spatial_join,MN,medium,Templers,MN,3.27,,False,
Templers BESS,SA1,-34.4629304,138.7648475,OSM_plant,,,spatial_join,MN,high,Templers,MN,0.33,,False,
Templers BESS - KCI,SA1,-34.4629304,138.7648475,OSM_plant,,,spatial_join,MN,high,Templers,MN,0.33,,False,
Templers BESS(GreenPower),SA1,-34.4629304,138.7648475,OSM_plant,,,spatial_join,MN,high,Templers,MN,0.33,,False,
Temporary Generation North,SA1,,,,,,no_coordinate,Unclassified,no_coordinate,,,,,False,
Temporary Generation South,SA1,,,,,,no_coordinate,Unclassified,no_coordinate,,,,,False,
Temporary Generation South (Bolivar),SA1,,,,,,no_coordinate,Unclassified,no_coordinate,,,,,False,
Terminal Storage MinI Hydro,SA1,,,,,,no_coordinate,Unclassified,no_coordinate,,,,,False,
Terminal Storage Mini Hydro,SA1,,,,,,no_coordinate,Unclassified,no_coordinate,,,,,False,
The Solar River Project - Stage 1,SA1,-33.78,139.38,wikipedia,,,spatial_join,MN,medium,Bundey,MN,21.66,,False,
The Solar River Project - Stage 2,SA1,-33.78,139.38,wikipedia,,,spatial_join,MN,medium,Bundey,MN,21.66,,False,
Torrens Island A,SA1,,,,,,no_coordinate,Unclassified,no_coordinate,,,,,False,
Torrens Island B,SA1,-34.8054,138.5234,locality_proxy,,,spatial_join,MN,medium,Torrens Island,MN,0.47,,False,
Torrens Island BESS,SA1,,,,,,no_coordinate,Unclassified,no_coordinate,,,,,False,
Tungkillo BESS - KCI,SA1,-34.822,139.067,aemo_filing,,,spatial_join,SE-SA,high,Tungkillo,SE-SA,6.23,,False,
Tungkillo South BESS,SA1,-34.976,139.021,proponent_site,,,spatial_join,SE-SA,high,Tungkillo,SE-SA,11.48,,False,
Twin Creek Wind Farm,SA1,,,,,,no_coordinate,Unclassified,no_coordinate,,,,,False,
UniSA Solar project,SA1,,,,,,no_coordinate,Unclassified,no_coordinate,,,,,False,
VS1 Solar Farm,SA1,,,,,,no_coordinate,Unclassified,no_coordinate,,,,,False,
Vast Solar 1,SA1,,,,,,no_coordinate,Unclassified,no_coordinate,,,,,False,
Vast Solar1 Pty Ltd,SA1,,,,,,no_coordinate,Unclassified,no_coordinate,,,,,False,
Vast Solar1 Pty Ltd - KCI,SA1,,,,,,no_coordinate,Unclassified,no_coordinate,,,,,False,
Vast Solar1 Pty Ltd - Thermal - KCI,SA1,,,,,,no_coordinate,Unclassified,no_coordinate,,,,,False,
"Vibe Energy - Bordertown Power Station Gen - Bordertown, SA",SA1,,,,,,no_coordinate,Unclassified,no_coordinate,,,,,False,
"Vibe Energy - Tatiara Meat Gen - Borderdown, SA",SA1,,,,,,no_coordinate,Unclassified,no_coordinate,,,,,False,
Waterloo Wind Farm,SA1,-33.9845929,138.9131991,OSM_plant,,,spatial_join,MN,high,Waterloo,MN,3.66,,False,
Wattle Point,SA1,-35.1263814,137.7137546,OSM_plant,,,spatial_join,MN,high,Wattle Point,MN,1.92,,False,
Whyalla,SA1,-33.9735697,139.1934863,OSM_plant,shared_boundary,MN,spatial_join,MN,high,Bundey,MN,6.06,,False,
Whyalla BESS,SA1,-33.03,137.58,manual,shared_boundary,MN,spatial_join,MN,high,Whyalla,MN,2.28,,False,
Whyalla BESS - KCI,SA1,-33.03,137.58,manual,shared_boundary,MN,spatial_join,MN,high,Whyalla,MN,2.28,,False,
Whyalla Solar Farm,SA1,-33.03,137.58,manual,shared_boundary,MN,spatial_join,MN,high,Whyalla,MN,2.28,,False,
Willogoleche Wind Farm,SA1,-33.4153631,138.8462002,OSM_plant,,,spatial_join,MN,high,Hallett,MN,3.34,,False,
Wingfield 1,SA1,,,,,,no_coordinate,Unclassified,no_coordinate,,,,,False,
Wingfield 2,SA1,,,,,,no_coordinate,Unclassified,no_coordinate,,,,,False,
Woakwine Wind Farm,SA1,,,,,,no_coordinate,Unclassified,no_coordinate,,,,,False,
YES Sunlands,SA1,,,,,,no_coordinate,Unclassified,no_coordinate,,,,,False,
Yadnarie Solar Farm,SA1,,,,,,no_coordinate,Unclassified,no_coordinate,,,,,False,
Yalumba Winery Solar system (Angaston),SA1,,,,,,spatial_join_excluded,Unclassified,excluded,,,,Winery,False,
Yalumba Winery Solar system (Oxford Landing),SA1,,,,,,spatial_join_excluded,Unclassified,excluded,,,,Winery,False,
Yoorndoo Ilga Solar - KCI,SA1,-33.4,138.95,manual,shared_boundary,MN,spatial_join,MN,high,Hallett,MN,6.52,,False,
Yorke Peninsula Wind Farm,SA1,,,,,,no_coordinate,Unclassified,no_coordinate,,,,,False,
Yumali BESS,SA1,,,,,,no_coordinate,Unclassified,no_coordinate,,,,,False,
Yumali Wind Farm,SA1,-35.508,139.757,locality_proxy,,,spatial_join,SE-SA,medium,Tailem Bend,SE-SA,35.64,,False,
Zero Cost Energy Future,SA1,,,,,,no_coordinate,Unclassified,no_coordinate,,,,,False,
Bashan 1 Wind Farm,TAS1,,,,,,no_coordinate,Unclassified,no_coordinate,,,,,False,
Bashan 2 Wind Farm,TAS1,,,,,,no_coordinate,Unclassified,no_coordinate,,,,,False,
Bass Offshore Wind Energy Project,TAS1,,,,,,no_coordinate,Unclassified,no_coordinate,,,,,False,
Bastyan,TAS1,-41.7360577,145.5320468,OSM_plant,,,spatial_join,TAS-NW,review,Hampshire Hills,TAS-NW,54.34,,False,
Battery of the Nation - Stage 1,TAS1,,,,,,no_coordinate,Unclassified,no_coordinate,,,,,False,
Battery of the Nation - Stage 2a,TAS1,,,,,,no_coordinate,Unclassified,no_coordinate,,,,,False,
Battery of the Nation - Stage 2b,TAS1,,,,,,no_coordinate,Unclassified,no_coordinate,,,,,False,
Battery of the Nation - Stage 3a,TAS1,,,,,,no_coordinate,Unclassified,no_coordinate,,,,,False,
Battery of the Nation - Stage 3b,TAS1,,,,,,no_coordinate,Unclassified,no_coordinate,,,,,False,
Bell Bay BESS,TAS1,,,,,,no_coordinate,Unclassified,no_coordinate,,,,,False,
Bell Bay Three,TAS1,,,,,,no_coordinate,Unclassified,no_coordinate,,,,,False,
Bellbay Wind Farm,TAS1,,,,,,no_coordinate,Unclassified,no_coordinate,,,,,False,
Bellbay Wind Farm (Low Heads Wind Farm Stage 2),TAS1,,,,,,no_coordinate,Unclassified,no_coordinate,,,,,False,
Bridgewater BESS,TAS1,,,,,,no_coordinate,Unclassified,no_coordinate,,,,,False,
Butlers Gorge,TAS1,,,,,,no_coordinate,Unclassified,no_coordinate,,,,,False,
Catagunya / Liapootah / Wayatinah,TAS1,,,,,,no_coordinate,Unclassified,no_coordinate,,,,,False,
Cattle Hill Wind Farm,TAS1,-42.1492111,146.7059036,OSM_plant,,,spatial_join,TAS-NW,medium,Tungatinah,TAS-NW,26.31,,False,
Cellars Hill BESS,TAS1,,,,,,no_coordinate,Unclassified,no_coordinate,,,,,False,
Cellars Hill Wind Farm,TAS1,,,,,,no_coordinate,Unclassified,no_coordinate,,,,,False,
Cethana,TAS1,-41.4808044,146.1345108,OSM_plant,,,spatial_join,TAS-NW,high,Cethana,TAS-NW,0.24,,False,
Cethana Pumped Hydro Option,TAS1,,,,,,no_coordinate,Unclassified,no_coordinate,,,,,False,
Cimitiere Plains Solar Farm,TAS1,,,,,,no_coordinate,Unclassified,no_coordinate,,,,,False,
Cluny,TAS1,-42.5064404,146.6810358,OSM_plant,,,spatial_join,TAS-NW,high,Cluny,TAS-NW,0.13,,False,
Copping Renewable Energy Facility,TAS1,,,,,,no_coordinate,Unclassified,no_coordinate,,,,,False,
Derwent Valley Wind Farm,TAS1,,,,,,no_coordinate,Unclassified,no_coordinate,,,,,False,
Devils Gate,TAS1,-41.3505018,146.2633859,OSM_plant,,,spatial_join,TAS-NW,high,Sheffield,TAS-NW,4.0,,False,
Fisher,TAS1,-41.6732784,146.2684648,OSM_plant,,,spatial_join,TAS-NW,medium,Cethana,TAS-NW,24.32,,False,
GEP - TNTH1,TAS1,,,,,,no_coordinate,Unclassified,no_coordinate,,,,,False,
GEP - TNTH2,TAS1,,,,,,no_coordinate,Unclassified,no_coordinate,,,,,False,
George Town BESS - KCI,TAS1,-41.1284,146.8857,osm_substation,,,spatial_join,TAS-NW,high,George Town,TAS-NW,1.64,,False,
George Town Battery System,TAS1,,,,,,no_coordinate,Unclassified,no_coordinate,,,,,False,
George Town Solar,TAS1,,,,,,no_coordinate,Unclassified,no_coordinate,,,,,False,
George Town Solar Farm,TAS1,,,,,,no_coordinate,Unclassified,no_coordinate,,,,,False,
George Town Wind Farm,TAS1,-41.1284,146.8857,aemo_filing,,,spatial_join,TAS-NW,high,George Town,TAS-NW,1.64,,False,
Glenorchy,TAS1,,,,,,no_coordinate,Unclassified,no_coordinate,,,,,False,
Glenorchy Renewable Energy Facility,TAS1,,,,,,no_coordinate,Unclassified,no_coordinate,,,,,False,
Gordon,TAS1,-42.7405158,145.9828316,OSM_plant,,,spatial_join,TAS-NW,review,Butlers Gorge,TAS-NW,57.39,,False,
Granville Harbour Wind Farm,TAS1,-41.7805906,145.0476874,OSM_plant,,,spatial_join,TAS-NW,review,Hampshire Hills,TAS-NW,80.18,,False,
Great Lakes BESS,TAS1,-41.7875,146.9904,aemo_filing,,,spatial_join,TAS-NW,high,Palmerston,TAS-NW,0.01,,False,
Great Lakes Battery,TAS1,,,,,,no_coordinate,Unclassified,no_coordinate,,,,,False,
Guildford Wind Farm,TAS1,,,,,,no_coordinate,Unclassified,no_coordinate,,,,,False,
Hellyer Wind Farm,TAS1,,,,,,no_coordinate,Unclassified,no_coordinate,,,,,False,
Hobart,TAS1,,,,,,no_coordinate,Unclassified,no_coordinate,,,,,False,
Hobart Show Grounds BESS,TAS1,,,,,,no_coordinate,Unclassified,no_coordinate,,,,,False,
Hollow Tree Wind Farm,TAS1,,,,,,no_coordinate,Unclassified,no_coordinate,,,,,False,
John Butters,TAS1,-42.1548942,145.5345078,OSM_plant,,,spatial_join,TAS-NW,review,Butlers Gorge,TAS-NW,61.15,,False,
LST02 Data Hall BESS,TAS1,,,,,,no_coordinate,Unclassified,no_coordinate,,,,,False,
Lake Echo,TAS1,-42.2536426,146.6206275,OSM_plant,,,spatial_join,TAS-NW,high,Tungatinah,TAS-NW,14.31,,False,
Lake Margaret,TAS1,-42.0045779,145.5436884,OSM_plant,,,spatial_join,TAS-NW,review,Butlers Gorge,TAS-NW,65.99,,False,
Lemonthyme / Wilmot,TAS1,,,,,,no_coordinate,Unclassified,no_coordinate,,,,,False,
Low Head Wind Farm,TAS1,,,,,,no_coordinate,Unclassified,no_coordinate,,,,,False,
Low Head Wind Farm - KCI,TAS1,,,,,,no_coordinate,Unclassified,no_coordinate,,,,,False,
Low Head Wind Farm - Stage 1,TAS1,,,,,,no_coordinate,Unclassified,no_coordinate,,,,,False,
Low Head Wind Farm Stg II - KCI,TAS1,,,,,,no_coordinate,Unclassified,no_coordinate,,,,,False,
Lower Lake Margaret,TAS1,-42.0148718,145.5263239,OSM_plant,,,spatial_join,TAS-NW,review,Butlers Gorge,TAS-NW,66.78,,False,
Mackintosh,TAS1,-41.6997403,145.6461537,OSM_plant,,,spatial_join,TAS-NW,medium,Cethana,TAS-NW,47.51,,False,
McRobies Gully Renewable Energy Facility,TAS1,,,,,,no_coordinate,Unclassified,no_coordinate,,,,,False,
Meadowbank,TAS1,-42.6111696,146.8457001,OSM_plant,,,spatial_join,TAS-NW,high,Cluny,TAS-NW,17.94,,False,
Midlands Hydro,TAS1,,,,,,no_coordinate,Unclassified,no_coordinate,,,,,False,
Musselroe Wind Farm,TAS1,-40.7799095,148.0373312,OSM_plant,,,spatial_join,Unclassified,Unclassified,Tasmania,TAS-NW,102.42,,False,
North East Wind - KCI,TAS1,,,,,,no_coordinate,Unclassified,no_coordinate,,,,,False,
Northern Midlands Solar Farm,TAS1,,,,,,no_coordinate,Unclassified,no_coordinate,,,,,False,
Northern Midlands Solar Farm - KCI,TAS1,,,,,,no_coordinate,Unclassified,no_coordinate,,,,,False,
Palmerston BESS (Akaysha),TAS1,,,,,,no_coordinate,Unclassified,no_coordinate,,,,,False,
Palmerston Battery Energy Storage System - Akaysha,TAS1,,,,,,no_coordinate,Unclassified,no_coordinate,,,,,False,
Palmerston Big Battery,TAS1,-41.7875,146.9904,aemo_filing,,,spatial_join,TAS-NW,high,Palmerston,TAS-NW,0.01,,False,
Palmerston Big Battery - KCI,TAS1,-41.7875,146.9904,aemo_filing,,,spatial_join,TAS-NW,high,Palmerston,TAS-NW,0.01,,False,
Paloona,TAS1,-41.2827066,146.2490084,OSM_plant,,,spatial_join,TAS-NW,high,Sheffield,TAS-NW,7.63,,False,
Poatina,TAS1,-41.8115136,146.919066,OSM_plant,,,spatial_join,TAS-NW,high,Palmerston,TAS-NW,6.49,,False,
Port Latta Wind Farm,TAS1,,,,,,no_coordinate,Unclassified,no_coordinate,,,,,False,
Reece,TAS1,-41.7237387,145.1360115,OSM_plant,,,spatial_join,TAS-NW,review,Hampshire Hills,TAS-NW,70.53,,False,
Remount,TAS1,,,,,,no_coordinate,Unclassified,no_coordinate,,,,,False,
Remount Power Station,TAS1,,,,,,no_coordinate,Unclassified,no_coordinate,,,,,False,
Repulse,TAS1,-42.5076954,146.6470435,OSM_plant,,,spatial_join,TAS-NW,high,Cluny,TAS-NW,2.68,,False,
Robbins Island Wind Farm,TAS1,-40.6814,144.9425,osm_plant,,,spatial_join,TAS-NW,medium,Smithton,TAS-NW,24.4,,False,
Rowallan,TAS1,-41.7295505,146.2176625,OSM_plant,,,spatial_join,TAS-NW,medium,Cethana,TAS-NW,28.73,,False,
Rowallan Pumped Hydro Option,TAS1,,,,,,no_coordinate,Unclassified,no_coordinate,,,,,False,
St Patrick's College Launceston,TAS1,,,,,,no_coordinate,Unclassified,no_coordinate,,,,,False,
St Patricks Plains Wind Farm,TAS1,,,,,,no_coordinate,Unclassified,no_coordinate,,,,,False,
Tamar Valley BESS,TAS1,,,,,,no_coordinate,Unclassified,no_coordinate,,,,,False,
Tamar Valley Combined Cycle,TAS1,,,,,,no_coordinate,Unclassified,no_coordinate,,,,,False,
Tamar Valley Peaking,TAS1,,,,,,no_coordinate,Unclassified,no_coordinate,,,,,False,
Tarraleah,TAS1,-42.3012952,146.457417,OSM_plant,,,spatial_join,TAS-NW,high,Tarraleah,TAS-NW,0.1,,False,
Tarraleah Redevelopment,TAS1,,,,,,no_coordinate,Unclassified,no_coordinate,,,,,False,
Tods Corner,TAS1,,,,,,no_coordinate,Unclassified,no_coordinate,,,,,False,
Trevallyn,TAS1,-41.4226295,147.111785,OSM_plant,,,spatial_join,TAS-NW,high,Trevallyn,TAS-NW,0.1,,False,
Triabunna Wind Farm,TAS1,,,,,,no_coordinate,Unclassified,no_coordinate,,,,,False,
Tribute,TAS1,-41.8158324,145.6501782,OSM_plant,,,spatial_join,TAS-NW,review,Cethana,TAS-NW,55.03,,False,
Tribute Pumped Hydro Option,TAS1,,,,,,no_coordinate,Unclassified,no_coordinate,,,,,False,
Tungatinah,TAS1,-42.2968068,146.4565925,OSM_plant,,,spatial_join,TAS-NW,high,Tungatinah,TAS-NW,0.13,,False,
Weasel Solar Farm And BESS - KCI,TAS1,,,,,,no_coordinate,Unclassified,no_coordinate,,,,,False,
Wesley Vale Solar,TAS1,,,,,,no_coordinate,Unclassified,no_coordinate,,,,,False,
Wesley Vale Solar Farm,TAS1,,,,,,no_coordinate,Unclassified,no_coordinate,,,,,False,
Western Plains Wind Farm,TAS1,,,,,,no_coordinate,Unclassified,no_coordinate,,,,,False,
Whaleback Ridge Wind Farm - KCI,TAS1,,,,,,no_coordinate,Unclassified,no_coordinate,,,,,False,
Woolnorth Studland Bay / Bluff Point,TAS1,,,,,,no_coordinate,Unclassified,no_coordinate,,,,,False,
200 Victoria St,VIC1,,,,,,no_coordinate,Unclassified,no_coordinate,,,,,False,
321 Exhibition Street Trigen,VIC1,,,,,,no_coordinate,Unclassified,no_coordinate,,,,,False,
990 Latrobe St,VIC1,,,,,,no_coordinate,Unclassified,no_coordinate,,,,,False,
Acacia Offshore Wind Farm - KCI,VIC1,,,,,,no_coordinate,Unclassified,no_coordinate,,,,,False,
Aeroten Leongatha Solar,VIC1,,,,,,no_coordinate,Unclassified,no_coordinate,,,,,False,
Alberton Wind Farm,VIC1,,,,,,no_coordinate,Unclassified,no_coordinate,,,,,False,
Altona BESS,VIC1,,,,,,no_coordinate,Unclassified,no_coordinate,,,,,False,
Altona BESS - KCI,VIC1,,,,,,no_coordinate,Unclassified,no_coordinate,,,,,False,
Ararat SynCon,VIC1,-37.1637,143.2453,proponent_site,,,spatial_join,WV,high,Ararat,WV,0.0,,False,
Ararat Wind Farm,VIC1,-37.2216126,143.0595606,OSM_plant,,,spatial_join,WV,high,Crowlands,WV,13.91,,False,
AusNet Services Deakin University Victoria Geelong PV Plant,VIC1,,,,,,no_coordinate,Unclassified,no_coordinate,,,,,False,
Avonbank Load Connection,VIC1,,,,,,no_coordinate,Unclassified,no_coordinate,,,,,False,
Axedale Solar Farm,VIC1,,,,,,no_coordinate,Unclassified,no_coordinate,,,,,False,
Bairnsdale,VIC1,-37.8429187,147.5638557,OSM_plant,,,spatial_join,GIP,high,Bairnsdale,GIP,0.22,,False,
Bairnsdale BESS,VIC1,,,,,,no_coordinate,Unclassified,no_coordinate,,,,,False,
Bald Hills Wind Farm,VIC1,-38.7725427,145.940902,OSM_plant,,,spatial_join,GIP,high,Bald Hills,GIP,2.94,,False,
Ballarat,VIC1,-37.5676045,143.919894,OSM_plant,,,spatial_join,WV,high,Ballarat,WV,0.11,,False,
Ballarat Base Hospital,VIC1,,,,,,no_coordinate,Unclassified,no_coordinate,,,,,False,
Ballarat Base Hospital Plant,VIC1,,,,,,no_coordinate,Unclassified,no_coordinate,,,,,False,
Ballarat Energy Storage System,VIC1,-37.5676045,143.919894,OSM_plant,,,spatial_join,WV,high,Ballarat,WV,0.11,,False,
Ballarat North BESS,VIC1,,,,,,no_coordinate,Unclassified,no_coordinate,,,,,False,
Ballarat Renewable Energy Hub,VIC1,,,,,,no_coordinate,Unclassified,no_coordinate,,,,,False,
Ballarat Renewable Energy Hub - BESS - KCI,VIC1,,,,,,no_coordinate,Unclassified,no_coordinate,,,,,False,
Ballarat Renewable Energy Hub - Solar - KCI,VIC1,,,,,,no_coordinate,Unclassified,no_coordinate,,,,,False,
Banimboola,VIC1,-36.5343422,147.45934,OSM_plant,,,spatial_join,CN-VIC,high,Dartmouth,CN-VIC,6.02,,False,
Bannerton Solar Park,VIC1,-34.6865391,142.7796722,OSM_plant,,,spatial_join,MR,high,Robinvale,MR,7.31,,False,
Baranduda Electrical Energy Reserve,VIC1,,,,,,no_coordinate,Unclassified,no_coordinate,,,,,False,
Barnawartha Solar & Energy Storage,VIC1,,,,,,no_coordinate,Unclassified,no_coordinate,,,,,False,
Bass Strait,VIC1,,,,,,no_coordinate,Unclassified,no_coordinate,,,,,False,
Bayswood Timber Hallam VIC,VIC1,,,,,,no_coordinate,Unclassified,no_coordinate,,,,,False,
Beaconhills College Berwick,VIC1,,,,,,no_coordinate,Unclassified,no_coordinate,,,,,False,
Ben More,VIC1,,,,,,no_coordinate,Unclassified,no_coordinate,,,,,False,
Bendigo,VIC1,,,,,,no_coordinate,Unclassified,no_coordinate,,,,,False,
Bennetts Creek BESS,VIC1,,,,,,no_coordinate,Unclassified,no_coordinate,,,,,False,
Berrimal Wind Farm,VIC1,,,,,,no_coordinate,Unclassified,no_coordinate,,,,,False,
Berrybank 1 BESS - Storage - KCI,VIC1,,,,,,no_coordinate,Unclassified,no_coordinate,,,,,False,
Berrybank Wind Farm,VIC1,,,,,,no_coordinate,Unclassified,no_coordinate,,,,,False,
Berwick,VIC1,,,,,,no_coordinate,Unclassified,no_coordinate,,,,,False,
Birdwood Energy Reserve,VIC1,-36.1551,146.95016,osm_substation,,,spatial_join,CN-VIC,high,Wodonga,CN-VIC,0.02,,False,
Birdwood Energy Reserve - KCI,VIC1,-36.1551,146.95016,osm_substation,,,spatial_join,CN-VIC,high,Wodonga,CN-VIC,0.02,,False,
Birkins Solar Farm,VIC1,,,,,,no_coordinate,Unclassified,no_coordinate,,,,,False,
Birkins Solar Farm - Hydrogen - KCI,VIC1,,,,,,no_coordinate,Unclassified,no_coordinate,,,,,False,
Birkins Solar Farm - Solar - KCI,VIC1,,,,,,no_coordinate,Unclassified,no_coordinate,,,,,False,
Birkins Solar Farm - Storage - KCI,VIC1,,,,,,no_coordinate,Unclassified,no_coordinate,,,,,False,
Blue Mackerel North Off Shore Wind Farm,VIC1,,,,,,no_coordinate,Unclassified,no_coordinate,,,,,False,
Bogong / Mackay,VIC1,,,,,,no_coordinate,Unclassified,no_coordinate,,,,,False,
Bookaar Solar Farm,VIC1,-38.117,143.11,locality_proxy,,,spatial_join,SW-VIC,medium,Camperdown,SW-VIC,12.84,,False,
Boort Wind Farm,VIC1,,,,,,no_coordinate,Unclassified,no_coordinate,,,,,False,
Boronia Mini Hydro,VIC1,,,,,,no_coordinate,Unclassified,no_coordinate,,,,,False,
Boulka Park BESS,VIC1,,,,,,no_coordinate,Unclassified,no_coordinate,,,,,False,
Boulka Park Solar Farm,VIC1,,,,,,no_coordinate,Unclassified,no_coordinate,,,,,False,
Bridgewater,VIC1,-38.3625698,141.3868955,OSM_plant,,,spatial_join,SW-VIC,high,Cape Bridgewater,SW-VIC,1.25,,False,
Broadmeadows,VIC1,,,,,,no_coordinate,Unclassified,no_coordinate,,,,,False,
Broken Creek Solar Farm - KCI,VIC1,,,,,,no_coordinate,Unclassified,no_coordinate,,,,,False,
Brooklyn,VIC1,-37.8190945,144.8304304,OSM_plant,,,spatial_join,SW-VIC,high,Newport,SW-VIC,6.02,,False,
Brooklyn LFG U1-3,VIC1,,,,,,no_coordinate,Unclassified,no_coordinate,,,,,False,
Bulgana Green Power Hub - BESS,VIC1,-37.0381627,142.9835576,OSM_plant,,,spatial_join,WV,high,Bulgana,WV,0.18,,False,
Bulgana Green Power Hub - Wind Farm,VIC1,-37.1099771,142.9404317,OSM_plant,,,spatial_join,WV,high,Bulgana,WV,9.03,,False,
Bunurong 260 kW Solar PV Bangholme,VIC1,,,,,,no_coordinate,Unclassified,no_coordinate,,,,,False,
CARINA WEST H2E,VIC1,,,,,,no_coordinate,Unclassified,no_coordinate,,,,,False,
Campbells Forest Solar Farm,VIC1,-36.5794,144.1508,wikipedia,,,spatial_join,CN-VIC,medium,Bendigo,CN-VIC,24.54,,False,
Camperdown  BESS - Quintas,VIC1,,,,,,no_coordinate,Unclassified,no_coordinate,,,,,False,
Camperdown BESS - Quintas,VIC1,,,,,,no_coordinate,Unclassified,no_coordinate,,,,,False,
Cape Winds Offshore Wind Farm,VIC1,,,,,,no_coordinate,Unclassified,no_coordinate,,,,,False,
Carag SF,VIC1,,,,,,no_coordinate,Unclassified,no_coordinate,,,,,False,
Cardinia Creek Mini-Hydro,VIC1,,,,,,no_coordinate,Unclassified,no_coordinate,,,,,False,
Carisbrook Solar Farm,VIC1,,,,,,no_coordinate,Unclassified,no_coordinate,,,,,False,
Carwarp BESS,VIC1,,,,,,no_coordinate,Unclassified,no_coordinate,,,,,False,
Carwarp Solar Farm - Stage I,VIC1,,,,,,no_coordinate,Unclassified,no_coordinate,,,,,False,
Carwarp Solar Farm - Stage II,VIC1,,,,,,no_coordinate,Unclassified,no_coordinate,,,,,False,
Cedar Meats Solar Geelong,VIC1,,,,,,no_coordinate,Unclassified,no_coordinate,,,,,False,
Challicum Hills,VIC1,-37.3833181,143.1058455,OSM_plant,,,spatial_join,WV,high,Challicum,WV,1.01,,False,
Chepstowe Wind Farm - VIC,VIC1,-37.5959991,143.4951288,OSM_plant,,,spatial_join,WV,medium,Waubra,WV,28.46,,False,
Cherry Tree Wind Farm,VIC1,-37.1020154,145.265823,OSM_plant,,,spatial_join,CN-VIC,high,Seymour,CN-VIC,12.3,,False,
Clayton,VIC1,,,,,,no_coordinate,Unclassified,no_coordinate,,,,,False,
Clover,VIC1,-36.7852566,147.2204664,OSM_plant,,,spatial_join,CN-VIC,high,Clover,CN-VIC,0.11,,False,
Cobden BESS - Quintas,VIC1,,,,,,no_coordinate,Unclassified,no_coordinate,,,,,False,
Codrington Wind Farm,VIC1,-38.2851793,141.9594493,OSM_plant,,,spatial_join,SW-VIC,high,Codrington,SW-VIC,1.8,,False,
Cohuna Solar Farm,VIC1,-35.8868142,144.2178045,OSM_plant,,,spatial_join,MR,high,Cohuna,MR,0.75,,False,
Congupna Solar Farm,VIC1,,,,,,no_coordinate,Unclassified,no_coordinate,,,,,False,
Connewarren BESS,VIC1,,,,,,no_coordinate,Unclassified,no_coordinate,,,,,False,
Connewarren BESS - KCI,VIC1,-38.06327,142.66884,proponent_site,,,spatial_join,SW-VIC,high,Mortlake,SW-VIC,11.27,,False,
Cooba Solar Farm,VIC1,-36.5986,144.678,proponent_site,,,spatial_join,CN-VIC,medium,Fosterville,CN-VIC,21.54,,False,
Cooba Solar Farm - KCI,VIC1,,,,,,no_coordinate,Unclassified,no_coordinate,,,,,False,
Coonawarren BESS - KCI,VIC1,,,,,,no_coordinate,Unclassified,no_coordinate,,,,,False,
Coonooer Bridge Wind Farm,VIC1,-36.4263842,143.3684837,OSM_plant,,,spatial_join,WV,review,Bulgana,WV,76.01,,False,
Corio,VIC1,,,,,,no_coordinate,Unclassified,no_coordinate,,,,,False,
Corop BESS,VIC1,-36.55,144.9,locality_proxy,,,spatial_join,CN-VIC,medium,Stanhope,CN-VIC,14.42,,False,
Corop Solar Farm,VIC1,-36.55,144.9,locality_proxy,,,spatial_join,CN-VIC,medium,Stanhope,CN-VIC,14.42,,False,
Cranbourne BESS (Macquarie),VIC1,,,,,,no_coordinate,Unclassified,no_coordinate,,,,,False,
Cranbourne BESS (Macquarie) - KCI,VIC1,,,,,,no_coordinate,Unclassified,no_coordinate,,,,,False,
Cranbourne BESS (Maoneng),VIC1,-38.216,145.182,proponent_site,,,spatial_join,SW-VIC,high,Mornington,SW-VIC,9.13,,False,
Crowlands Wind Farm,VIC1,-37.1134035,143.152526,OSM_plant,,,spatial_join,WV,high,Crowlands,WV,0.9,,False,
Crown Melbourne,VIC1,,,,,,no_coordinate,Unclassified,no_coordinate,,,,,False,
Dalvui BESS,VIC1,-38.2331,142.9323,proponent_site,,,spatial_join,SW-VIC,high,Terang,SW-VIC,0.0,,False,
Dandenong PEP,VIC1,,,,,,no_coordinate,Unclassified,no_coordinate,,,,,False,
Darlington Wind Farm,VIC1,,,,,,no_coordinate,Unclassified,no_coordinate,,,,,False,
Darlington Wind Farm - GPG,VIC1,,,,,,no_coordinate,Unclassified,no_coordinate,,,,,False,
Darnum BESS,VIC1,,,,,,no_coordinate,Unclassified,no_coordinate,,,,,False,
Dartmouth,VIC1,-36.5564244,147.5203413,OSM_plant,,,spatial_join,CN-VIC,high,Dartmouth,CN-VIC,0.04,,False,
Deal 1 (West) Off Shore Wind Farm,VIC1,,,,,,no_coordinate,Unclassified,no_coordinate,,,,,False,
Deal 2 (East) Off Shore Wind Farm,VIC1,,,,,,no_coordinate,Unclassified,no_coordinate,,,,,False,
Dederang BESS,VIC1,-36.4833,147.0167,proponent_site,,,spatial_join,CN-VIC,high,Dederang,CN-VIC,3.91,,False,
Dederang BESS (Trina),VIC1,-36.4544,146.9919,osm_substation,,,spatial_join,CN-VIC,high,Dederang,CN-VIC,0.0,,False,
Dederang BESS - KCI,VIC1,-36.4833,147.0167,locality_proxy,,,spatial_join,CN-VIC,medium,Dederang,CN-VIC,3.91,,False,
Dederang Big BESS - KCI,VIC1,-36.4544,146.9919,osm_substation,,,spatial_join,CN-VIC,high,Dederang,CN-VIC,0.0,,False,
Deer Park BESS,VIC1,,,,,,no_coordinate,Unclassified,no_coordinate,,,,,False,
Deer Park Battery Energy Storage System,VIC1,,,,,,no_coordinate,Unclassified,no_coordinate,,,,,False,
Delburn Wind Farm,VIC1,,,,,,no_coordinate,Unclassified,no_coordinate,,,,,False,
Derby Solar Farm,VIC1,,,,,,no_coordinate,Unclassified,no_coordinate,,,,,False,
Derby Solar Farm & BESS,VIC1,,,,,,no_coordinate,Unclassified,no_coordinate,,,,,False,
Diapur Wind Farm,VIC1,,,,,,no_coordinate,Unclassified,no_coordinate,,,,,False,
Doreen BESS,VIC1,,,,,,no_coordinate,Unclassified,no_coordinate,,,,,False,
Drysdale,VIC1,,,,,,no_coordinate,Unclassified,no_coordinate,,,,,False,
Dundonnell Wind Farm,VIC1,-37.8702986,142.97571,OSM_plant,,,spatial_join,SW-VIC,high,Salt Creek,SW-VIC,18.97,,False,
East Shepparton Renewable Energy Hub,VIC1,,,,,,no_coordinate,Unclassified,no_coordinate,,,,,False,
East Shepparton Renewable Energy Hub - Battery - KCI,VIC1,,,,,,no_coordinate,Unclassified,no_coordinate,,,,,False,
East Shepparton Renewable Energy Hub - Solar - KCI,VIC1,,,,,,no_coordinate,Unclassified,no_coordinate,,,,,False,
Eildon,VIC1,-37.2431229,145.8973504,OSM_plant,,,spatial_join,CN-VIC,high,Eildon,CN-VIC,2.97,,False,
Eildon Pondage Power Station (EPPS),VIC1,-37.2431229,145.8973504,OSM_plant,,,spatial_join,CN-VIC,high,Eildon,CN-VIC,2.97,,False,
Elaine BESS,VIC1,,,,,,no_coordinate,Unclassified,no_coordinate,,,,,False,
Elaine Battery Energy Storage System,VIC1,-37.7667,144.0167,proponent_site,,,spatial_join,WV,high,Elaine,WV,4.01,,False,
Elaine Solar Farm & BESS Hybrid,VIC1,,,,,,no_coordinate,Unclassified,no_coordinate,,,,,False,
Elaine Solar Farm & BESS Hybrid - KCI,VIC1,,,,,,no_coordinate,Unclassified,no_coordinate,,,,,False,
Elaine Wind Farm,VIC1,-37.7574232,143.9981905,OSM_plant,,,spatial_join,WV,high,Elaine,WV,3.2,,False,
Epworth Hospital - East Melbourne - Freemasons,VIC1,,,,,,no_coordinate,Unclassified,no_coordinate,,,,,False,
Epworth Hospital - Geelong - Waurn Ponds,VIC1,,,,,,no_coordinate,Unclassified,no_coordinate,,,,,False,
Everleigh Solar Farm & BESS - KCI,VIC1,,,,,,no_coordinate,Unclassified,no_coordinate,,,,,False,
Ferguson North Wind Farm,VIC1,,,,,,no_coordinate,Unclassified,no_coordinate,,,,,False,
Ferguson South Wind Farm,VIC1,,,,,,no_coordinate,Unclassified,no_coordinate,,,,,False,
Ferguson Wind Farm,VIC1,-38.6101142,143.1790894,OSM_plant,,,spatial_join,SW-VIC,medium,Cobden,SW-VIC,31.82,,False,
Flavorite Marketing,VIC1,,,,,,no_coordinate,Unclassified,no_coordinate,,,,,False,
Fosterville SF and BESS,VIC1,,,,,,no_coordinate,Unclassified,no_coordinate,,,,,False,
Frasers Solar Farm,VIC1,,,,,,no_coordinate,Unclassified,no_coordinate,,,,,False,
Fulham Solar Farm,VIC1,,,,,,no_coordinate,Unclassified,no_coordinate,,,,,False,
Fulham Solar Farm And BESS,VIC1,,,,,,no_coordinate,Unclassified,no_coordinate,,,,,False,
GEP - VAGL1,VIC1,,,,,,no_coordinate,Unclassified,no_coordinate,,,,,False,
GEP - VBGL1,VIC1,,,,,,no_coordinate,Unclassified,no_coordinate,,,,,False,
GEP - VPTL2,VIC1,,,,,,no_coordinate,Unclassified,no_coordinate,,,,,False,
GEP - VSIR3,VIC1,,,,,,no_coordinate,Unclassified,no_coordinate,,,,,False,
GEP - VSIR4,VIC1,,,,,,no_coordinate,Unclassified,no_coordinate,,,,,False,
GV Community Energy,VIC1,,,,,,no_coordinate,Unclassified,no_coordinate,,,,,False,
Gannawarra Energy Storage System,VIC1,-35.734202,143.7800636,OSM_plant,,,spatial_join,MR,high,Kerang,MR,14.49,,False,
Gannawarra Solar Farm,VIC1,-35.7291297,143.7831643,OSM_plant,,,spatial_join,MR,high,Kerang,MR,14.4,,False,
Geelong BESS,VIC1,-38.15,144.35,locality_proxy,,,spatial_join,SW-VIC,medium,Geelong,SW-VIC,7.53,,False,
Gippsland A&B - Wind - KCI,VIC1,,,,,,no_coordinate,Unclassified,no_coordinate,,,,,False,
Gippsland C - Wind - KCI,VIC1,,,,,,no_coordinate,Unclassified,no_coordinate,,,,,False,
Gippsland Dawn Offshore Wind Project,VIC1,,,,,,no_coordinate,Unclassified,no_coordinate,,,,,False,
Gippsland offshore wind farm,VIC1,,,,,,no_coordinate,Unclassified,no_coordinate,,,,,False,
Girgarre Solar Farm,VIC1,-36.4103889,144.9867584,OSM_plant,,,spatial_join,CN-VIC,high,Stanhope,CN-VIC,3.98,,False,
Glenbrae BESS,VIC1,-37.35,143.569,proponent_site,,,spatial_join,WV,high,Waubra,WV,3.34,,False,
Glenmaggie Hydro,VIC1,,,,,,no_coordinate,Unclassified,no_coordinate,,,,,False,
Glenrowan BESS,VIC1,,,,,,no_coordinate,Unclassified,no_coordinate,,,,,False,
Glenrowan BESS (KCI),VIC1,-36.49311,146.13313,osm_substation,,,spatial_join,CN-VIC,high,Glenrowan,CN-VIC,0.09,,False,
Glenrowan BESS - Storage - KCI,VIC1,-36.49311,146.13313,osm_substation,,,spatial_join,CN-VIC,high,Glenrowan,CN-VIC,0.09,,False,
Glenrowan Solar Farm,VIC1,,,,,,no_coordinate,Unclassified,no_coordinate,,,,,False,
Glenrowan Sun Farm,VIC1,,,,,,no_coordinate,Unclassified,no_coordinate,,,,,False,
Glenrowan West Solar Farm,VIC1,-36.4932068,146.1572525,OSM_plant,,,spatial_join,CN-VIC,high,Glenrowan,CN-VIC,2.23,,False,
Glenrowan West Sun Farm,VIC1,,,,,,no_coordinate,Unclassified,no_coordinate,,,,,False,
Gnarwarre BESS Facility,VIC1,,,,,,no_coordinate,Unclassified,no_coordinate,,,,,False,
Gnotuk,VIC1,,,,,,no_coordinate,Unclassified,no_coordinate,,,,,False,
Golden Plains BESS,VIC1,,,,,,no_coordinate,Unclassified,no_coordinate,,,,,False,
Golden Plains Wind Farm,VIC1,,,,,,no_coordinate,Unclassified,no_coordinate,,,,,False,
Golden Plains Wind Farm East,VIC1,,,,,,no_coordinate,Unclassified,no_coordinate,,,,,False,
Golden Plains Wind Farm West,VIC1,,,,,,no_coordinate,Unclassified,no_coordinate,,,,,False,
Goorambat BESS,VIC1,-36.4071,145.9202,locality_proxy,,,spatial_join,CN-VIC,medium,Goorambat,CN-VIC,2.35,,False,
Goorambat BESS (Lighthouse),VIC1,-36.4071,145.9202,locality_proxy,,,spatial_join,CN-VIC,medium,Goorambat,CN-VIC,2.35,,False,
Goorambat East Solar Farm,VIC1,,,,,,no_coordinate,Unclassified,no_coordinate,,,,,False,
Goorambat East Solar Farm (ENGIE),VIC1,-36.4167,145.9167,proponent_site,,,spatial_join,CN-VIC,high,Goorambat,CN-VIC,1.43,,False,
Grahamvale BESS - KCI,VIC1,,,,,,no_coordinate,Unclassified,no_coordinate,,,,,False,
Great Eastern Offshore Wind - KCI,VIC1,,,,,,no_coordinate,Unclassified,no_coordinate,,,,,False,
Greater Gippsland Offshore Wind,VIC1,,,,,,no_coordinate,Unclassified,no_coordinate,,,,,False,
Greater Gippsland Offshore Wind Project,VIC1,,,,,,no_coordinate,Unclassified,no_coordinate,,,,,False,
Greater Southern Offshore Wind,VIC1,,,,,,no_coordinate,Unclassified,no_coordinate,,,,,False,
Greater Southern Offshore Wind - KCI,VIC1,,,,,,no_coordinate,Unclassified,no_coordinate,,,,,False,
HYMIVC06 Belgrave-Hallam Rd Micro Hydro,VIC1,,,,,,no_coordinate,Unclassified,no_coordinate,,,,,False,
Hallam Road,VIC1,,,,,,no_coordinate,Unclassified,no_coordinate,,,,,False,
Halys BESS (X-Elio),VIC1,,,,,,no_coordinate,Unclassified,no_coordinate,,,,,False,
Hastings Generation Site,VIC1,,,,,,no_coordinate,Unclassified,no_coordinate,,,,,False,
Haunted Gully BESS,VIC1,-38.00783,143.31261,proponent_site,,,spatial_join,WV,high,Haunted Gully,WV,0.15,,False,
Haunted Gully BESS - KCI,VIC1,-38.00783,143.31261,proponent_site,,,spatial_join,WV,high,Haunted Gully,WV,0.15,,False,
Hawkesdale BESS - Storage - KCI,VIC1,-38.107,142.322,locality_proxy,,,spatial_join,SW-VIC,medium,Macarthur,SW-VIC,12.94,,False,
Hawkesdale Wind Farm,VIC1,,,,,,no_coordinate,Unclassified,no_coordinate,,,,,False,
Hazelwood BESS (Ironwood) - KCI,VIC1,,,,,,no_coordinate,Unclassified,no_coordinate,,,,,False,
Hazelwood BESS - KCI,VIC1,,,,,,no_coordinate,Unclassified,no_coordinate,,,,,False,
Hazelwood Battery Energy Storage System (HBESS),VIC1,-38.2718,146.3909,wikipedia,,,spatial_join,GIP,high,Morwell,GIP,2.98,,False,
Hazelwood Battery Energy Storage System Facility,VIC1,-38.25458,146.4137,locality_proxy,,,spatial_join,GIP,medium,Morwell,GIP,0.7,,False,
Hazelwood North Solar Farm - KCI,VIC1,-38.25458,146.4137,locality_proxy,,,spatial_join,GIP,medium,Morwell,GIP,0.7,,False,
Hexham,VIC1,,,,,,no_coordinate,Unclassified,no_coordinate,,,,,False,
Heywood Terminal Station BESS,VIC1,-38.1816,141.6382,osm_substation,,,spatial_join,SW-VIC,medium,Portland,SW-VIC,22.87,,False,
Heywood Terminal Station BESS - KCI,VIC1,-38.1816,141.6382,osm_substation,,,spatial_join,SW-VIC,medium,Portland,SW-VIC,22.87,,False,
Horsham  BESS,VIC1,,,,,,no_coordinate,Unclassified,no_coordinate,,,,,False,
Horsham BESS,VIC1,,,,,,no_coordinate,Unclassified,no_coordinate,,,,,False,
Horsham Solar Farm,VIC1,,,,,,no_coordinate,Unclassified,no_coordinate,,,,,False,
Horsham TS Syncon,VIC1,,,,,,no_coordinate,Unclassified,no_coordinate,,,,,False,
Hume Dam VIC,VIC1,,,,,,no_coordinate,Unclassified,no_coordinate,,,,,False,
Inverleigh Solar Farm,VIC1,,,,,,no_coordinate,Unclassified,no_coordinate,,,,,False,
Inverleigh Wind Farm,VIC1,,,,,,no_coordinate,Unclassified,no_coordinate,,,,,False,
Inverliegh Wind Farm Storage,VIC1,,,,,,no_coordinate,Unclassified,no_coordinate,,,,,False,
JL King & Co 150kW- Solar-,VIC1,,,,,,no_coordinate,Unclassified,no_coordinate,,,,,False,
Jeeralang A,VIC1,,,,,,no_coordinate,Unclassified,no_coordinate,,,,,False,
Jeeralang B,VIC1,,,,,,no_coordinate,Unclassified,no_coordinate,,,,,False,
Jeeralang BESS (Maoneng),VIC1,-38.27675,146.42461,locality_proxy,,,spatial_join,GIP,medium,Jeeralang,GIP,0.0,,False,
Jeeralang Battery,VIC1,-38.27675,146.42461,proponent_site,,,spatial_join,GIP,high,Jeeralang,GIP,0.0,,False,
Jessica Way Truganina Solar,VIC1,,,,,,no_coordinate,Unclassified,no_coordinate,,,,,False,
Joel BESS,VIC1,-37.037,142.9851,proponent_site,,,spatial_join,WV,high,Bulgana,WV,0.01,,False,
KIEWA VALLEY BESS,VIC1,-36.4544,146.9919,osm_substation,,,spatial_join,CN-VIC,high,Dederang,CN-VIC,0.0,,False,
Karadoc Solar Farm,VIC1,-34.410302,142.2489536,OSM_plant,,,spatial_join,MR,high,Red Cliffs,MR,13.11,,False,
Kentbruck Green Power Hub,VIC1,-38.0872,141.1504,wikipedia,,,spatial_join,SW-VIC,medium,Cape Bridgewater,SW-VIC,37.48,,False,
Kerang BESS,VIC1,,,,,,no_coordinate,Unclassified,no_coordinate,,,,,False,
Kerang BESS (BSR),VIC1,-35.7349,143.9203,locality_proxy,,,spatial_join,MR,medium,Kerang,MR,4.27,,False,
Kerang East Solar Farm,VIC1,,,,,,no_coordinate,Unclassified,no_coordinate,,,,,False,
Kerang East Storage System,VIC1,,,,,,no_coordinate,Unclassified,no_coordinate,,,,,False,
Kerang East Storage System - KCI,VIC1,,,,,,no_coordinate,Unclassified,no_coordinate,,,,,False,
Kerang Hybrid,VIC1,,,,,,no_coordinate,Unclassified,no_coordinate,,,,,False,
Kerang Solar Farm,VIC1,,,,,,no_coordinate,Unclassified,no_coordinate,,,,,False,
Kerang Solar Farm Green Switch,VIC1,,,,,,no_coordinate,Unclassified,no_coordinate,,,,,False,
Kiamal BESS,VIC1,,,,,,no_coordinate,Unclassified,no_coordinate,,,,,False,
Kiamal Solar Farm - Stage 1,VIC1,-35.0214842,142.29806,OSM_plant,,,spatial_join,MR,high,Ouyen,MR,4.43,,False,
Kiamal Solar Farm - Stage 2,VIC1,,,,,,no_coordinate,Unclassified,no_coordinate,,,,,False,
Kiata Wind Farm,VIC1,-36.396047,141.7534941,OSM_plant,,,spatial_join,WV,review,Horsham,WV,57.1,,False,
Koorangie BESS Stage 2,VIC1,-35.85,143.91,manual,prior,MR,spatial_join,MR,high,Kerang,MR,8.97,,False,
Koorangie Energy Storage System,VIC1,-35.85,143.91,manual,prior,MR,spatial_join,MR,high,Kerang,MR,8.97,,False,
Koyuga Nanneella Wind Farm,VIC1,,,,,,no_coordinate,Unclassified,no_coordinate,,,,,False,
Kut Wut Brataualung,VIC1,,,,,,no_coordinate,Unclassified,no_coordinate,,,,,False,
Kyabram Wind Farm,VIC1,-36.2222,144.8864,proponent_site,,,spatial_join,MR,high,Echuca,MR,14.2,,False,
LYA BESS,VIC1,-38.26,146.59,manual,prior,GIP,spatial_join,GIP,high,Loy Yang,GIP,1.62,,False,
LaTrobe Valley BESS,VIC1,,,,,,no_coordinate,Unclassified,no_coordinate,,,,,False,
Lambing Gully BESS,VIC1,,,,,,no_coordinate,Unclassified,no_coordinate,,,,,False,
Lambing Gully Wind Farm,VIC1,,,,,,no_coordinate,Unclassified,no_coordinate,,,,,False,
Lancaster Solar Farm,VIC1,,,,,,no_coordinate,Unclassified,no_coordinate,,,,,False,
Latrobe Solar Farm,VIC1,-38.2348,146.395,locality_proxy,,,spatial_join,GIP,medium,Morwell,GIP,3.41,,False,
Laverton North,VIC1,-37.8417434,144.7889043,OSM_plant,,,spatial_join,SW-VIC,high,Newport,SW-VIC,9.21,,False,
Learmonth BESS,VIC1,-37.4234,143.7186,proponent_site,,,spatial_join,WV,high,Waubra,WV,12.46,,False,
Leonards Hill,VIC1,,,,,,no_coordinate,Unclassified,no_coordinate,,,,,False,
Little River BESS,VIC1,-38.0,144.5,locality_proxy,,,spatial_join,SW-VIC,medium,Geelong,SW-VIC,16.88,,False,
Little River Solar Farm,VIC1,,,,,,no_coordinate,Unclassified,no_coordinate,,,,,False,
Little River Solar Farm - KCI,VIC1,,,,,,no_coordinate,Unclassified,no_coordinate,,,,,False,
Longford,VIC1,,,,,,no_coordinate,Unclassified,no_coordinate,,,,,False,
Lovely Banks Renewable Energy Hub,VIC1,-38.0388,144.2959,osm_substation,,,spatial_join,SW-VIC,high,Moorabool,SW-VIC,0.2,,False,
Lovely Banks Renewable Energy Hub - KCI,VIC1,-38.0388,144.2959,osm_substation,,,spatial_join,SW-VIC,high,Moorabool,SW-VIC,0.2,,False,
Loy Yang A Power Station,VIC1,-38.2537507,146.5742585,OSM_plant,,,spatial_join,GIP,high,Loy Yang B,GIP,0.31,,False,
Loy Yang B,VIC1,-38.256264,146.5846793,OSM_plant,,,spatial_join,GIP,high,Loy Yang B,GIP,1.18,,False,
Loy Yang B Power Station - BESS Stage 1 - KCI,VIC1,-38.256264,146.5846793,OSM_plant,,,spatial_join,GIP,high,Loy Yang B,GIP,1.18,,False,
Loy Yang B Upgrade,VIC1,,,,,,no_coordinate,Unclassified,no_coordinate,,,,,False,
Loy Yang BESS,VIC1,-38.2537,146.5757,wikipedia,,,spatial_join,GIP,high,Loy Yang B,GIP,0.42,,False,
Lubeck Wind Farm,VIC1,,,,,,no_coordinate,Unclassified,no_coordinate,,,,,False,
Lubeck Wind Farm - KCI,VIC1,,,,,,no_coordinate,Unclassified,no_coordinate,,,,,False,
Macarthur Wind Farm,VIC1,-38.0324033,142.1782496,OSM_plant,,,spatial_join,SW-VIC,high,Macarthur,SW-VIC,3.61,,False,
Mallee Solar Farm,VIC1,,,,,,no_coordinate,Unclassified,no_coordinate,,,,,False,
Mallee Solar Farm - KCI,VIC1,,,,,,no_coordinate,Unclassified,no_coordinate,,,,,False,
Malunga BESS - KCI,VIC1,-38.0303,143.6335,proponent_site,,,spatial_join,SW-VIC,medium,Berrybank,SW-VIC,22.55,,False,
Malunga Nine Mile BESS - KCI,VIC1,-38.0303,143.6335,proponent_site,,,spatial_join,SW-VIC,medium,Berrybank,SW-VIC,22.55,,False,
Mansfield Solar Farm,VIC1,,,,,,no_coordinate,Unclassified,no_coordinate,,,,,False,
Mansfield Solar Farm - Solar - KCI,VIC1,-37.054,146.084,locality_proxy,,,spatial_join,CN-VIC,medium,Mansfield,CN-VIC,1.19,,False,
Mansfield Solar Farm - Storage - KCI,VIC1,,,,,,no_coordinate,Unclassified,no_coordinate,,,,,False,
Maroona Wind Farm,VIC1,,,,,,no_coordinate,Unclassified,no_coordinate,,,,,False,
Maryvale Energy From Waste,VIC1,,,,,,no_coordinate,Unclassified,no_coordinate,,,,,False,
Meadow Creek Solar Farm,VIC1,,,,,,no_coordinate,Unclassified,no_coordinate,,,,,False,
Meadow Creek Solar Farm - KCI,VIC1,,,,,,no_coordinate,Unclassified,no_coordinate,,,,,False,
Meering BESS,VIC1,-35.8995,143.7185,locality_proxy,,,spatial_join,MR,medium,Kerang,MR,24.06,,False,
Meering Wind Farm,VIC1,-35.93,143.7,proponent_site,,,spatial_join,MR,medium,Kerang,MR,27.47,,False,
Melbourne Grid Battery - KCI,VIC1,,,,,,no_coordinate,Unclassified,no_coordinate,,,,,False,
Melbourne Regional Landfill,VIC1,,,,,,spatial_join_excluded,Unclassified,excluded,,,,Landfill,False,
Melbourne Renewable Energy Complex,VIC1,,,,,,no_coordinate,Unclassified,no_coordinate,,,,,False,
Melbourne Renewable Energy Complex - KCI,VIC1,,,,,,no_coordinate,Unclassified,no_coordinate,,,,,False,
Melbourne Renewable Energy Hub,VIC1,-37.6535,144.6781,proponent_site,,,spatial_join,WV,high,Sydenham,WV,6.63,,False,
Melbourne Renewable Energy Hub - Side A,VIC1,-37.6535,144.6781,proponent_site,,,spatial_join,WV,high,Sydenham,WV,6.63,,False,
Melbourne Renewable Energy Hub - Side B,VIC1,-37.6535,144.6781,proponent_site,,,spatial_join,WV,high,Sydenham,WV,6.63,,False,
Melbourne Solar Farm,VIC1,,,,,,no_coordinate,Unclassified,no_coordinate,,,,,False,
Melbourne Solar Farm - KCI,VIC1,,,,,,no_coordinate,Unclassified,no_coordinate,,,,,False,
Melton Renewable Energy Hub,VIC1,-37.6535,144.6781,proponent_site,,,spatial_join,WV,high,Sydenham,WV,6.63,,False,
Merbein Solar Farm,VIC1,,,,,,no_coordinate,Unclassified,no_coordinate,,,,,False,
Meredith Wind Farm,VIC1,,,,,,no_coordinate,Unclassified,no_coordinate,,,,,False,
Meredith Wind Farm - KCI,VIC1,,,,,,no_coordinate,Unclassified,no_coordinate,,,,,False,
Midland Highway Orrvale,VIC1,,,,,,no_coordinate,Unclassified,no_coordinate,,,,,False,
Mildura Power Station,VIC1,,,,,,no_coordinate,Unclassified,no_coordinate,,,,,False,
Moira Solar Farm,VIC1,,,,,,no_coordinate,Unclassified,no_coordinate,,,,,False,
Mokoan Solar Farm,VIC1,-36.48881,146.1241642,OSM_plant,,,spatial_join,CN-VIC,high,Glenrowan,CN-VIC,0.9,,False,
Mokoan Solar Farm (LightsourceBP),VIC1,-36.48881,146.1241642,OSM_plant,,,spatial_join,CN-VIC,high,Glenrowan,CN-VIC,0.9,,False,
Mologa BESS,VIC1,-36.1525,144.1314,proponent_site,,,spatial_join,MR,medium,Cohuna,MR,31.3,,False,
Monash BESS,VIC1,,,,,,no_coordinate,Unclassified,no_coordinate,,,,,False,
Moonah Solar Farm,VIC1,,,,,,no_coordinate,Unclassified,no_coordinate,,,,,False,
Moonah Solar Farm - KCI,VIC1,,,,,,no_coordinate,Unclassified,no_coordinate,,,,,False,
Moorabool BESS,VIC1,-38.04,144.29,proponent_site,,,spatial_join,SW-VIC,high,Moorabool,SW-VIC,0.65,,False,
Moorabool Wind Farm,VIC1,-37.6980469,144.165613,OSM_plant,,,spatial_join,SW-VIC,high,Yaloak South,SW-VIC,7.4,,False,
Moreton Hill Wind Farm,VIC1,,,,,,no_coordinate,Unclassified,no_coordinate,,,,,False,
Mornington BESS,VIC1,-38.268,145.201,proponent_site,,,spatial_join,SW-VIC,high,Mornington,SW-VIC,10.62,,False,
Mornington Waste Disposal Facility,VIC1,,,,,,no_coordinate,Unclassified,no_coordinate,,,,,False,
Mortlake,VIC1,-38.1485895,142.8405896,OSM_plant,,,spatial_join,SW-VIC,high,Mortlake,SW-VIC,9.23,,False,
Mortlake BESS,VIC1,-38.0631,142.6678,wikipedia,,,spatial_join,SW-VIC,high,Mortlake,SW-VIC,11.36,,False,
Mortlake Battery,VIC1,-38.06327,142.66884,wikipedia,,,spatial_join,SW-VIC,high,Mortlake,SW-VIC,11.27,,False,
Mortlake Energy Hub,VIC1,,,,,,no_coordinate,Unclassified,no_coordinate,,,,,False,
Mortlake South Wind Farm,VIC1,-38.1485895,142.8405896,OSM_plant,,,spatial_join,SW-VIC,high,Mortlake,SW-VIC,9.23,,False,
Mortons Lane Wind Farm,VIC1,-37.8396321,142.4627158,OSM_plant,,,spatial_join,SW-VIC,high,Mortons Lane,SW-VIC,0.57,,False,
Morwell BESS,VIC1,,,,,,no_coordinate,Unclassified,no_coordinate,,,,,False,
Morwell Battery Energy Storage System,VIC1,,,,,,no_coordinate,Unclassified,no_coordinate,,,,,False,
Morwell Battery Energy System,VIC1,,,,,,no_coordinate,Unclassified,no_coordinate,,,,,False,
Morwell Solar,VIC1,,,,,,no_coordinate,Unclassified,no_coordinate,,,,,False,
Mount Fyans,VIC1,,,,,,no_coordinate,Unclassified,no_coordinate,,,,,False,
Mount Fyans Wind Farm 2.0,VIC1,-38.0295,142.883,wikipedia,,,spatial_join,SW-VIC,high,Mortlake,SW-VIC,8.95,,False,
Mount Waverley Mini Hydro,VIC1,,,,,,no_coordinate,Unclassified,no_coordinate,,,,,False,
Mt Doran BESS,VIC1,-37.7833,144.0333,proponent_site,,,spatial_join,WV,high,Elaine,WV,6.13,,False,
Mt Gellibrand Wind Farm,VIC1,,,,,,no_coordinate,Unclassified,no_coordinate,,,,,False,
Mt Mercer BESS,VIC1,,,,,,no_coordinate,Unclassified,no_coordinate,,,,,False,
Mt Mercer Wind Farm,VIC1,,,,,,no_coordinate,Unclassified,no_coordinate,,,,,False,
Murra Warra Solar Farm,VIC1,-36.49,142.19,proponent_site,,,spatial_join,WV,medium,Horsham,WV,26.33,,False,
Murra Warra Wind Farm - stage 1,VIC1,-36.4269561,142.3155287,OSM_plant,,,spatial_join,WV,medium,Horsham,WV,33.4,,False,
Murra Warra Wind Farm - stage 2,VIC1,-36.4269561,142.3155287,OSM_plant,,,spatial_join,WV,medium,Horsham,WV,33.4,,False,
Murray 1,VIC1,-36.2468296,148.1902002,OSM_plant,,,spatial_join,MR,high,Murray River,MR,4.75,,False,
Murray 2,VIC1,-36.242469,148.1363948,OSM_plant,,,spatial_join,MR,high,Murray River,MR,2.0,,False,
Muskerry Solar Power Station - KCI,VIC1,-36.7,144.7,proponent_site,,,spatial_join,CN-VIC,high,Fosterville,CN-VIC,17.41,,False,
Naring Solar Farm,VIC1,,,,,,no_coordinate,Unclassified,no_coordinate,,,,,False,
Naroghid,VIC1,,,,,,no_coordinate,Unclassified,no_coordinate,,,,,False,
Navarre Wind Farm,VIC1,-36.8996,143.1139,locality_proxy,,,spatial_join,WV,medium,Bulgana,WV,19.09,,False,
Newhaven College,VIC1,,,,,,no_coordinate,Unclassified,no_coordinate,,,,,False,
Newport,VIC1,-37.8413958,144.8950298,OSM_plant,,,spatial_join,SW-VIC,high,Newport,SW-VIC,0.2,,False,
Newport BESS - KCI,VIC1,-37.8418,144.895,locality_proxy,,,spatial_join,SW-VIC,medium,Newport,SW-VIC,0.24,,False,
Newport Battery Energy Storage System,VIC1,-37.8418,144.895,locality_proxy,,,spatial_join,SW-VIC,medium,Newport,SW-VIC,0.24,,False,
Nhill Wind Farm,VIC1,-36.3425807,141.4347013,OSM_plant,,,spatial_join,WV,review,Horsham,WV,83.98,,False,
Normanville Energy Park - Wind (KCI),VIC1,,,,,,no_coordinate,Unclassified,no_coordinate,,,,,False,
North Yarragon BESS - KCI,VIC1,-38.13,146.06,proponent_site,,,spatial_join,GIP,medium,Yallourn,GIP,25.83,,False,
Nowingi Solar Farm - Edify (KCI),VIC1,-34.6,142.23,locality_proxy,,,spatial_join,MR,medium,Hattah,MR,18.36,,False,
Nowingi Solar Storage - Solar,VIC1,-34.5963,142.2252,proponent_site,,,spatial_join,MR,high,Hattah,MR,18.87,,False,
Nowingi Solar Storage - Storage,VIC1,,,,,,no_coordinate,Unclassified,no_coordinate,,,,,False,
Numurkah Solar Farm,VIC1,-36.1599165,145.4770342,OSM_plant,,,spatial_join,CN-VIC,high,Numurkah,CN-VIC,10.33,,False,
Nyaninyuk Wind Farm,VIC1,,,,,,no_coordinate,Unclassified,no_coordinate,,,,,False,
Oaklands Hill Wind Farm,VIC1,-37.6761505,142.5581493,OSM_plant,,,spatial_join,WV,high,Oaklands Hill,WV,0.78,,False,
Orsted Gippsland A&B Windfarm,VIC1,,,,,,no_coordinate,Unclassified,no_coordinate,,,,,False,
Orsted Gippsland C Windfarm,VIC1,,,,,,no_coordinate,Unclassified,no_coordinate,,,,,False,
Ouyen Solar Farm,VIC1,,,,,,no_coordinate,Unclassified,no_coordinate,,,,,False,
Pacific Green Energy Park Portland West,VIC1,-38.3857,141.6247,proponent_site,,,spatial_join,SW-VIC,high,Portland,SW-VIC,0.14,,False,
Pacific Green Energy Park – Portland,VIC1,,,,,,no_coordinate,Unclassified,no_coordinate,,,,,False,
Penshurst,VIC1,,,,,,no_coordinate,Unclassified,no_coordinate,,,,,False,
Perry Bridge Solar Farm,VIC1,,,,,,no_coordinate,Unclassified,no_coordinate,,,,,False,
Philip Island BESS,VIC1,,,,,,no_coordinate,Unclassified,no_coordinate,,,,,False,
Philip Island Community Energy Storage System,VIC1,,,,,,no_coordinate,Unclassified,no_coordinate,,,,,False,
Pine Lodge 2 BESS - KCI,VIC1,,,,,,no_coordinate,Unclassified,no_coordinate,,,,,False,
Pine Lodge BESS,VIC1,-36.38,145.53,proponent_site,,,spatial_join,CN-VIC,high,Shepparton,CN-VIC,11.15,,False,
Port Phillip Heads Tidal Energy Project,VIC1,,,,,,no_coordinate,Unclassified,no_coordinate,,,,,False,
Portland BESS,VIC1,-38.3857,141.6247,proponent_site,,,spatial_join,SW-VIC,high,Portland,SW-VIC,0.14,,False,
Portland Renewables Project - KCI,VIC1,,,,,,no_coordinate,Unclassified,no_coordinate,,,,,False,
Portland Wind Farm,VIC1,,,,,,no_coordinate,Unclassified,no_coordinate,,,,,False,
Portland Wind Farm - KCI,VIC1,,,,,,no_coordinate,Unclassified,no_coordinate,,,,,False,
Prairie Solar Farm,VIC1,-36.2101,144.2293,proponent_site,,,spatial_join,MR,medium,Cohuna,MR,36.7,,False,
Puzzle Range BESS,VIC1,,,,,,no_coordinate,Unclassified,no_coordinate,,,,,False,
Puzzle Range Wind Farm,VIC1,-36.9768,145.7108,locality_proxy,,,spatial_join,CN-VIC,medium,Mansfield,CN-VIC,33.04,,False,
Qenos Cogeneration Facility,VIC1,,,,,,spatial_join_excluded,Unclassified,excluded,,,,Cogeneration,False,
Quandong Solar Farm,VIC1,-37.8356,144.5083,locality_proxy,,,spatial_join,SW-VIC,medium,Yaloak South,SW-VIC,26.38,,False,
REWASTE WOLLERT,VIC1,,,,,,no_coordinate,Unclassified,no_coordinate,,,,,False,
Rangebank BESS,VIC1,-38.0851742,145.2599864,OSM_plant,,,spatial_join,CN-VIC,medium,Springvale,CN-VIC,20.11,,False,
Ravenswood BESS,VIC1,,,,,,no_coordinate,Unclassified,no_coordinate,,,,,False,
Ravenswood Solar Farm - FRV,VIC1,,,,,,no_coordinate,Unclassified,no_coordinate,,,,,False,
Red Cliffs Solar & BESS - KCI,VIC1,,,,,,no_coordinate,Unclassified,no_coordinate,,,,,False,
Redcliffs Solar & BESS,VIC1,,,,,,no_coordinate,Unclassified,no_coordinate,,,,,False,
Redcliffs Solar & BESS - KCI,VIC1,,,,,,no_coordinate,Unclassified,no_coordinate,,,,,False,
Rifle Butts Wind Farm,VIC1,,,,,,no_coordinate,Unclassified,no_coordinate,,,,,False,
Riverside BESS - Storage - KCI,VIC1,,,,,,no_coordinate,Unclassified,no_coordinate,,,,,False,
Rubicon BESS,VIC1,,,,,,no_coordinate,Unclassified,no_coordinate,,,,,False,
Rubicon Mountain Streams,VIC1,,,,,,no_coordinate,Unclassified,no_coordinate,,,,,False,
Rubicon Solar Farm,VIC1,,,,,,no_coordinate,Unclassified,no_coordinate,,,,,False,
Ryan Corner Wind Farm,VIC1,,,,,,no_coordinate,Unclassified,no_coordinate,,,,,False,
SALE HOSPITAL - SOLAR,VIC1,,,,,,no_coordinate,Unclassified,no_coordinate,,,,,False,
SCS Shepparton,VIC1,,,,,,no_coordinate,Unclassified,no_coordinate,,,,,False,
SEC Renewable Energy Hub,VIC1,,,,,,no_coordinate,Unclassified,no_coordinate,,,,,False,
Salt Creek Wind Farm,VIC1,-37.917,142.782,manual,prior,SW-VIC,spatial_join,SW-VIC,high,Salt Creek,SW-VIC,1.7,,False,
Seadragon offshore wind project,VIC1,,,,,,no_coordinate,Unclassified,no_coordinate,,,,,False,
Seadragon project,VIC1,,,,,,no_coordinate,Unclassified,no_coordinate,,,,,False,
Seaspray Off Shore Wind Farm,VIC1,,,,,,no_coordinate,Unclassified,no_coordinate,,,,,False,
Seymour Wind Farm,VIC1,,,,,,no_coordinate,Unclassified,no_coordinate,,,,,False,
Seymour Wind Farm - KCI,VIC1,,,,,,no_coordinate,Unclassified,no_coordinate,,,,,False,
Shamic Sheetmetal,VIC1,,,,,,no_coordinate,Unclassified,no_coordinate,,,,,False,
Shepparton,VIC1,,,,,,no_coordinate,Unclassified,no_coordinate,,,,,False,
Shepparton Solar Farm,VIC1,,,,,,no_coordinate,Unclassified,no_coordinate,,,,,False,
Shepparton Wastewater Treatment Facility,VIC1,,,,,,spatial_join_excluded,Unclassified,excluded,,,,Wastewater,False,
Somerton,VIC1,-37.6316151,144.9528442,OSM_plant,,,spatial_join,CN-VIC,high,Doreen,CN-VIC,16.14,,False,
South Morang Battery Energy Storage System,VIC1,,,,,,no_coordinate,Unclassified,no_coordinate,,,,,False,
Southern Ocean,VIC1,,,,,,no_coordinate,Unclassified,no_coordinate,,,,,False,
Southern Winds Offshore Wind,VIC1,,,,,,no_coordinate,Unclassified,no_coordinate,,,,,False,
Spinifex Offshore Wind Farm,VIC1,,,,,,no_coordinate,Unclassified,no_coordinate,,,,,False,
Springvale,VIC1,,,,,,no_coordinate,Unclassified,no_coordinate,,,,,False,
Springvale Energy Hub,VIC1,,,,,,no_coordinate,Unclassified,no_coordinate,,,,,False,
Springvale Energy Hub - BESS,VIC1,-37.971,145.1488,locality_proxy,,,spatial_join,CN-VIC,medium,Springvale,CN-VIC,4.77,,False,
Stanhope BESS Project,VIC1,,,,,,no_coordinate,Unclassified,no_coordinate,,,,,False,
Stanhope BESS Project 01,VIC1,,,,,,no_coordinate,Unclassified,no_coordinate,,,,,False,
Stanhope BESS Project 02,VIC1,,,,,,no_coordinate,Unclassified,no_coordinate,,,,,False,
Stanhope Solar Farm,VIC1,,,,,,no_coordinate,Unclassified,no_coordinate,,,,,False,
Star of The South,VIC1,,,,,,no_coordinate,Unclassified,no_coordinate,,,,,False,
Star of the South Wind Farm,VIC1,,,,,,no_coordinate,Unclassified,no_coordinate,,,,,False,
Stockyard Hill Wind Farm,VIC1,-37.5498108,143.337861,OSM_plant,,,spatial_join,WV,medium,Challicum,WV,26.6,,False,
Stonehaven Gas Turbines,VIC1,-38.123,144.225,locality_proxy,,,spatial_join,SW-VIC,medium,Geelong,SW-VIC,10.88,,False,
Stonehaven Gas Turbines - KCI,VIC1,-38.123,144.225,locality_proxy,,,spatial_join,SW-VIC,medium,Geelong,SW-VIC,10.88,,False,
Swan Hill Solar Farm 1 Unit 1,VIC1,-35.3424715,143.5178218,OSM_plant,,,spatial_join,MR,high,Swan Hill,MR,0.54,,False,
Swan Hill Solar Farm 2 Unit 1,VIC1,-35.3424715,143.5178218,OSM_plant,,,spatial_join,MR,high,Swan Hill,MR,0.54,,False,
Symex,VIC1,,,,,,no_coordinate,Unclassified,no_coordinate,,,,,False,
Tarong BESS,VIC1,,,,,,no_coordinate,Unclassified,no_coordinate,,,,,False,
Tarrone BESS - Storage - KCI,VIC1,-38.17917,142.18107,osm_substation,,,spatial_join,SW-VIC,high,Tarrone,SW-VIC,0.03,,False,
Tarrone GT,VIC1,-38.1789,142.1806,osm_substation,,,spatial_join,SW-VIC,high,Tarrone,SW-VIC,0.02,,False,
Tarrone Wind Farm,VIC1,,,,,,no_coordinate,Unclassified,no_coordinate,,,,,False,
Tatura Biomass Generator,VIC1,,,,,,no_coordinate,Unclassified,no_coordinate,,,,,False,
Tatura East Solar Farm,VIC1,,,,,,no_coordinate,Unclassified,no_coordinate,,,,,False,
Terang BESS,VIC1,,,,,,no_coordinate,Unclassified,no_coordinate,,,,,False,
Terang Battery Energy Storage System,VIC1,,,,,,no_coordinate,Unclassified,no_coordinate,,,,,False,
Terang Battery Energy Storage System (Tilt Renewables),VIC1,-38.24,142.92,proponent_site,,,spatial_join,SW-VIC,high,Terang,SW-VIC,1.32,,False,
Terang Terminal Station,VIC1,,,,,,no_coordinate,Unclassified,no_coordinate,,,,,False,
Thomastown BESS,VIC1,-37.685,145.009,proponent_site,,,spatial_join,CN-VIC,high,Campbells Forest,CN-VIC,12.75,,False,
Thomastown Terminal Station,VIC1,-37.6921,145.00971,osm_substation,,,spatial_join,CN-VIC,high,Campbells Forest,CN-VIC,11.98,,False,
Thomastown Terminal Station - KCI,VIC1,-37.6921,145.00971,osm_substation,,,spatial_join,CN-VIC,high,Campbells Forest,CN-VIC,11.98,,False,
Timboon West Wind Farm,VIC1,-38.5326674,142.9152245,OSM_plant,,,spatial_join,SW-VIC,medium,Cobden,SW-VIC,24.4,,False,
Todae Solar - Nillumbik,VIC1,,,,,,no_coordinate,Unclassified,no_coordinate,,,,,False,
Todae Solar SV - Eltham,VIC1,,,,,,no_coordinate,Unclassified,no_coordinate,,,,,False,
Todae Solar – La Trobe University Bendigo,VIC1,,,,,,no_coordinate,Unclassified,no_coordinate,,,,,False,
Todae Solar – La Trobe University Wodonga,VIC1,,,,,,no_coordinate,Unclassified,no_coordinate,,,,,False,
Toolern Vale BESS,VIC1,,,,,,no_coordinate,Unclassified,no_coordinate,,,,,False,
Toolern Vale Solar Farm,VIC1,,,,,,no_coordinate,Unclassified,no_coordinate,,,,,False,
Toolern Vale Solar Farm_SS,VIC1,,,,,,no_coordinate,Unclassified,no_coordinate,,,,,False,
Toora,VIC1,-38.6449923,146.3428464,OSM_plant,,,spatial_join,GIP,medium,Bald Hills,GIP,36.0,,False,
Tramway BESS,VIC1,,,,,,no_coordinate,Unclassified,no_coordinate,,,,,False,
Tramway Road BESS,VIC1,-38.2812,146.4283,proponent_site,,,spatial_join,GIP,high,Hazelwood,GIP,0.02,,False,
Traralgon Network Support Station,VIC1,,,,,,no_coordinate,Unclassified,no_coordinate,,,,,False,
Tulkara Wind Farm,VIC1,-36.94203,143.05201,locality_proxy,,,spatial_join,WV,medium,Bulgana,WV,12.12,,False,
Tulkara Wind Farm - KCI,VIC1,-36.94203,143.05201,locality_proxy,,,spatial_join,WV,medium,Bulgana,WV,12.12,,False,
Tyabb Terminal Station,VIC1,,,,,,no_coordinate,Unclassified,no_coordinate,,,,,False,
University of Melbourne Archives Brunswick,VIC1,,,,,,no_coordinate,Unclassified,no_coordinate,,,,,False,
University of Melbourne McCoy Carlton,VIC1,,,,,,no_coordinate,Unclassified,no_coordinate,,,,,False,
University of Melbourne Performing Arts Centre Southbank,VIC1,,,,,,no_coordinate,Unclassified,no_coordinate,,,,,False,
University of Melbourne Peter Hall Parkville,VIC1,,,,,,no_coordinate,Unclassified,no_coordinate,,,,,False,
University of Melbourne Sports Centre Parkville,VIC1,,,,,,no_coordinate,Unclassified,no_coordinate,,,,,False,
University of Melbourne The Spot Carlton,VIC1,,,,,,no_coordinate,Unclassified,no_coordinate,,,,,False,
Valley Power,VIC1,-38.2537102,146.5889084,OSM_plant,,,spatial_join,GIP,high,Loy Yang B,GIP,1.55,,False,
Vawdrey Manufacturing,VIC1,,,,,,no_coordinate,Unclassified,no_coordinate,,,,,False,
Victorian Big Battery,VIC1,-38.04,144.29,wikipedia,,,spatial_join,SW-VIC,high,Moorabool,SW-VIC,0.65,,False,
Victorian Big Battery 2,VIC1,-38.04,144.29,wikipedia,,,spatial_join,SW-VIC,high,Moorabool,SW-VIC,0.65,,False,
Victorian Big Battery 2 - Storage - KCI,VIC1,-38.04,144.29,wikipedia,,,spatial_join,SW-VIC,high,Moorabool,SW-VIC,0.65,,False,
Wangaratta Solar Farm,VIC1,,,,,,no_coordinate,Unclassified,no_coordinate,,,,,False,
Wantirna Mini Hydro,VIC1,,,,,,no_coordinate,Unclassified,no_coordinate,,,,,False,
Warracknabeal Wind Farm,VIC1,,,,,,no_coordinate,Unclassified,no_coordinate,,,,,False,
Warrenheip BESS,VIC1,-37.565,143.93,proponent_site,,,spatial_join,WV,high,Ballarat,WV,0.83,,False,
Watta Wella Power Station,VIC1,,,,,,no_coordinate,Unclassified,no_coordinate,,,,,False,
Watta Wella Wind Farm - KCI,VIC1,-36.96,142.89,state_portal,,,spatial_join,WV,high,Bulgana,WV,12.02,,False,
Waubra,VIC1,-37.348915,143.6039866,OSM_plant,,,spatial_join,WV,high,Waubra,WV,0.78,,False,
Waubra BESS - KCI,VIC1,-37.3614,143.6026,proponent_site,,,spatial_join,WV,high,Waubra,WV,0.7,,False,
Waubra North Wind Farm,VIC1,-37.33,143.63,locality_proxy,,,spatial_join,WV,medium,Waubra,WV,3.56,,False,
Waubra North Wind Farm - KCI,VIC1,,,,,,no_coordinate,Unclassified,no_coordinate,,,,,False,
Wemen Solar Farm,VIC1,-34.797409,142.5468508,OSM_plant,,,spatial_join,MR,high,Wemen,MR,2.33,,False,
Wemen TS Syncon,VIC1,,,,,,no_coordinate,Unclassified,no_coordinate,,,,,False,
West Kiewa,VIC1,-36.7600101,147.185743,OSM_plant,,,spatial_join,CN-VIC,high,West Kiewa,CN-VIC,0.01,,False,
West Mokoan BESS,VIC1,-36.4589,145.9951,proponent_site,,,spatial_join,CN-VIC,high,Goorambat,CN-VIC,7.19,,False,
West Mokoan Solar Farm,VIC1,-36.48881,146.1241642,OSM_plant,,,spatial_join,CN-VIC,high,Glenrowan,CN-VIC,0.9,,False,
Willatook,VIC1,,,,,,no_coordinate,Unclassified,no_coordinate,,,,,False,
William Hovel,VIC1,,,,,,no_coordinate,Unclassified,no_coordinate,,,,,False,
Willowvale Solar Farm - KCI,VIC1,,,,,,no_coordinate,Unclassified,no_coordinate,,,,,False,
Wimmera Plains BESs,VIC1,,,,,,no_coordinate,Unclassified,no_coordinate,,,,,False,
Wimmera Plains Wind Farm,VIC1,-36.5522,142.3024,wikipedia,,,spatial_join,WV,high,Horsham,WV,19.55,,False,
Wimmera Plains Wind Farm - KCI,VIC1,,,,,,no_coordinate,Unclassified,no_coordinate,,,,,False,
Winchelsea Gas Turbines,VIC1,-38.2438,143.9933,locality_proxy,,,spatial_join,SW-VIC,medium,Winchelsea,SW-VIC,1.19,,False,
Winchelsea Gas Turbines - KCI,VIC1,-38.2438,143.9933,locality_proxy,,,spatial_join,SW-VIC,medium,Winchelsea,SW-VIC,1.19,,False,
Winton BESS,VIC1,,,,,,no_coordinate,Unclassified,no_coordinate,,,,,False,
Winton BESS - KCI,VIC1,,,,,,no_coordinate,Unclassified,no_coordinate,,,,,False,
Winton Energy Reserve 1,VIC1,-36.56,146.18,proponent_site,,,spatial_join,CN-VIC,high,Glenrowan,CN-VIC,8.53,,False,
Winton North Solar Farm,VIC1,,,,,,no_coordinate,Unclassified,no_coordinate,,,,,False,
Winton Solar Farm,VIC1,-36.50417,146.1244958,OSM_plant,,,spatial_join,CN-VIC,high,Glenrowan,CN-VIC,1.37,,False,
Wodonga BESS,VIC1,-36.18,146.96,osm_substation,,,spatial_join,CN-VIC,high,Wodonga,CN-VIC,2.92,,False,
Wodonga BESS - KCI,VIC1,,,,,,no_coordinate,Unclassified,no_coordinate,,,,,False,
Wodonga Solar Farm,VIC1,,,,,,no_coordinate,Unclassified,no_coordinate,,,,,False,
Wollert,VIC1,-37.5831127,145.0484465,OSM_plant,,,spatial_join,CN-VIC,high,Doreen,CN-VIC,7.94,,False,
Wollert Gas Turbine,VIC1,-37.594,145.0337,locality_proxy,,,spatial_join,CN-VIC,medium,Doreen,CN-VIC,8.9,,False,
Wollert Gas Turbine - KCI,VIC1,-37.594,145.0337,locality_proxy,,,spatial_join,CN-VIC,medium,Doreen,CN-VIC,8.9,,False,
Wombelano Wind Farm,VIC1,,,,,,no_coordinate,Unclassified,no_coordinate,,,,,False,
Wonthaggi Wind Farm,VIC1,-38.6047497,145.5448715,OSM_plant,,,spatial_join,GIP,high,Wonthaggi,GIP,2.74,,False,
Woolsthorpe Wind Farm,VIC1,,,,,,no_coordinate,Unclassified,no_coordinate,,,,,False,
Wooreen Energy Storage System,VIC1,-38.275,146.4257,proponent_site,,,spatial_join,GIP,high,Jeeralang,GIP,0.22,,False,
Wunghnu Solar Farm,VIC1,-36.1644374,145.3935262,OSM_plant,,,spatial_join,CN-VIC,high,Numurkah,CN-VIC,11.77,,False,
Wyndham Renewable Energy Facility,VIC1,,,,,,no_coordinate,Unclassified,no_coordinate,,,,,False,
Yallourn 220kV Connection Gas Turbine,VIC1,-38.17833,146.33917,wikipedia,,,spatial_join,GIP,high,Yallourn,GIP,1.08,,False,
Yallourn 220kV Connection Gas Turbine - KCI,VIC1,-38.17833,146.33917,wikipedia,,,spatial_join,GIP,high,Yallourn,GIP,1.08,,False,
Yallourn 500kV Connection Gas Turbine,VIC1,-38.17833,146.33917,wikipedia,,,spatial_join,GIP,high,Yallourn,GIP,1.08,,False,
Yallourn 500kV Connection Gas Turbine - KCI,VIC1,-38.17833,146.33917,wikipedia,,,spatial_join,GIP,high,Yallourn,GIP,1.08,,False,
Yallourn W,VIC1,-38.1779798,146.3420491,OSM_plant,,,spatial_join,GIP,high,Yallourn,GIP,0.85,,False,
Yaloak South Wind Farm,VIC1,-37.726597,144.2578419,OSM_plant,,,spatial_join,SW-VIC,high,Yaloak South,SW-VIC,1.52,,False,
Yambuk,VIC1,-38.3071314,142.0089579,OSM_plant,,,spatial_join,SW-VIC,high,Yambuk,SW-VIC,1.8,,False,
Yarrawonga,VIC1,-36.0093971,145.9994849,OSM_plant,,,spatial_join,CN-VIC,medium,Goorambat,CN-VIC,47.02,,False,
Yatpool Solar Farm,VIC1,-34.3964493,142.1737615,OSM_plant,,,spatial_join,MR,high,Red Cliffs,MR,12.99,,False,
Yawong Wind Farm,VIC1,-36.4811615,143.3666053,OSM_plant,,,spatial_join,WV,review,Bulgana,WV,70.54,,False,
Yendon Wind Farm,VIC1,-37.6263436,144.0305525,OSM_plant,,,spatial_join,WV,high,Ballarat,WV,11.65,,False,
Zilzie Winery Solar System,VIC1,,,,,,spatial_join_excluded,Unclassified,excluded,,,,Winery,False,
