site_name,catchment,catchment_confidence,merge_rule_applied,method_1_catchment,method_1_confidence,method_2_catchment,method_2_confidence,transmission_catchment,rationale,matched_keyword,best_capacity_mw,technology,fuel,owner,owner_tier,phantom_risk,phantom_flags,notes
Abermain BESS,Unclassified,review,no_coord_m1_backstop,Unclassified,review,,,Unclassified,No rule matched — manual review needed,,200.0,Storage - Battery,Other - Other,FIrm Power P/L,tier_3,0.0,,
Aldi Brendale,SEQ,high,no_coord_m1_backstop,SEQ,high,,,SEQ,SEQ corridor (Brisbane/Ipswich/Toowoomba),Aldi Brendale,0.931,Solar PV - Fixed,Solar,TBA,tier_3,0.0,,
Aldoga BESS Stage 1,CQ,high,no_coord_m1_backstop,CQ,high,,,CQ,CQ corridor (Callide/Gladstone/Isaac),Aldoga,400.0,Storage - Battery,Other - Other,Acciona Energy Australia Global,tier_1,0.0,,
Aldoga Solar Farm,CQ,high,no_coord_m1_backstop,CQ,high,,,CQ,CQ corridor (Callide/Gladstone/Isaac),Aldoga,535.21,Solar PV - Single axis tracking,Solar - Solar,Acciona Energy Australia Global Pty Ltd,tier_1,0.0,,
Alligator Creek BESS,Unclassified,review,no_coord_m1_backstop,Unclassified,review,,,Unclassified,No rule matched — manual review needed,,120.0,Storage - Battery,Other - Other,Alligator Creek BESS Pty Ltd,tier_3,0.0,,
Aramara Solar Farm,Unclassified,review,no_coord_m1_backstop,Unclassified,review,,,Unclassified,No rule matched — manual review needed,,101.4,Solar PV - Single axis tracking,Solar,Aramara Solar Pty Ltd,tier_3,0.0,,
Archer Point Wind Farm,FNQ,high,no_coord_m1_backstop,FNQ,high,,,FNQ,FNQ corridor (Townsville and north),Archer Point,120.0,Wind Turbine - Onshore,Wind,Wind Power Queensland Pty Ltd,tier_3,2.0,stale_proposed_4plus_releases,
Ardandra Solar Farm And BESS,Unclassified,review,no_coord_m1_backstop,Unclassified,review,,,Unclassified,No rule matched — manual review needed,,96.99,Solar PV - Single axis tracking,Solar - Solar,Ardandra SF Pty Ltd as trustee for Ardandra SF Trust,tier_3,0.0,,
Baking Board BESS (MMT),WD,high,no_coord_m1_backstop,WD,high,,,WD,WD substation/Chinchilla corridor,Baking Board,300.0,Storage - Battery,Other - Other,MMT Projects T/A Renewable Projects Management,tier_3,0.0,,
Baking Board Battery Storage - KCI,WD,high,no_coord_m1_backstop,WD,high,,,WD,WD substation/Chinchilla corridor,Baking Board,400.0,Storage - Battery,Solar - Solar, Solar Projects Australia Pty Ltd,tier_3,0.0,,
Baking Board Solar Farm,WD,high,no_coord_m1_backstop,WD,high,,,WD,WD substation/Chinchilla corridor,Baking Board,400.0,,Storage,Solar Projects Australia Pty Ltd,tier_3,2.0,stale_proposed_4plus_releases,
Baking Board Solar Farm (MMT),WD,high,no_coord_m1_backstop,WD,high,,,WD,WD substation/Chinchilla corridor,Baking Board,300.0,Solar PV - Fixed,Solar - Solar,MMT Projects T/A Renewable Projects Management,tier_3,0.0,,
Baking Board Solar Farm - KCI,WD,high,no_coord_m1_backstop,WD,high,,,WD,WD substation/Chinchilla corridor,Baking Board,250.0,Solar PV - Fixed,Solar - Solar, Solar Projects Australia Pty Ltd,tier_3,0.0,,
Baking Board Solar Farm Chinchilla,WD,high,no_coord_m1_backstop,WD,high,,,WD,WD substation/Chinchilla corridor,Chinchilla,14.7,Solar PV - Fixed,Solar,Chinchilla Solar Pty Ltd,tier_3,0.0,,
Banana Range Wind Farm,CQ,high,no_coord_m1_backstop,CQ,high,,,CQ,CQ corridor (Callide/Gladstone/Isaac),Banana Range,450.0,Wind Turbine - Onshore,Wind,Orange Creek Energy Pty Ltd,tier_3,2.0,stale_proposed_4plus_releases,
Banksia Solar Farm,Unclassified,review,no_coord_m1_backstop,Unclassified,review,,,Unclassified,No rule matched — manual review needed,,70.4,Solar PV - Single axis tracking,Solar - Solar,Venn Energy Pty / Banksia Solar Project Pty Ltd,tier_3,0.0,,
Baralaba Solar Farm,CQ,high,no_coord_m1_backstop,CQ,high,,,CQ,CQ corridor (Callide/Gladstone/Isaac),Baralaba,130.0,Solar PV - Fixed,Solar,FRV Services Australia Pty Ltd,tier_3,2.0,stale_proposed_4plus_releases,
Barcaldine Power Station,CQ,high,no_coord_m1_backstop,CQ,high,,,CQ,CQ corridor (Callide/Gladstone/Isaac),Barcaldine,37.0,Turbine - OCGT,Natural Gas Pipeline,Ergon Energy Queensland Pty Ltd,tier_3,0.0,,
Barcaldine Remote Community Solar Farm,CQ,high,no_coord_m1_backstop,CQ,high,,,CQ,CQ corridor (Callide/Gladstone/Isaac),Barcaldine,20.0,Solar PV - Single axis tracking,Solar,Barcaldine Remote Community Solar Farm Pty Ltd,tier_3,0.0,,
Barron Gorge,FNQ,high,no_coord_m1_backstop,FNQ,high,,,FNQ,FNQ corridor (Townsville and north),Barron Gorge,35.0,Hydro - Run of River,Hydro - Water,CleanCo Queensland Limited,tier_1,0.0,,
Barunggam Solar Battery Farm,WD,medium,no_coord_m1_backstop,WD,medium,,,WD,Western Downs region (judgement call),Barunggam,315.0,,Solar,Ubergy Pty Ltd,tier_3,2.0,stale_proposed_4plus_releases,
Barunggam Solar Battery Farm - Battery - KCI,WD,medium,no_coord_m1_backstop,WD,medium,,,WD,Western Downs region (judgement call),Barunggam,100.0,Storage - Battery,Other - Other, Ubergy Pty Ltd ,tier_3,0.0,,
Barunggam Solar Farm - KCI,WD,medium,no_coord_m1_backstop,WD,medium,,,WD,Western Downs region (judgement call),Barunggam,315.0,Solar PV - Fixed,Solar - Solar, Ubergy Pty Ltd,tier_3,0.0,,
Beebo Battary - KCI,SD,high,no_coord_m1_backstop,SD,high,,,SD,Southern Downs corridor (Karara/Warwick/Bulli Creek),Beebo,600.0,Storage - Battery,Other - Other,BEEBO SOLAR FARM PTY LTD as Trustee For BEEBO SOLAR FARM UNIT TRUST,tier_3,1.0,large_tier3,
Beebo Solar Farm - KCI,SD,high,no_coord_m1_backstop,SD,high,,,SD,Southern Downs corridor (Karara/Warwick/Bulli Creek),Beebo,600.0,Solar PV - Fixed,Solar - Solar,BEEBO SOLAR FARM PTY LTD as Trustee For BEEBO SOLAR FARM UNIT TRUST,tier_3,1.0,large_tier3,
Beelbee Solar Farm,DD,high,no_coord_m1_backstop,DD,high,,,DD,Darling Downs corridor (Dalby/Bell),Beelbee,200.0,Solar PV - Single axis tracking,Solar,Darling Downs Solar Farm Pty Ltd,tier_3,2.0,stale_proposed_4plus_releases,
Big G Pumped Hydro Project,Unclassified,review,no_coord_m1_backstop,Unclassified,review,,,Unclassified,No rule matched — manual review needed,,800.0,Storage - Pumped hydro,Hydro - Water,BE Power,tier_2,0.0,,
Big T Pumped Hydro Project,Unclassified,review,no_coord_m1_backstop,Unclassified,review,,,Unclassified,No rule matched — manual review needed,,400.0,Storage - Pumped hydro,Hydro - Water,BE Power,tier_2,0.0,,
Big-T Project,Unclassified,review,no_coord_m1_backstop,Unclassified,review,,,Unclassified,No rule matched — manual review needed,,400.0,Storage - Pumped hydro,Water,BE Power,tier_2,2.0,stale_proposed_4plus_releases,
Birkdale,SEQ,high,no_coord_m1_backstop,SEQ,high,,,SEQ,SEQ corridor (Brisbane/Ipswich/Toowoomba),Birkdale,0.79,Reciprocating Engine - Spark ignition,Renewable Biomass or Waste - Landfill Gas,LMS ENERGY Pty Ltd,tier_3,0.0,,
Blackstone BESS,Unclassified,review,no_coord_m1_backstop,Unclassified,review,,,Unclassified,No rule matched — manual review needed,,331.2,Storage - Battery,Other - Other,FIrm Power P/L,tier_3,0.0,,
Blackstone BESS 2 - KCI,Unclassified,review,no_coord_m1_backstop,Unclassified,review,,,Unclassified,No rule matched — manual review needed,,331.2,Storage - Battery,Other - Other,FIrm Power P/L,tier_3,0.0,,
Blackwater Hybrid System,CQ,high,no_coord_m1_backstop,CQ,high,,,CQ,CQ corridor (Callide/Gladstone/Isaac),Blackwater,270.0,Solar PV - Single axis tracking,Solar - Solar,Blackwater Project Nominees Pty Ltd as trustee for the Blackwater Project Trust,tier_3,2.0,stale_proposed_4plus_releases,
Blackwater Solar Farm,CQ,high,no_coord_m1_backstop,CQ,high,,,CQ,CQ corridor (Callide/Gladstone/Isaac),Blackwater,270.0,,Solar PV,Total Eren,tier_3,0.0,,
Blair Athol Solar Power Station,CQ,high,no_coord_m1_backstop,CQ,high,,,CQ,CQ corridor (Callide/Gladstone/Isaac),Blair Athol,60.0,Solar PV - Fixed,Solar,TerraCom Ltd,tier_3,2.0,stale_proposed_4plus_releases,
Blenheim BESS - KCI,Unclassified,review,no_coord_m1_backstop,Unclassified,review,,,Unclassified,No rule matched — manual review needed,,29.25,Storage - Battery,Solar - Solar, Gatton Solar Farm Pty Ltd,tier_3,0.0,,
Blenheim Solar Farm,Unclassified,review,no_coord_m1_backstop,Unclassified,review,,,Unclassified,No rule matched — manual review needed,,106.0,,Solar,Gatton Solar Farm Pty Ltd ,tier_3,2.0,stale_proposed_4plus_releases,
Blenheim Solar Farm - KCI,Unclassified,review,no_coord_m1_backstop,Unclassified,review,,,Unclassified,No rule matched — manual review needed,,106.0,Solar PV - Fixed,Solar - Solar, Gatton Solar Farm Pty Ltd,tier_3,0.0,,
Bluegrass Solar Farm,CQ,high,no_coord_m1_backstop,CQ,high,,,CQ,CQ corridor (Callide/Gladstone/Isaac),Bluegrass,148.0,Solar PV - Single axis tracking,Solar,X-Elio Australia Pty Ltd,tier_1,0.0,,
Bluff Solar Farm,CQ,high,no_coord_m1_backstop,CQ,high,,,CQ,CQ corridor (Callide/Gladstone/Isaac),Bluff Solar,85.0,Solar PV - Fixed,Solar,Iberdrola Australia Development Pty Ltd,tier_1,1.0,stale_proposed_4plus_releases,
Bogandilla Wind Farm,WD,medium,no_coord_m1_backstop,WD,medium,,,WD,Western Downs region (judgement call),Bogandilla,530.0,Wind Turbine - Onshore,Wind - Wind,RES Australia Pty Ltd,tier_1,0.0,,
Boma Solar Farm,DD,high,no_coord_m1_backstop,DD,high,,,DD,Darling Downs corridor (Dalby/Bell),Boma Solar,15.0,Solar PV - Single axis tracking,Solar,Solis Industria,tier_3,2.0,stale_proposed_4plus_releases,
Boomber Green Energy Hub,WG,high,no_coord_m1_backstop,WG,high,,,WG,Woolooga corridor (Gympie/Maryborough),Boomber,1185.6,Wind Turbine - Onshore,Wind - Wind,Boomer Green Energy Hub Pty Ltd (a subsidiary of the Ark Energy Group),tier_2,2.0,manual_known_phantom,
Boomer Green Energy Hub,WG,high,no_coord_m1_backstop,WG,high,,,WG,Woolooga corridor (Gympie/Maryborough),Boomer,800.0,Other - Other,Other - Other,ARK Energy Corporation Pty Ltd,tier_2,0.0,,
Borumba,WG,high,no_coord_m1_backstop,WG,high,,,WG,Woolooga corridor (Gympie/Maryborough),Borumba,2000.0,Storage - Pumped hydro,Water,Queensland Hydro,tier_1,0.0,,
Borumba Dam Pumped Hydro Energy Storage,WG,high,no_coord_m1_backstop,WG,high,,,WG,Woolooga corridor (Gympie/Maryborough),Borumba,1000.0,Storage - Pumped hydro,Water,,unknown,0.0,,
Borumba Pumped Hydro,WG,high,no_coord_m1_backstop,WG,high,,,WG,Woolooga corridor (Gympie/Maryborough),Borumba,1998.0,Storage - Pumped hydro,Hydro - Water,Queensland Hydro,tier_1,0.0,,
Boulder Creek Wind Farm,CQ,high,no_coord_m1_backstop,CQ,high,,,CQ,CQ corridor (Callide/Gladstone/Isaac),Boulder Creek,372.0,Wind Turbine - Onshore,Wind,Boulder Creek Wind Farm Pty Ltd as trustee for BCWF Unit Trust ABN and BCWF 2 Pty Limited ,tier_3,0.0,,
Boulder Creek Wind Farm with BESS,CQ,high,no_coord_m1_backstop,CQ,high,,,CQ,CQ corridor (Callide/Gladstone/Isaac),Boulder Creek,466.0,,Wind,Epuron Projects Pty Ltd,tier_3,0.0,,
Bouldercombe Battery,CQ,high,no_coord_m1_backstop,CQ,high,,,CQ,CQ corridor (Callide/Gladstone/Isaac),Bouldercombe,100.0,Storage - Battery,Other,Genex Power Limited,tier_1,0.0,,
Bouldercombe Battery project,CQ,high,no_coord_m1_backstop,CQ,high,,,CQ,CQ corridor (Callide/Gladstone/Isaac),Bouldercombe,50.0,Storage - Battery,Other,Genex Power Limited,tier_1,0.0,,
Bouldercombe Battery project - Stage 2 - KCI,CQ,high,no_coord_m1_backstop,CQ,high,,,CQ,CQ corridor (Callide/Gladstone/Isaac),Bouldercombe,50.0,Storage - Battery,Other - Other,Genex Power Limited,tier_1,0.0,,
Bouldercombe North BESS - Quintas,CQ,high,no_coord_m1_backstop,CQ,high,,,CQ,CQ corridor (Callide/Gladstone/Isaac),Bouldercombe,400.0,Storage - Battery,Other - Other,Bouldercombe North BESS Pty Ltd,tier_3,0.0,,
Bouldercombe Solar Farm,CQ,high,no_coord_m1_backstop,CQ,high,,,CQ,CQ corridor (Callide/Gladstone/Isaac),Bouldercombe,200.0,Solar PV - Fixed,Solar,EEW Eco Energy World Ltd,tier_3,2.0,stale_proposed_4plus_releases,
Bouldercombe Solar Farm + BESS,CQ,high,no_coord_m1_backstop,CQ,high,,,CQ,CQ corridor (Callide/Gladstone/Isaac),Bouldercombe,286.0,,Solar,ENEL Green Power Australia Pty Ltd,tier_1,1.0,stale_proposed_4plus_releases,
Bouldercombe Solar Farm - KCI,CQ,high,no_coord_m1_backstop,CQ,high,,,CQ,CQ corridor (Callide/Gladstone/Isaac),Bouldercombe,286.0,Solar PV - Fixed,Solar - Solar, ENEL Green Power Australia Pty Ltd,tier_1,0.0,,
Bouldercombe Solar Farm BESS - KCI,CQ,high,no_coord_m1_backstop,CQ,high,,,CQ,CQ corridor (Callide/Gladstone/Isaac),Bouldercombe,150.0,Storage - Battery,Solar - Solar, ENEL Green Power Australia Pty Ltd,tier_1,0.0,,
Bowen Basin Sun Farm - KCI,CQ,high,no_coord_m1_backstop,CQ,high,,,CQ,CQ corridor (Callide/Gladstone/Isaac),Bowen,130.0,Solar PV - Fixed,Solar - Solar,Bowen Basin Sun Farm Pty Ltd,tier_3,0.0,,
Bowen PHES,CQ,high,no_coord_m1_backstop,CQ,high,,,CQ,CQ corridor (Callide/Gladstone/Isaac),Bowen,750.0,Storage - Pumped hydro,Water,Blue Hydro Project Pty Ltd,tier_3,1.0,large_tier3,
Bowen PHES - KCI,CQ,high,no_coord_m1_backstop,CQ,high,,,CQ,CQ corridor (Callide/Gladstone/Isaac),Bowen,750.0,Hydro - Dam,Hydro - Water, Blue Hydro Project Pty Ltd,tier_3,1.0,large_tier3,
Bracewell Energy Park,CQ,high,no_coord_m1_backstop,CQ,high,,,CQ,CQ corridor (Callide/Gladstone/Isaac),Bracewell,500.11,Solar PV - Single axis tracking,Solar - Solar,TE H2 Australia,tier_1,0.0,,
Bracewell Energy Project,CQ,high,no_coord_m1_backstop,CQ,high,,,CQ,CQ corridor (Callide/Gladstone/Isaac),Bracewell,500.11,Solar PV - Single axis tracking,Solar - Solar,TotalEnergies Renewables Australia,tier_3,1.0,large_tier3,
Braemar,DD,medium,no_coord_m1_backstop,DD,medium,,,DD,DD region (Dalby corridor — judgement call),Braemar,188.0,Turbine - OCGT,Coal Seam Methane,Braemar Power Project Pty Ltd,tier_3,0.0,,
Braemar 2 Power Station,DD,medium,no_coord_m1_backstop,DD,medium,,,DD,DD region (Dalby corridor — judgement call),Braemar,173.0,Turbine - OCGT,Coal Seam Methane,NewGen Braemar 2 Partnership comprising Arrow Braemar 2 Pty Ltd and Arrow Southern Generation Pty Ltd,tier_3,0.0,,
Braemar BESS,DD,medium,no_coord_m1_backstop,DD,medium,,,DD,DD region (Dalby corridor — judgement call),Braemar,500.0,Storage - Battery,Other - Other,Braemar Power Project Pty Ltd,tier_3,1.0,large_tier3,
Brampton Solar Farm,CQ,high,no_coord_m1_backstop,CQ,high,,,CQ,CQ corridor (Callide/Gladstone/Isaac),Brampton,58.0,Wind Turbine - Onshore,Wind - Wind,Edify Energy Pty Ltd,tier_2,0.0,,
Bremer Battery 1,SEQ,high,no_coord_m1_backstop,SEQ,high,,,SEQ,SEQ corridor (Brisbane/Ipswich/Toowoomba),Bremer,212.0,Storage - Battery,Other - Other,Libra Energy Pty Ltd,tier_3,0.0,,
Bremer Battery 2,SEQ,high,no_coord_m1_backstop,SEQ,high,,,SEQ,SEQ corridor (Brisbane/Ipswich/Toowoomba),Bremer,212.0,Storage - Battery,Other - Other,Libra Energy Pty Ltd,tier_3,0.0,,
Bremer Battery 3,SEQ,high,no_coord_m1_backstop,SEQ,high,,,SEQ,SEQ corridor (Brisbane/Ipswich/Toowoomba),Bremer,212.0,Storage - Battery,Other - Other,Libra Energy Pty Ltd,tier_3,0.0,,
Bremer Battery 4,SEQ,high,no_coord_m1_backstop,SEQ,high,,,SEQ,SEQ corridor (Brisbane/Ipswich/Toowoomba),Bremer,212.0,Storage - Battery,Other - Other,Libra Energy Pty Ltd,tier_3,0.0,,
Brendale BESS,SEQ,high,no_coord_m1_backstop,SEQ,high,,,SEQ,SEQ corridor (Brisbane/Ipswich/Toowoomba),Brendale,204.96,Storage - Battery,Other - Other,Brendale Battery ProjectCo Pty Lt,tier_3,0.0,,
Brigalow GT (Kogan Creek GT),WD,high,no_coord_m1_backstop,WD,high,,,WD,WD substation/Chinchilla corridor,Kogan Creek,400.0,Turbine - OCGT,Fossil - Natural Gas,CSE H2 Pty Ltd,tier_3,0.0,,
Broadlea Solar Farm,CQ,high,no_coord_m1_backstop,CQ,high,,,CQ,CQ corridor (Callide/Gladstone/Isaac),Broadlea,90.0,Solar PV - Single axis tracking,Solar,EEW Eco Energy World,tier_3,2.0,stale_proposed_4plus_releases,
Broadsound Solar Farm,CQ,high,no_coord_m1_backstop,CQ,high,,,CQ,CQ corridor (Callide/Gladstone/Isaac),Broadsound,400.0,Solar PV - Single axis tracking,Solar - Solar,Broadsound Solar Farm Pty Ltd,tier_3,0.0,,
Broadsound_BESS,CQ,high,no_coord_m1_backstop,CQ,high,,,CQ,CQ corridor (Callide/Gladstone/Isaac),Broadsound,240.0,Storage - Battery,Other - Other,Broadsound Solar Farm Pty Ltd,tier_3,0.0,,
Brooyer BESS,WG,high,no_coord_m1_backstop,WG,high,,,WG,Woolooga corridor (Gympie/Maryborough),Brooyer,250.0,,Storage,Res Group,tier_3,0.0,,
Browns Plains,SEQ,high,no_coord_m1_backstop,SEQ,high,,,SEQ,SEQ corridor (Brisbane/Ipswich/Toowoomba),Browns Plains,1.15,Reciprocating Engine - Spark ignition,Landfill Gas,EDL LFG (Qld) Pty Ltd,tier_3,0.0,,
Bulli Creek BESS (Trina),SD,high,no_coord_m1_backstop,SD,high,,,SD,Southern Downs corridor (Karara/Warwick/Bulli Creek),Bulli Creek,450.0,Storage - Battery,Other - Other,Bulli Creek Hybrid Nominee Pty Ltd on behalf of Bulli Creek Hybrid Trust,tier_3,0.0,,
Bulli Creek Battery,SD,high,no_coord_m1_backstop,SD,high,,,SD,Southern Downs corridor (Karara/Warwick/Bulli Creek),Bulli Creek,400.0,Storage - Battery,Other - Other,Genex Power Limited,tier_1,0.0,,
Bulli Creek Solar Farm,SD,high,no_coord_m1_backstop,SD,high,,,SD,Southern Downs corridor (Karara/Warwick/Bulli Creek),Bulli Creek,1476.0,Solar PV - Single axis tracking,Solar,Genex Power Limited,tier_1,1.0,stale_proposed_4plus_releases,
Bulli Creek Solar Farm (Trina),SD,high,no_coord_m1_backstop,SD,high,,,SD,Southern Downs corridor (Karara/Warwick/Bulli Creek),Bulli Creek,450.0,Solar PV - Fixed,Solar - Solar,Bulli Creek Hybrid Nominee Pty Ltd on behalf of Bulli Creek Hybrid Trust,tier_3,0.0,,
Bulli Creek Solar Farm – Future Stages,SD,high,no_coord_m1_backstop,SD,high,,,SD,Southern Downs corridor (Karara/Warwick/Bulli Creek),Bulli Creek,1025.0,Solar PV - Single axis tracking,Solar,Solar Choice Pty Ltd,tier_3,1.0,large_tier3,
Bulli Creek Solar Farm – Stage 1,SD,high,no_coord_m1_backstop,SD,high,,,SD,Southern Downs corridor (Karara/Warwick/Bulli Creek),Bulli Creek,475.0,Solar PV - Single axis tracking,Solar,Solar Choice Pty Ltd,tier_3,0.0,,
Bullyard Solar Farm,Unclassified,review,no_coord_m1_backstop,Unclassified,review,,,Unclassified,No rule matched — manual review needed,,97.0,Solar PV - Single axis tracking,Solar,EE Solar 9 Pty Ltd as trustee for the EE Solar 9 Trust,tier_3,0.0,,
Bundaberg Renewable Energy Park,WG,medium,no_coord_m1_backstop,WG,medium,,,WG,Wide Bay region (judgement call),Bundaberg,500.0,Storage - Battery,Other - Other,Bundaberg Renewable Energy Park,tier_3,2.0,manual_known_phantom,
Bundaberg Solar Farm,WG,medium,no_coord_m1_backstop,WG,medium,,,WG,Wide Bay region (judgement call),Bundaberg,78.0,Solar PV - Single axis tracking,Solar - Solar,Bundaberg Development Pty Ltd,tier_3,0.0,,
Bungaban BESS,DD,high,no_coord_m1_backstop,DD,high,,,DD,Darling Downs corridor (Dalby/Bell),Bungaban,350.0,Storage - Battery,Other - Other,Windlab Developments Pty Ltd,tier_2,0.0,,
Bungaban Wind Farm,DD,high,no_coord_m1_backstop,DD,high,,,DD,Darling Downs corridor (Dalby/Bell),Bungaban,1400.0,Wind Turbine - Onshore,Wind - Wind, Windlab Developments Pty Ltd,tier_2,2.0,stale_proposed_4plus_releases,
Bunkers Hill Pumped Hydro,SD,high,no_coord_m1_backstop,SD,high,,,SD,Southern Downs corridor (Karara/Warwick/Bulli Creek),Bunkers Hill Pumped,296.0,Hydro - Dam,Hydro - Water,Pacific Hydro,tier_3,0.0,,
Bunkers Hill Wind Farm,SD,high,no_coord_m1_backstop,SD,high,,,SD,Southern Downs corridor (Karara/Warwick/Bulli Creek),Bunkers Hill Wind,500.0,Wind Turbine - Onshore,Wind - Wind,Pacific Hydro,tier_3,1.0,large_tier3,
Burdekin BESS,FNQ,high,no_coord_m1_backstop,FNQ,high,,,FNQ,FNQ corridor (Townsville and north),Burdekin,500.4,Storage - Battery,Other - Other,BURDEKIN SOLAR FARM PTY LTD ATF BURDEKIN GENESIS PROJECT TRUST,tier_3,1.0,large_tier3,
Burdekin Solar Farm,FNQ,high,no_coord_m1_backstop,FNQ,high,,,FNQ,FNQ corridor (Townsville and north),Burdekin,140.0,,Solar,Ace Power,tier_3,0.0,,
Burdekin Solar Farm - KCI,FNQ,high,no_coord_m1_backstop,FNQ,high,,,FNQ,FNQ corridor (Townsville and north),Burdekin,140.0,Solar PV - Single axis tracking,Solar - Solar,BURDEKIN SOLAR FARM PTY LTD ATF BURDEKIN GENESIS PROJECT TRUST,tier_3,0.0,,
Burrenbring Wind Farm,DD,medium,no_coord_m1_backstop,DD,medium,,,DD,DD region (Dalby corridor — judgement call),Burrenbring,360.0,Wind Turbine - Onshore,Wind - Wind,Iberdrola Australia Development Pty Limited,tier_1,0.0,,
CQH2 Phase 1 - HPF,CQ,high,no_coord_m1_backstop,CQ,high,,,CQ,CQ corridor (Callide/Gladstone/Isaac),CQH2,500.0,Other - Other,Other,Stanwell Corporation Ltd,tier_1,0.0,,
Callide B,CQ,high,no_coord_m1_backstop,CQ,high,,,CQ,CQ corridor (Callide/Gladstone/Isaac),Callide,350.0,Turbine - Steam Sub Critical,Black Coal,CS Energy,tier_1,0.0,,
Callide C,CQ,high,no_coord_m1_backstop,CQ,high,,,CQ,CQ corridor (Callide/Gladstone/Isaac),Callide,424.0,Turbine - Steam Super Critical,Black Coal,Joint Venture; Callide Energy Pty Ltd and IG Power (Callide) Ltd. ,tier_3,0.0,,
Callide Energy Hub - KCI,CQ,high,no_coord_m1_backstop,CQ,high,,,CQ,CQ corridor (Callide/Gladstone/Isaac),Callide,200.0,Storage - Battery,Other - Other,CSE BESS P/L,tier_3,0.0,,
Callide Gas Peaker - KCI,CQ,high,no_coord_m1_backstop,CQ,high,,,CQ,CQ corridor (Callide/Gladstone/Isaac),Callide,750.0,Turbine - Other,Other - Other,CSE H2 Pty Ltd,tier_3,1.0,large_tier3,
Callide Power Station BESS,CQ,high,no_coord_m1_backstop,CQ,high,,,CQ,CQ corridor (Callide/Gladstone/Isaac),Callide,200.0,Storage - Battery,Other - Other,Edify Energy Pty Ltd,tier_2,0.0,,
Callide Power Station Solar Farm,CQ,high,no_coord_m1_backstop,CQ,high,,,CQ,CQ corridor (Callide/Gladstone/Isaac),Callide,200.0,Solar PV - Fixed,Solar - Solar,Edify Energy Pty Ltd,tier_2,0.0,,
Callide Solar Power Station BESS,CQ,high,no_coord_m1_backstop,CQ,high,,,CQ,CQ corridor (Callide/Gladstone/Isaac),Callide,210.0,Storage - Battery,Other - Other,Edify Energy Pty Ltd,tier_2,0.0,,
Callide Wind Farm,CQ,high,no_coord_m1_backstop,CQ,high,,,CQ,CQ corridor (Callide/Gladstone/Isaac),Callide,450.0,,Wind,DP Green Energy Pty Limited,tier_3,2.0,stale_proposed_4plus_releases,
Callide Wind Farm - KCI,CQ,high,no_coord_m1_backstop,CQ,high,,,CQ,CQ corridor (Callide/Gladstone/Isaac),Callide,450.0,Wind Turbine - Onshore,Wind - Wind, DP Energy Pty Ltd,tier_3,0.0,,
Calliope BESS,CQ,high,no_coord_m1_backstop,CQ,high,,,CQ,CQ corridor (Callide/Gladstone/Isaac),Calliope,300.0,Other - Other,Other - Other,ekuenergy_nr,tier_3,1.0,owner_junk:_NR$; owner_junk:^[a-z],
Caloundra Renewable Energy Facility,WG,medium,no_coord_m1_backstop,WG,medium,,,WG,Wide Bay region (judgement call),Caloundra,0.85,Reciprocating Engine - Spark ignition,Landfill Gas,LMS_NR,tier_3,1.0,owner_junk:_NR$,
Calvale BESS,CQ,high,no_coord_m1_backstop,CQ,high,,,CQ,CQ corridor (Callide/Gladstone/Isaac),Calvale,500.0,Storage - Battery,Other - Other,Lightsource BP,tier_1,0.0,,
Calvale LDES BESS,CQ,high,no_coord_m1_backstop,CQ,high,,,CQ,CQ corridor (Callide/Gladstone/Isaac),Calvale,450.0,Storage - Battery,Other - Other,Released Energy Pty Ltd,tier_3,0.0,,
Calvale Solar Farm,CQ,high,no_coord_m1_backstop,CQ,high,,,CQ,CQ corridor (Callide/Gladstone/Isaac),Calvale,500.0,Solar PV - Fixed,Solar - Solar,Lightsource BP,tier_1,0.0,,
Cape York Battery Power Plant - Solar,FNQ,high,no_coord_m1_backstop,FNQ,high,,,FNQ,FNQ corridor (Townsville and north),Cape York,54.985,Solar PV - Single axis tracking,Solar,Lyon Solar,tier_3,0.0,,
Cape York Battery Power Plant - Storage,FNQ,high,no_coord_m1_backstop,FNQ,high,,,FNQ,FNQ corridor (Townsville and north),Cape York,20.0,Storage - Battery,Other,Lyon Solar,tier_3,0.0,,
Capricorn BESS - KCI,CQ,high,no_coord_m1_backstop,CQ,high,,,CQ,CQ corridor (Callide/Gladstone/Isaac),Capricorn,704.0,Storage - Battery,Other - Other,ENEL Green Power Australia,tier_1,0.0,,
Capricornia Energy Hub (CEH) PHES,CQ,high,no_coord_m1_backstop,CQ,high,,,CQ,CQ corridor (Callide/Gladstone/Isaac),Capricorn,750.0,Storage - Pumped hydro,Hydro - Water,CI QLD PHES PTY LTD,tier_3,1.0,large_tier3,
Captains Mountain Wind Farm,DD,high,no_coord_m1_backstop,DD,high,,,DD,Darling Downs corridor (Dalby/Bell),Captains Mountain,403.2,Wind Turbine - Onshore,Wind,vestas_NR,tier_1,1.0,stale_proposed_4plus_releases,
Cattle Creek Wind Farm - KCI,FNQ,high,no_coord_m1_backstop,FNQ,high,,,FNQ,FNQ corridor (Townsville and north),Cattle Creek,798.0,Wind Turbine - Onshore,Wind - Wind,RWE Renewables Australia Pty Ltd,tier_1,1.0,stale_proposed_4plus_releases,
Central Renewable Energy Zone BESS,Unclassified,review,no_coord_m1_backstop,Unclassified,review,,,Unclassified,No rule matched — manual review needed,,150.0,Storage - Battery,Other,Stanwell Corporation Ltd,tier_1,0.0,,
Chalumbin Wind Farm,FNQ,high,no_coord_m1_backstop,FNQ,high,,,FNQ,FNQ corridor (Townsville and north),Chalumbin,658.0,Wind Turbine - Onshore,Wind,ARK Energy Corporation Pty Ltd,tier_2,2.0,stale_proposed_4plus_releases,
Chances Plain Solar Farm,Unclassified,review,no_coord_m1_backstop,Unclassified,review,,,Unclassified,No rule matched — manual review needed,,126.0,Solar PV - Single axis tracking,Solar,juwi Renewable Energy Pty Ltd,tier_3,2.0,stale_proposed_4plus_releases,
Childers Solar Farm,WG,medium,no_coord_m1_backstop,WG,medium,,,WG,Wide Bay region (judgement call),Childers,64.38,Solar PV - Single axis tracking,Solar,Childers Solar Pty Ltd as trustee for the Childers Solar Trust,tier_3,0.0,,
Chillamurra Solar Farm,SD,high,no_coord_m1_backstop,SD,high,,,SD,Southern Downs corridor (Karara/Warwick/Bulli Creek),Chillamurra,3.6,Solar PV - Fixed,Solar,Chillamurra Solar Pty Ltd,tier_3,0.0,,
Chinchilla BESS,WD,high,no_coord_m1_backstop,WD,high,,,WD,WD substation/Chinchilla corridor,Chinchilla,100.0,Storage - Battery,Other,CSE BESS Pty Ltd,tier_3,0.0,,
Chinchilla Solar Farm,WD,high,no_coord_m1_backstop,WD,high,,,WD,WD substation/Chinchilla corridor,Chinchilla,113.16,Solar PV - Single axis tracking,Solar - Solar,First Solar Australia Pty Ltd,tier_3,0.0,,
Chinchilla Solar Farm - First Solar,WD,high,no_coord_m1_backstop,WD,high,,,WD,WD substation/Chinchilla corridor,Chinchilla,113.16,Solar PV - Single axis tracking,Solar,First Solar Australia Pty Ltd,tier_3,2.0,stale_proposed_4plus_releases,
Churchill Abattoir,SEQ,high,no_coord_m1_backstop,SEQ,high,,,SEQ,SEQ corridor (Brisbane/Ipswich/Toowoomba),Churchill Abattoir,0.91,Solar PV - Fixed,Solar,TBA,tier_3,0.0,,
Clare Solar Farm,FNQ,high,no_coord_m1_backstop,FNQ,high,,,FNQ,FNQ corridor (Townsville and north),Clare Solar,110.4,Solar PV - Single axis tracking,Solar,Clare Asset Co Pty Ltd ATF Clare Asset Trust,tier_3,0.0,,
Clarke Creek 2 BESS - KCI,CQ,high,no_coord_m1_backstop,CQ,high,,,CQ,CQ corridor (Callide/Gladstone/Isaac),Clarke Creek,,Storage - Battery,Other - Other,Isaac Wind and Solar Energy Pty Ltd,tier_3,0.0,,
Clarke Creek Solar Farm,CQ,high,no_coord_m1_backstop,CQ,high,,,CQ,CQ corridor (Callide/Gladstone/Isaac),Clarke Creek,350.0,Solar PV - Single axis tracking,Solar,Pacific Hydro Australia Development Pty Ltd.,tier_3,2.0,stale_proposed_4plus_releases,
Clarke Creek Wind Farm,CQ,high,no_coord_m1_backstop,CQ,high,,,CQ,CQ corridor (Callide/Gladstone/Isaac),Clarke Creek,346.5,Wind Turbine - Onshore,Wind,Squadron Energy Services Pty Ltd,tier_1,0.0,,
Clarke Creek Wind Farm Stage 2,CQ,high,no_coord_m1_backstop,CQ,high,,,CQ,CQ corridor (Callide/Gladstone/Isaac),Clarke Creek,696.0,Wind Turbine - Onshore,Wind - Wind,Squadron Energy Services Pty Ltd,tier_1,0.0,,
Clarke Creek Wind and Solar Farm - Solar,CQ,high,no_coord_m1_backstop,CQ,high,,,CQ,CQ corridor (Callide/Gladstone/Isaac),Clarke Creek,200.0,Solar PV - Fixed,Solar,Squadron Energy,tier_1,1.0,stale_proposed_4plus_releases,
Clarke Creek Wind and Solar Farm - Wind,CQ,high,no_coord_m1_backstop,CQ,high,,,CQ,CQ corridor (Callide/Gladstone/Isaac),Clarke Creek,,Wind Turbine - Onshore,Wind,Lacour Energy,tier_3,0.0,,
CleanCo Wind Farm (Small Mac),SD,medium,no_coord_m1_backstop,SD,medium,,,SD,SD region (Millmerran/Inglewood corridor),CleanCo Wind,103.0,,Wind Turbine,ACCIONA Energy Australia Global Pty Ltd,tier_1,0.0,,
CleanCo Wind Farm - KCI,SD,medium,no_coord_m1_backstop,SD,medium,,,SD,SD region (Millmerran/Inglewood corridor),CleanCo Wind,102.6,Wind Turbine - Onshore,Wind - Wind, ACCIONA Energy Australia Global Pty Ltd,tier_1,0.0,,
Clermont Solar Farm,CQ,high,no_coord_m1_backstop,CQ,high,,,CQ,CQ corridor (Callide/Gladstone/Isaac),Clermont,92.5,Solar PV - Single axis tracking,Solar,Clermont Asset Co Pty Ltd as Trustee for Clerrmont Solar Unit Trust,tier_3,0.0,,
Collinsville Coal Fired Power Station Project,CQ,high,no_coord_m1_backstop,CQ,high,,,CQ,CQ corridor (Callide/Gladstone/Isaac),Collinsville,990.0,,Other,Shine Energy,tier_3,2.0,manual_known_phantom,
Collinsville Coal Fired Power Station Project - KCI,CQ,high,no_coord_m1_backstop,CQ,high,,,CQ,CQ corridor (Callide/Gladstone/Isaac),Collinsville,990.0,Other - Other,Fossil - Black Coal, Shine Energy,tier_3,1.0,large_tier3,
Collinsville Green Energy Hub,CQ,high,no_coord_m1_backstop,CQ,high,,,CQ,CQ corridor (Callide/Gladstone/Isaac),Collinsville,2839.2,Wind Turbine - Onshore,Wind - Wind,COLLINSVILLE GREEN ENERGY HUB PTY LTD ,tier_3,2.0,manual_known_phantom,
Collinsville North Battery Project,CQ,high,no_coord_m1_backstop,CQ,high,,,CQ,CQ corridor (Callide/Gladstone/Isaac),Collinsville,150.0,Storage - Battery,Other,TBSOL,tier_3,2.0,stale_proposed_4plus_releases,
Collinsville North Solar Project,CQ,high,no_coord_m1_backstop,CQ,high,,,CQ,CQ corridor (Callide/Gladstone/Isaac),Collinsville,120.0,Solar PV - Fixed,Solar,Vena Energy,tier_1,0.0,,
Collinsville PV,CQ,high,no_coord_m1_backstop,CQ,high,,,CQ,CQ corridor (Callide/Gladstone/Isaac),Collinsville,42.5,Solar PV - Fixed,Solar,Ratch Australia,tier_2,0.0,,
Colosseum Solar Farm,CQ,high,no_coord_m1_backstop,CQ,high,,,CQ,CQ corridor (Callide/Gladstone/Isaac),Colosseum,400.0,Solar PV - Fixed,Solar - Solar,Global Power Generation Australia Pty Ltd,tier_3,0.0,,
Columboola BESS,WD,high,no_coord_m1_backstop,WD,high,,,WD,WD substation/Chinchilla corridor,Columboola,700.0,Storage - Battery,Other,Columboola BESS Nominees Pty Ltd,tier_3,1.0,large_tier3,
Columboola BESS - KCI,WD,high,no_coord_m1_backstop,WD,high,,,WD,WD substation/Chinchilla corridor,Columboola,400.0,Storage - Battery,Other - Other,StorEnergy P/L,tier_3,0.0,,
Columboola Solar Farm,WD,high,no_coord_m1_backstop,WD,high,,,WD,WD substation/Chinchilla corridor,Columboola,217.25,Solar PV - Single axis tracking,Solar,Luminous Energy,tier_3,0.0,,
Comet Energy Park,CQ,high,no_coord_m1_backstop,CQ,high,,,CQ,CQ corridor (Callide/Gladstone/Isaac),Comet,120.0,Storage - Battery,Other - Other,Comet Energy Pty Ltd,tier_3,0.0,,
Comet Solar Farm,CQ,high,no_coord_m1_backstop,CQ,high,,,CQ,CQ corridor (Callide/Gladstone/Isaac),Comet,159.5,Solar PV - Single axis tracking,Solar,Comet Solar Farm Pty Ltd,tier_3,0.0,,
Condamine A,WD,medium,no_coord_m1_backstop,WD,medium,,,WD,Western Downs region (judgement call),Condamine A,87.4,Turbine - CCGT,Coal Seam Methane,QGC Sales QLD Pty Ltd,tier_3,0.0,,
Coopers Gap Wind Farm,TG,high,no_coord_m1_backstop,TG,high,,,TG,Tarong corridor (Tarong PS/Kingaroy),Coopers Gap,330.33,Wind Turbine - Onshore,Wind,PARF Company 6 Pty Limited,tier_3,0.0,,
Cooroy BESS,WG,high,no_coord_m1_backstop,WG,high,,,WG,Woolooga corridor (Gympie/Maryborough),Cooroy,100.0,Storage - Battery,Other - Other,Enervest Operations Pty Ltd,tier_3,0.0,,
Cross Roads Energy Solar Farm,DD,high,no_coord_m1_backstop,DD,high,,,DD,Darling Downs corridor (Dalby/Bell),Cross Roads,650.0,,Solar,Crossroads Energy Pty Ltd,tier_3,1.0,large_tier3,
Cross Roads Energy Solar Farm - KCI,DD,high,no_coord_m1_backstop,DD,high,,,DD,Darling Downs corridor (Dalby/Bell),Cross Roads,650.0,Solar PV - Fixed,Solar - Solar, Crossroads Energy Pty Ltd,tier_3,1.0,large_tier3,
Croydon Hybrid Facility - Solar And BESS,CQ,high,no_coord_m1_backstop,CQ,high,,,CQ,CQ corridor (Callide/Gladstone/Isaac),Croydon,500.0,Solar PV - Fixed,Solar - Solar,ACEnergy Pty Ltd,tier_2,0.0,,
Daandine Power Station,WD,high,no_coord_m1_backstop,WD,high,,,WD,WD substation/Chinchilla corridor,Daandine,33.143,Reciprocating Engine - Compression ignition,Coal Seam Methane,APT Petroleum Pipeline Holdings Pty Ltd.,tier_3,0.0,,
Dalby Solar Farm,DD,medium,no_coord_m1_backstop,DD,medium,,,DD,DD region (Dalby corridor — judgement call),Dalby,30.001,Solar PV - Single axis tracking,Solar,Dalby Asset Trust,tier_3,2.0,stale_proposed_4plus_releases,
Darling Downs,DD,high,no_coord_m1_backstop,DD,high,,,DD,Darling Downs corridor (Dalby/Bell),Darling Downs,364.5,Turbine - CCGT,Coal Seam Methane,Origin Energy Power Limited,tier_1,0.0,,
Darling Downs BESS (APA),DD,high,no_coord_m1_backstop,DD,high,,,DD,Darling Downs corridor (Dalby/Bell),Darling Downs,200.0,Storage - Battery,Other - Other,APA Group,tier_1,0.0,,
Darling Downs Battery,DD,high,no_coord_m1_backstop,DD,high,,,DD,Darling Downs corridor (Dalby/Bell),Darling Downs,500.0,Storage - Battery,Other,BORAL,tier_3,2.0,stale_proposed_4plus_releases,
Darling Downs Power Station 2,DD,high,no_coord_m1_backstop,DD,high,,,DD,Darling Downs corridor (Dalby/Bell),Darling Downs,500.0,Turbine - OCGT,Geothermal - Other,Origin Energy,tier_1,0.0,,
Darling Downs Solar Farm,DD,high,no_coord_m1_backstop,DD,high,,,DD,Darling Downs corridor (Dalby/Bell),Darling Downs,121.0,Solar PV - Fixed,Solar,Darling Downs Solar Farm Pty Ltd,tier_3,0.0,,
Dawson Wind Farm,CQ,high,no_coord_m1_backstop,CQ,high,,,CQ,CQ corridor (Callide/Gladstone/Isaac),Dawson Wind,560.0,Wind Turbine - Onshore,Wind - Wind,Highland Energy Australia Pty Ltd,tier_2,0.0,,
Daydream Solar Farm,CQ,high,no_coord_m1_backstop,CQ,high,,,CQ,CQ corridor (Callide/Gladstone/Isaac),Daydream,167.75,Solar PV - Single axis tracking,Solar,The Daydream Solar Farm Trust,tier_3,0.0,,
Dingo Solar Farm,CQ,high,no_coord_m1_backstop,CQ,high,,,CQ,CQ corridor (Callide/Gladstone/Isaac),Dingo,85.0,Solar PV - Fixed,Solar,ESCO Pacific,tier_2,2.0,stale_proposed_4plus_releases,
Dugald River Wind Faarm,FNQ,high,no_coord_m1_backstop,FNQ,high,,,FNQ,FNQ corridor (Townsville and north),Dugald River,144.0,Wind Turbine - Onshore,Wind - Wind,MMG,tier_3,0.0,,
Dulacca Solar,DD,high,no_coord_m1_backstop,DD,high,,,DD,Darling Downs corridor (Dalby/Bell),Dulacca,96.99,Solar PV - Single axis tracking,Solar - Solar,juwi Renewable Energy Pty Ltd,tier_3,1.0,owner_junk:^[a-z],
Dulacca Solar Farm,DD,high,no_coord_m1_backstop,DD,high,,,DD,Darling Downs corridor (Dalby/Bell),Dulacca,84.0,Solar PV - Single axis tracking,Solar,juwi Renewable Energy Pty Ltd,tier_3,1.0,owner_junk:^[a-z],
Dulacca Wind Farm,DD,high,no_coord_m1_backstop,DD,high,,,DD,Darling Downs corridor (Dalby/Bell),Dulacca,240.0,Wind Turbine - Onshore,Wind,Dulacca Energy Project Co Pty Ltd,tier_3,0.0,,
Dunblane Solar Farm,WD,high,no_coord_m1_backstop,WD,high,,,WD,WD substation/Chinchilla corridor,Dunblane,7.2,Solar PV - Fixed,Solar,Dunblane Solar Pty Ltd,tier_3,0.0,,
Dunmore BESS,Unclassified,review,no_coord_m1_backstop,Unclassified,review,,,Unclassified,No rule matched — manual review needed,,226.8,Storage - Battery,Other - Other,Samsung C&T,tier_3,0.0,,
Dunmore Solar Farm,Unclassified,review,no_coord_m1_backstop,Unclassified,review,,,Unclassified,No rule matched — manual review needed,,361.0,Solar PV - Single axis tracking,Solar - Solar,Samsung C&T,tier_3,0.0,,
Dunmore Solar PV,Unclassified,review,no_coord_m1_backstop,Unclassified,review,,,Unclassified,No rule matched — manual review needed,,400.0,Solar PV - Single axis tracking,Solar - Solar,"Samsung C&T Renewable Energy Australia Pty, Ltd",tier_3,2.0,stale_proposed_4plus_releases,
Dysart Solar Farm RED,CQ,high,no_coord_m1_backstop,CQ,high,,,CQ,CQ corridor (Callide/Gladstone/Isaac),Dysart,100.0,Solar PV - Fixed,Solar,Tilt Renewables Australia Pty Ltd,tier_1,1.0,stale_proposed_4plus_releases,
EIWA Bundaberg Solar Farm,WG,medium,no_coord_m1_backstop,WG,medium,,,WG,Wide Bay region (judgement call),Bundaberg,78.0,Solar PV - Fixed,Solar,EIWA Bundaberg Solar Pty Ltd,tier_3,2.0,stale_proposed_4plus_releases,
EIWA Gin Gin Renewable Energy Park,WG,medium,no_coord_m1_backstop,WG,medium,,,WG,Wide Bay region (judgement call),EIWA,250.0,Storage - Battery,Solar - Solar,EIWA Gin Gin Renewable Energy Park Pty Ltd,tier_3,0.0,,
EIWA Golden Fleece Renewable Energy Park,WG,medium,no_coord_m1_backstop,WG,medium,,,WG,Wide Bay region (judgement call),EIWA,300.0,Storage - Battery,Solar - Solar,EIWA Golden Fleece Renewable Energy Park Pty Ltd,tier_3,0.0,,
East End BESS,CQ,high,no_coord_m1_backstop,CQ,high,,,CQ,CQ corridor (Callide/Gladstone/Isaac),East End,500.0,Storage - Battery,Other - Other,TE H2 Australia Pty Ltd,tier_1,0.0,,
Edenvale Solar Park,CQ,high,no_coord_m1_backstop,CQ,high,,,CQ,CQ corridor (Callide/Gladstone/Isaac),Edenvale,180.0,Solar PV - Single axis tracking,Solar,Edenvale Solar Park Pty Ltd,tier_3,0.0,,
Elai Genesis Battery Storage System,Unclassified,review,no_coord_m1_backstop,Unclassified,review,,,Unclassified,No rule matched — manual review needed,,120.0,Storage - Battery,Other - Other,Elai Energy Pty Ltd,tier_3,0.0,,
Emerald Solar Park,CQ,high,no_coord_m1_backstop,CQ,high,,,CQ,CQ corridor (Callide/Gladstone/Isaac),Emerald,72.0,Solar PV - Single axis tracking,Solar,Lighthouse Infrastructure Management Limited,tier_3,0.0,,
Eurimbula Hybrid Facility - Battery Storage,CQ,high,no_coord_m1_backstop,CQ,high,,,CQ,CQ corridor (Callide/Gladstone/Isaac),Eurimbula,1000.0,Storage - Battery,Other - Other,unitedgreen_NR,tier_3,1.0,owner_junk:_NR$; owner_junk:^[a-z]; large_tier3,
Eurimbula Solar Farm,CQ,high,no_coord_m1_backstop,CQ,high,,,CQ,CQ corridor (Callide/Gladstone/Isaac),Eurimbula,607.75,Solar PV - Single axis tracking,Solar - Solar,Unitedgreen_NR,tier_3,2.0,stale_proposed_4plus_releases,
FNQ BESS 1 (KCI),Unclassified,review,no_coord_m1_backstop,Unclassified,review,,,Unclassified,No rule matched — manual review needed,,250.0,Storage - Battery,Other - Other,Solquartz Holdings Pty Ltd,tier_3,0.0,,
FNQ BESS 2 (KCI),Unclassified,review,no_coord_m1_backstop,Unclassified,review,,,Unclassified,No rule matched — manual review needed,,250.0,Storage - Battery,Other - Other,Solquartz Holdings Pty Ltd,tier_3,0.0,,
FNQ BESS 3 (KCI),Unclassified,review,no_coord_m1_backstop,Unclassified,review,,,Unclassified,No rule matched — manual review needed,,250.0,Storage - Battery,Other - Other,Solquartz Holdings Pty Ltd,tier_3,0.0,,
FPC Green Energy,Unclassified,review,no_coord_m1_backstop,Unclassified,review,,,Unclassified,No rule matched — manual review needed,,30.0,Turbine - Steam Sub Critical,Green and air dried wood, FPC 30 Limited as Trustee for FPC Green Fund Trust ,tier_3,0.0,,
Fiery Creek Wind Farm,Unclassified,review,no_coord_m1_backstop,Unclassified,review,,,Unclassified,No rule matched — manual review needed,,200.0,Wind Turbine - Onshore,Wind - Wind,Tilt Renewables Australia Pty Ltd,tier_1,0.0,,
Fletcher Creek Wind Farm & BESS,CQ,high,no_coord_m1_backstop,CQ,high,,,CQ,CQ corridor (Callide/Gladstone/Isaac),Fletcher Creek,400.0,Wind Turbine - Onshore,Wind - Wind,Private Energy Partners,tier_3,0.0,,
Forest Wind,WG,high,no_coord_m1_backstop,WG,high,,,WG,Woolooga corridor (Gympie/Maryborough),Forest Wind,1200.0,Wind Turbine - Onshore,Wind - Wind,Forest Wind Holdings Pty Ltd,tier_3,1.0,large_tier3,
Forsayth Wind Farm,FNQ,high,no_coord_m1_backstop,FNQ,high,,,FNQ,FNQ corridor (Townsville and north),Forsayth,165.0,Wind Turbine - Onshore,Wind,Forsayth Wind Farm Pty Ltd,tier_3,2.0,stale_proposed_4plus_releases,
Fraser Coast Community Solar Farm,WG,medium,no_coord_m1_backstop,WG,medium,,,WG,Wide Bay region (judgement call),Fraser Coast,0.401,Solar PV - Fixed,Solar,Wide Bay Water Corporation,tier_3,0.0,,
Fraser Coast Hybrid Plant,WG,medium,no_coord_m1_backstop,WG,medium,,,WG,Wide Bay region (judgement call),Fraser Coast,310.8,Solar PV - Single axis tracking,Solar - Solar,FRASER COAST SOLAR DEVELOPMENT PTY LTD,tier_3,0.0,,
Fraser Coast Solar Park,WG,medium,no_coord_m1_backstop,WG,medium,,,WG,Wide Bay region (judgement call),Fraser Coast,350.0,Solar PV - Single axis tracking,Solar,FRASER COAST SOLAR PARK PTY LTD,tier_3,2.0,stale_proposed_4plus_releases,
GEP - QRNB1,CQ,high,no_coord_m1_backstop,CQ,high,,,CQ,CQ corridor (Callide/Gladstone/Isaac),GEP,1012.0,Wind Turbine - Offshore,Wind - Wind,GEP Developments Pty Ltd,tier_3,1.0,large_tier3,
Gangarri Solar Farm,WD,high,no_coord_m1_backstop,WD,high,,,WD,WD substation/Chinchilla corridor,Gangarri,162.0,Solar PV - Single axis tracking,Solar,Shell New Energies Australia Pty Ltd,tier_3,0.0,,
Ganymirra Solar Power Station,Unclassified,review,no_coord_m1_backstop,Unclassified,review,,,Unclassified,No rule matched — manual review needed,,150.0,Solar PV - Single axis tracking,Solar - Solar,Edify Energy Pty Ltd,tier_2,0.0,,
Gawara Baya Wind And BESS,CQ,high,no_coord_m1_backstop,CQ,high,,,CQ,CQ corridor (Callide/Gladstone/Isaac),Gawara Baya,408.0,Wind Turbine - Onshore,Wind - Wind,UPPER BURDEKIN WIND FARM PTY LTD,tier_3,0.0,,
Gawara Baya Wind Farm,CQ,high,no_coord_m1_backstop,CQ,high,,,CQ,CQ corridor (Callide/Gladstone/Isaac),Gawara Baya,408.0,Wind Turbine - Onshore,Wind - Wind,UPPER BURDEKIN WIND FARM PTY LTD,tier_3,0.0,,
Gayndah Wind Farm,WG,high,no_coord_m1_backstop,WG,high,,,WG,Woolooga corridor (Gympie/Maryborough),Gayndah Wind,560.0,Wind Turbine - Onshore,Wind - Wind,Mainstream Renewable Power Australia Pty Ltd,tier_1,0.0,,
German Creek,CQ,high,no_coord_m1_backstop,CQ,high,,,CQ,CQ corridor (Callide/Gladstone/Isaac),German Creek,31.81,Reciprocating Engine - Spark ignition,Fossil - Waste Coal Mine Gas,EDL CSM Qld Pty Ltd,tier_3,0.0,,
Gin Gin BESS,WG,medium,no_coord_m1_backstop,WG,medium,,,WG,Wide Bay region (judgement call),Gin Gin,345.6,Storage - Battery,Other - Other,Iberdrola Australia Development Pty Limited,tier_1,0.0,,
Gladstone,CQ,high,no_coord_m1_backstop,CQ,high,,,CQ,CQ corridor (Callide/Gladstone/Isaac),Gladstone,280.0,Turbine - Steam Sub Critical,Black Coal,Gladstone Power Station Participants,tier_3,0.0,,
Glenroy Hybrid Facility - Solar And BESS,Unclassified,review,no_coord_m1_backstop,Unclassified,review,,,Unclassified,No rule matched — manual review needed,,1000.0,Solar PV - Fixed,Solar - Solar,M Renewables Australia Developments Pty Ltd,tier_2,0.0,,
GoodNight Hybrid Facility - Solar And BESS,Unclassified,review,no_coord_m1_backstop,Unclassified,review,,,Unclassified,No rule matched — manual review needed,,200.0,Solar PV - Fixed,Solar - Solar,GoodNight One Pty Ltd,tier_3,0.0,,
Goombi Renewable Energy Hub,WD,high,no_coord_m1_backstop,WD,high,,,WD,WD substation/Chinchilla corridor,Goombi,657.0,Wind Turbine - Onshore,Wind - Wind,Tag Energy Australia Pty Ltd,tier_2,0.0,,
Green Poly BESS Project (KCI),Unclassified,review,no_coord_m1_backstop,Unclassified,review,,,Unclassified,No rule matched — manual review needed,,750.0,Storage - Battery,Other - Other,Solquartz Holdings Pty Ltd,tier_3,1.0,large_tier3,
Greenbank BESS,SEQ,high,no_coord_m1_backstop,SEQ,high,,,SEQ,SEQ corridor (Brisbane/Ipswich/Toowoomba),Greenbank,200.0,,Storage,CSE BESS Pty Ltd,tier_3,0.0,,
Grosvenor 1,CQ,high,no_coord_m1_backstop,CQ,high,,,CQ,CQ corridor (Callide/Gladstone/Isaac),Grosvenor,21.0,Reciprocating Engine - Spark ignition,Waste Coal Mine Gas,EDL Projects Australia Pty Ltd,tier_3,0.0,,
Grosvenor 2 Waste Coal Mine Gas Power Station,CQ,high,no_coord_m1_backstop,CQ,high,,,CQ,CQ corridor (Callide/Gladstone/Isaac),Grosvenor,15.21,Reciprocating Engine - Spark ignition,Fossil - Coal Seam Methane,EDL Projects Australia Pty Ltd,tier_3,2.0,stale_proposed_4plus_releases,
Group Linen - Maryborough,SEQ,high,no_coord_m1_backstop,SEQ,high,,,SEQ,SEQ corridor (Brisbane/Ipswich/Toowoomba),Group Linen,0.17,Solar PV - Fixed,Solar - Solar,Group Linen,tier_3,0.0,,
Group Linen - Prince Charles,SEQ,high,no_coord_m1_backstop,SEQ,high,,,SEQ,SEQ corridor (Brisbane/Ipswich/Toowoomba),Group Linen,0.33,Solar PV - Fixed,Solar,Group Linen,tier_3,0.0,,
Gunsynd Solar Farm,SD,high,no_coord_m1_backstop,SD,high,,,SD,Southern Downs corridor (Karara/Warwick/Bulli Creek),Gunsynd,94.0,Solar PV - Fixed,Solar - Solar,ARP,tier_3,0.0,,
Gurambilbarra Energy Hub,Unclassified,review,no_coord_m1_backstop,Unclassified,review,,,Unclassified,No rule matched — manual review needed,,1186.0,Other - Other,Other,365 Future Energy,tier_3,2.0,manual_known_phantom,
Guthrie's Gap Solar Farm,Unclassified,review,no_coord_m1_backstop,Unclassified,review,,,Unclassified,No rule matched — manual review needed,,300.0,Solar PV - Fixed,Solar - Solar,Edify Energy Pty Ltd,tier_2,0.0,,
Gympie Regional Energy Hub - Stage 1,WG,high,no_coord_m1_backstop,WG,high,,,WG,Woolooga corridor (Gympie/Maryborough),Gympie,350.0,Solar PV - Fixed,Solar,SolarQ Pty Ltd,tier_3,0.0,,
Gympie Regional Energy Hub - Stage 2,WG,high,no_coord_m1_backstop,WG,high,,,WG,Woolooga corridor (Gympie/Maryborough),Gympie,1000.0,Storage - Battery,Other,SolarQ Pty Ltd,tier_3,2.0,stale_proposed_4plus_releases,
Gympie Regional Energy Hub - Stage 3,WG,high,no_coord_m1_backstop,WG,high,,,WG,Woolooga corridor (Gympie/Maryborough),Gympie,650.0,Solar PV - Fixed,Solar,SolarQ Pty Ltd,tier_3,2.0,stale_proposed_4plus_releases,
Halys BESS (Akaysha),WD,high,no_coord_m1_backstop,WD,high,,,WD,WD substation/Chinchilla corridor,Halys,1120.0,Storage - Battery,Other - Other,Halys BESS ProjectCo Pty Ltd,tier_3,1.0,large_tier3,
Halys BESS - Iberdrola,WD,high,no_coord_m1_backstop,WD,high,,,WD,WD substation/Chinchilla corridor,Halys,500.0,Storage - Battery,Other - Other,IBERDROLA AUSTRALIA DEVELOPMENT PTY LIMITED,tier_1,0.0,,
Halys BESS - Iberdrola -  KCI,WD,high,no_coord_m1_backstop,WD,high,,,WD,WD substation/Chinchilla corridor,Halys,500.0,Storage - Battery,Other - Other,Iberdrola Australia Development Pty,tier_1,0.0,,
Halys Hybrid Facility - BESS,WD,high,no_coord_m1_backstop,WD,high,,,WD,WD substation/Chinchilla corridor,Halys,750.0,Storage - Battery,Other - Other,Elements Green Australia Pty Ltd,tier_2,0.0,,
Halys Hybrid Facility - Solar,WD,high,no_coord_m1_backstop,WD,high,,,WD,WD substation/Chinchilla corridor,Halys,750.0,Solar PV - Fixed,Solar - Solar,Elements Green Australia Pty Ltd,tier_2,0.0,,
Halys to Chinchilla DCA Battery - KCI,WD,high,no_coord_m1_backstop,WD,high,,,WD,WD substation/Chinchilla corridor,Chinchilla,150.0,Storage - Battery,Other - Other, UGL Pty Ltd,tier_3,0.0,,
Halys to Chinchilla Dedicated Connection Asset (DCA): Battery,WD,high,no_coord_m1_backstop,WD,high,,,WD,WD substation/Chinchilla corridor,Chinchilla,150.0,,Other,UGL Pty Ltd ,tier_3,0.0,,
Hamilton Solar Farm,CQ,high,no_coord_m1_backstop,CQ,high,,,CQ,CQ corridor (Callide/Gladstone/Isaac),Hamilton Solar,57.5,Solar PV - Single axis tracking,Solar,Hamilton Solar Farm Pty Ltd,tier_3,0.0,,
Harlin Solar Farm,Unclassified,review,no_coord_m1_backstop,Unclassified,review,,,Unclassified,No rule matched — manual review needed,,800.0,,Solar,Harlin Solar Pty Ltd,tier_3,2.0,stale_proposed_4plus_releases,
Harrami Wind Farm,Unclassified,review,no_coord_m1_backstop,Unclassified,review,,,Unclassified,No rule matched — manual review needed,,800.0,Wind Turbine - Onshore,Wind - Wind,Mainstream,tier_1,0.0,,
Haughton BESS,FNQ,high,no_coord_m1_backstop,FNQ,high,,,FNQ,FNQ corridor (Townsville and north),Haughton,200.0,Storage - Battery,Other - Other,Pacific Hydro Haughton Solar Farm Pty Ltd,tier_3,2.0,stale_proposed_4plus_releases,
Haughton BESS - KCI,FNQ,high,no_coord_m1_backstop,FNQ,high,,,FNQ,FNQ corridor (Townsville and north),Haughton,200.0,Storage - Battery,Other - Other,Pacific Hydro Australia Developments Pty Ltd,tier_3,0.0,,
Haughton Solar Farm - Stage 2,FNQ,high,no_coord_m1_backstop,FNQ,high,,,FNQ,FNQ corridor (Townsville and north),Haughton,250.0,,Other,Pacific Hydro Australia Pty Ltd,tier_3,0.0,,
Haughton Solar Farm Stage 1,FNQ,high,no_coord_m1_backstop,FNQ,high,,,FNQ,FNQ corridor (Townsville and north),Haughton,132.6,Solar PV - Single axis tracking,Solar - Solar,Pacific Hydro Haughton Solar Farm Pty Ltd,tier_3,0.0,,
Haughton Solar Farm Stage 2,FNQ,high,no_coord_m1_backstop,FNQ,high,,,FNQ,FNQ corridor (Townsville and north),Haughton,300.0,Solar PV - Fixed,Other - Other,Pacific Hydro Australia Pty Ltd,tier_3,0.0,,
Hayman Solar Farm,CQ,high,no_coord_m1_backstop,CQ,high,,,CQ,CQ corridor (Callide/Gladstone/Isaac),Hayman Solar,57.75,Solar PV - Single axis tracking,Solar,The Hayman Solar Farm Trust,tier_3,0.0,,
Hazeldean BESS - Storage - KCI,Unclassified,review,no_coord_m1_backstop,Unclassified,review,,,Unclassified,No rule matched — manual review needed,,1100.0,Storage - Battery,Other - Other,Enervest Pty Ltd,tier_3,1.0,large_tier3,
Herries Range Wind Farm,SD,medium,no_coord_m1_backstop,SD,medium,,,SD,SD region (Millmerran/Inglewood corridor),Herries Range,1000.0,Wind Turbine - Onshore,Wind - Wind,Acciona Energy Global Australia,tier_1,0.0,,
High Road,SEQ,high,no_coord_m1_backstop,SEQ,high,,,SEQ,SEQ corridor (Brisbane/Ipswich/Toowoomba),High Road,84.60000000000001,Wind Turbine - Onshore,Wind,Ratch Australia,tier_2,2.0,stale_proposed_4plus_releases,
Hookey Creek Hybrid - Solar And BESs - KCI,Unclassified,review,no_coord_m1_backstop,Unclassified,review,,,Unclassified,No rule matched — manual review needed,,200.0,Storage - Battery,Solar - Solar,Zen Energy Future Pty Ltd,tier_3,0.0,,
Hopeland BESS,WD,high,no_coord_m1_backstop,WD,high,,,WD,WD substation/Chinchilla corridor,Hopeland,230.4,Storage - Battery,Other - Other,Pacific Partnerships,tier_2,0.0,,
Hopeland Solar Farm,WD,high,no_coord_m1_backstop,WD,high,,,WD,WD substation/Chinchilla corridor,Hopeland,327.6,Solar PV - Fixed,Solar - Solar,Hopeland Solar Farm Pty Ltd as trustee for the Hopeland Solar Farm Trust,tier_3,0.0,,
Hopeland Solar Farm (Ulinda Park),WD,high,no_coord_m1_backstop,WD,high,,,WD,WD substation/Chinchilla corridor,Hopeland,2480.0,Solar PV - Fixed,Solar,Renewable Energy Partners,tier_3,2.0,mega_non_tier1,
Hughenden Sun Farm,FNQ,high,no_coord_m1_backstop,FNQ,high,,,FNQ,FNQ corridor (Townsville and north),Hughenden,20.97,Solar PV - Single axis tracking,Solar,Hughenden Solar Pty Ltd as Trustee for Hughenden Solar Trust,tier_3,0.0,,
Hughes Road BESS,SEQ,high,no_coord_m1_backstop,SEQ,high,,,SEQ,SEQ corridor (Brisbane/Ipswich/Toowoomba),Hughes Road,200.0,Storage - Battery,Other - Other,BayWA r.e Projects Australia Pty Ltd,tier_2,0.0,,
ISIS Central Sugar Mill Co-generation Plant,WG,medium,no_coord_m1_backstop,WG,medium,,,WG,Wide Bay region (judgement call),ISIS Central,25.0,Turbine - Steam Sub Critical,Bagasse,SUSTAINABLE ENERGY INFRASTRUCTURE ,tier_3,0.0,,
Inkerman Mill,FNQ,high,no_coord_m1_backstop,FNQ,high,,,FNQ,FNQ corridor (Townsville and north),Inkerman,10.0,Turbine - Steam Sub Critical,Bagasse,Wilmar Sugar Australia Limited,tier_3,0.0,,
Innes Park Solar Farm,WG,medium,no_coord_m1_backstop,WG,medium,,,WG,Wide Bay region (judgement call),Innes Park,24.0,Solar PV - Single axis tracking,Solar,Enerparc Australia Pty Ltd,tier_3,2.0,stale_proposed_4plus_releases,
Invicta Mill,FNQ,high,no_coord_m1_backstop,FNQ,high,,,FNQ,FNQ corridor (Townsville and north),Invicta,38.8,Turbine - Steam Sub Critical,Bagasse,Haughton Sugar Company Pty Limited,tier_1,0.0,,
Ipswich Regional Energy Hub - Solar,SEQ,high,no_coord_m1_backstop,SEQ,high,,,SEQ,SEQ corridor (Brisbane/Ipswich/Toowoomba),Ipswich,1000.0,Solar PV - Fixed,Solar,SolarQ Pty Ltd,tier_3,1.0,large_tier3,
Ipswich Regional Energy Hub - Storage,SEQ,high,no_coord_m1_backstop,SEQ,high,,,SEQ,SEQ corridor (Brisbane/Ipswich/Toowoomba),Ipswich,1000.0,Storage - Battery,Other,SolarQ Pty Ltd,tier_3,1.0,large_tier3,
Iron Leaf Wind Farm,TG,high,no_coord_m1_backstop,TG,high,,,TG,Tarong corridor (Tarong PS/Kingaroy),Iron Leaf,900.0,,Wind,RES Australia Pty Ltd,tier_1,0.0,,
Ironbark Power Station 20MW Expansion,Unclassified,review,no_coord_m1_backstop,Unclassified,review,,,Unclassified,No rule matched — manual review needed,,20.0,Turbine - Other,Other - Other,Carbon Logica Pty Ltd,tier_3,0.0,,
Isaac Wind Farm,CQ,high,no_coord_m1_backstop,CQ,high,,,CQ,CQ corridor (Callide/Gladstone/Isaac),Isaac Wind,1064.0,,Wind Turbine,Squadron Energy Services Pty Ltd,tier_1,0.0,,
Isaac Wind Farm - KCI,CQ,high,no_coord_m1_backstop,CQ,high,,,CQ,CQ corridor (Callide/Gladstone/Isaac),Isaac Wind,381.0,Wind Turbine - Onshore,Wind - Wind, Isaac Wind and Solar Energy Pty Ltd,tier_3,0.0,,
Jackson North BESS,Unclassified,review,no_coord_m1_backstop,Unclassified,review,,,Unclassified,No rule matched — manual review needed,,200.0,Storage - Battery,Other - Other,Equis Energy (Australia) Projects (Ngumi 6) Pty Ltd as trustee for the Equis Energy(Australia) Ngumi 6 Asset Trust,tier_3,0.0,,
Kaban Green Power Hub - BESS,FNQ,high,no_coord_m1_backstop,FNQ,high,,,FNQ,FNQ corridor (Townsville and north),Kaban,100.0,Storage - Battery,Other,Neoen,tier_1,0.0,,
Kaban Green Power Hub - Wind Farm,FNQ,high,no_coord_m1_backstop,FNQ,high,,,FNQ,FNQ corridor (Townsville and north),Kaban,156.8,Wind Turbine - Onshore,Wind,Kaban Wind Farm Pty Ltd as trustee for  Kaban Wind Farm Trust,tier_3,0.0,,
Kaban Wind Farm,FNQ,high,no_coord_m1_backstop,FNQ,high,,,FNQ,FNQ corridor (Townsville and north),Kaban,156.8,Wind Turbine - Onshore,Wind,Kaban Wind Farm Trust,tier_3,0.0,,
Kalamia Mill,FNQ,high,no_coord_m1_backstop,FNQ,high,,,FNQ,FNQ corridor (Townsville and north),Kalamia,9.0,Turbine - Steam Sub Critical,Bagasse,Wilmar Sugar Australia Limited,tier_3,0.0,,
Kaloya Moa Standalone BESS,Unclassified,review,no_coord_m1_backstop,Unclassified,review,,,Unclassified,No rule matched — manual review needed,,138.6,Storage - Battery,Other - Other,Samsung C&T Renewable Energy Australia Pty Ltd,tier_3,0.0,,
Karara,SD,high,no_coord_m1_backstop,SD,high,,,SD,Southern Downs corridor (Karara/Warwick/Bulli Creek),Karara,102.6,Wind Turbine - Onshore,Wind,CLEANCO,tier_1,0.0,,
Karara BESS - KCI,SD,high,no_coord_m1_backstop,SD,high,,,SD,Southern Downs corridor (Karara/Warwick/Bulli Creek),Karara,400.0,Storage - Battery,Other - Other,ACCIONA Energy,tier_1,0.0,,
Karara Wind Farm,SD,high,no_coord_m1_backstop,SD,high,,,SD,Southern Downs corridor (Karara/Warwick/Bulli Creek),Karara,102.6,Wind Turbine - Onshore,Wind - Wind,CLEANCO,tier_1,0.0,,
Kareeya,FNQ,high,no_coord_m1_backstop,FNQ,high,,,FNQ,FNQ corridor (Townsville and north),Kareeya,21.6,Hydro - Run of River,Water,CleanCo Queensland Limited,tier_1,0.0,,
Kareeya 5,FNQ,high,no_coord_m1_backstop,FNQ,high,,,FNQ,FNQ corridor (Townsville and north),Kareeya,7.0,Hydro - Dam,Water,CleanCo Queensland Limited,tier_1,0.0,,
Kariboe Wind Farm,Unclassified,review,no_coord_m1_backstop,Unclassified,review,,,Unclassified,No rule matched — manual review needed,,1020.0,Wind Turbine - Onshore,Wind - Wind,Kariboe Wind Farm Pty Ltd,tier_3,2.0,stale_proposed_4plus_releases,
Karma Wind Farm - KCI,Unclassified,review,no_coord_m1_backstop,Unclassified,review,,,Unclassified,No rule matched — manual review needed,,966.0,Wind Turbine - Onshore,Wind - Wind,NEMMCOCI Karma Pty Ltd as trustee for the CI Karma Trust,tier_3,1.0,large_tier3,
Kelsey Creek Solar Farm,CQ,high,no_coord_m1_backstop,CQ,high,,,CQ,CQ corridor (Callide/Gladstone/Isaac),Kelsey Creek,50.0,Solar PV - Fixed,Solar,BayWa r.e. Solar Project Pty Ltd,tier_2,2.0,stale_proposed_4plus_releases,
Kelsey Creek Solar Farm_SS,CQ,high,no_coord_m1_backstop,CQ,high,,,CQ,CQ corridor (Callide/Gladstone/Isaac),Kelsey Creek,50.0,Solar PV - Fixed,Solar - Solar,tetrisenergy_nr,tier_3,1.0,owner_junk:_NR$; owner_junk:^[a-z],
Kennedy Energy Park - Phase 1 - Solar,FNQ,high,no_coord_m1_backstop,FNQ,high,,,FNQ,FNQ corridor (Townsville and north),Kennedy Energy,16.5,Solar PV - Single axis tracking,Solar,Windlab / Eurus,tier_2,0.0,,
Kennedy Energy Park - Phase 1 - Storage,FNQ,high,no_coord_m1_backstop,FNQ,high,,,FNQ,FNQ corridor (Townsville and north),Kennedy Energy,2.0,Storage - Battery,Other,Windlab/Eurus,tier_2,0.0,,
Kennedy Energy Park - Phase 1 - Wind,FNQ,high,no_coord_m1_backstop,FNQ,high,,,FNQ,FNQ corridor (Townsville and north),Kennedy Energy,43.2,Wind Turbine - Onshore,Wind,Windlab / Eurus,tier_2,0.0,,
Kennedy Energy Park - Phase 2 - Wind,FNQ,high,no_coord_m1_backstop,FNQ,high,,,FNQ,FNQ corridor (Townsville and north),Kennedy Energy,650.0,Wind Turbine - Onshore,Wind,Windlab Developments,tier_2,2.0,stale_proposed_4plus_releases,
Kensington Solar Farm,Unclassified,review,no_coord_m1_backstop,Unclassified,review,,,Unclassified,No rule matched — manual review needed,,42.0,Solar PV - Single axis tracking,Solar,DDN Green,tier_3,0.0,,
Kentucky Solar Farm,Unclassified,review,no_coord_m1_backstop,Unclassified,review,,,Unclassified,No rule matched — manual review needed,,,Confidential - Confidential,Confidential,CONFIDENTIAL,tier_3,0.0,,
Kidston Pumped Storage Hydro Project 250MW,FNQ,high,no_coord_m1_backstop,FNQ,high,,,FNQ,FNQ corridor (Townsville and north),Kidston,250.0,Storage - Pumped hydro,Water,Genex Power Ltd,tier_1,0.0,,
Kidston Solar Project Phase One 50MW,FNQ,high,no_coord_m1_backstop,FNQ,high,,,FNQ,FNQ corridor (Townsville and north),Kidston,50.0,Solar PV - Fixed,Solar,Genex Power Limited,tier_1,0.0,,
Kidston Solar Project Phase Two 270MW,FNQ,high,no_coord_m1_backstop,FNQ,high,,,FNQ,FNQ corridor (Townsville and north),Kidston,270.0,Solar PV - Fixed,Solar,Genex Power Limited,tier_1,1.0,stale_proposed_4plus_releases,
Kidston Stage 3 Wind Project,FNQ,high,no_coord_m1_backstop,FNQ,high,,,FNQ,FNQ corridor (Townsville and north),Kidston,258.0,Wind Turbine - Onshore,Wind - Wind,Genex Power Limited,tier_1,1.0,stale_proposed_4plus_releases,
Kidston Wind Farm,FNQ,high,no_coord_m1_backstop,FNQ,high,,,FNQ,FNQ corridor (Townsville and north),Kidston,204.0,,Wind Turbine, Kidston (Wind Farm) Pty Ltd,tier_3,0.0,,
Kidston Wind Farm - KCI,FNQ,high,no_coord_m1_backstop,FNQ,high,,,FNQ,FNQ corridor (Townsville and north),Kidston,204.0,Wind Turbine - Onshore,Wind - Wind,Kidston (Wind Farm) Pty Ltd,tier_3,0.0,,
Kingaroy Solar Farm,TG,high,no_coord_m1_backstop,TG,high,,,TG,Tarong corridor (Tarong PS/Kingaroy),Kingaroy,40.0,Solar PV - Single axis tracking,Solar - Solar,Kingaroy PropertyCo Pty Ltd as trustee for Kingaroy Property Trust,tier_3,0.0,,
Koberinga Solar Farm,Unclassified,review,no_coord_m1_backstop,Unclassified,review,,,Unclassified,No rule matched — manual review needed,,55.0,Solar PV - Fixed,Solar,ESCO Pacific,tier_2,2.0,stale_proposed_4plus_releases,
Kogan Battery Energy Storage System (BESS),WD,high,no_coord_m1_backstop,WD,high,,,WD,WD substation/Chinchilla corridor,Kogan Battery,200.0,,Other,CS Energy Ltd,tier_1,0.0,,
Kogan Creek,WD,high,no_coord_m1_backstop,WD,high,,,WD,WD substation/Chinchilla corridor,Kogan Creek,744.0,Turbine - Steam Super Critical,Black Coal,Kogan Creek Power Station Pty Ltd,tier_3,1.0,large_tier3,
Kumbarilla Renewable Energy Park (K-REP),WD,medium,no_coord_m1_backstop,WD,medium,,,WD,Western Downs region (judgement call),Kumbarilla,96.8,Solar PV - Single axis tracking,Solar,Elecseed Pty Ltd,tier_3,2.0,stale_proposed_4plus_releases,
Lake Awoonga (Site B) Solar Farm,CQ,high,no_coord_m1_backstop,CQ,high,,,CQ,CQ corridor (Callide/Gladstone/Isaac),Lake Awoonga,128.0,Solar PV - Fixed,Solar,Total Eren,tier_3,0.0,,
Lake Somerset,CQ,high,no_coord_m1_backstop,CQ,high,,,CQ,CQ corridor (Callide/Gladstone/Isaac),Lake Somerset,4.3,Hydro - Dam,Water,Seqwater,tier_3,0.0,,
Lakeland 2,FNQ,high,no_coord_m1_backstop,FNQ,high,,,FNQ,FNQ corridor (Townsville and north),Lakeland,20.0,Solar PV - Fixed,Solar,Lakeland Solar and Storage Pty Ltd,tier_3,2.0,stale_proposed_4plus_releases,
Lakeland Solar and Storage,FNQ,high,no_coord_m1_backstop,FNQ,high,,,FNQ,FNQ corridor (Townsville and north),Lakeland,12.504,Solar PV - Fixed,Solar,Lakeland Solar and Storage Pty Limited,tier_3,0.0,,
Lakeland Wind Farm,FNQ,high,no_coord_m1_backstop,FNQ,high,,,FNQ,FNQ corridor (Townsville and north),Lakeland,73.1,Wind Turbine - Onshore,Wind,Lakeland Wind Farm Pty Ltd,tier_3,2.0,stale_proposed_4plus_releases,
Latitude Solar Farm,CQ,high,no_coord_m1_backstop,CQ,high,,,CQ,CQ corridor (Callide/Gladstone/Isaac),Latitude,5.0,Solar PV - Fixed,Solar - Solar,Kentucky Solar Pty Ltd,tier_3,2.0,stale_proposed_4plus_releases,
Lilyvale BESS - KCI,CQ,high,no_coord_m1_backstop,CQ,high,,,CQ,CQ corridor (Callide/Gladstone/Isaac),Lilyvale,440.0,Storage - Battery,Other - Other,Acen Australia,tier_2,0.0,,
Lilyvale Solar Farm,CQ,high,no_coord_m1_backstop,CQ,high,,,CQ,CQ corridor (Callide/Gladstone/Isaac),Lilyvale,118.4,Solar PV - Single axis tracking,Solar,Lilyvale Asset Co Pty Ltd ATF Lilyvale Asset Trust,tier_3,0.0,,
Llewellyn Motors,SEQ,high,no_coord_m1_backstop,SEQ,high,,,SEQ,SEQ corridor (Brisbane/Ipswich/Toowoomba),Llewellyn,0.34,Solar PV - Fixed,Solar - Solar,Llewellyn Land Pty Ltd ATF Llewellyn Land Unit Trust,tier_3,0.0,,
Lockyer BESS - KCI,SEQ,high,no_coord_m1_backstop,SEQ,high,,,SEQ,SEQ corridor (Brisbane/Ipswich/Toowoomba),Lockyer,750.0,Storage - Battery,Other - Other, Lockyer Energy Management Pty,tier_3,1.0,large_tier3,
Lockyer Energy Management BESS and Generation Facility,SEQ,high,no_coord_m1_backstop,SEQ,high,,,SEQ,SEQ corridor (Brisbane/Ipswich/Toowoomba),Lockyer,750.0,Storage - Battery,Other,Lockyer Energy Management Pty,tier_3,1.0,large_tier3,
Lockyer Valley Energy Project,SEQ,high,no_coord_m1_backstop,SEQ,high,,,SEQ,SEQ corridor (Brisbane/Ipswich/Toowoomba),Lockyer,400.0,Storage - Battery,Solar - Solar,Lockyer Energy Management Pty Ltd,tier_3,0.0,,
Lockyer Valley Energy Project - Phase 1,SEQ,high,no_coord_m1_backstop,SEQ,high,,,SEQ,SEQ corridor (Brisbane/Ipswich/Toowoomba),Lockyer,801.52,Storage - Battery,Solar,Quinbrook Asset Management as Trustee for The Australian Clean Power Trust,tier_1,1.0,stale_proposed_4plus_releases,
Longreach Solar Farm,CQ,high,no_coord_m1_backstop,CQ,high,,,CQ,CQ corridor (Callide/Gladstone/Isaac),Longreach,15.0,Solar PV - Fixed,Solar - Solar,Longreach Asset Company,tier_3,0.0,,
Lotus Creek Wind Farm,CQ,high,no_coord_m1_backstop,CQ,high,,,CQ,CQ corridor (Callide/Gladstone/Isaac),Lotus Creek,341.0,Wind Turbine - Onshore,Wind,CS ENERGY,tier_1,0.0,,
Lower Wonga BESS,WG,high,no_coord_m1_backstop,WG,high,,,WG,Woolooga corridor (Gympie/Maryborough),Lower Wonga,200.0,Storage - Battery,Other - Other,Equis Energy (Australia) Projects (Ngumi 7) Pty Ltd as trustee for the Equis Energy(Australia) Ngumi 7 Asset Trust,tier_3,0.0,,
Lower Wonga Solar Farm (LightsourceBP),WG,high,no_coord_m1_backstop,WG,high,,,WG,Woolooga corridor (Gympie/Maryborough),Lower Wonga,353.0,Solar PV - Single axis tracking,Solar - Solar,Lower Wonga Solar Farm Pty Ltd,tier_3,0.0,,
Lower Wonga Solar Farm - KCI,WG,high,no_coord_m1_backstop,WG,high,,,WG,Woolooga corridor (Gympie/Maryborough),Lower Wonga,353.0,Solar PV - Single axis tracking,Solar - Solar,Lower Wonga Solar Farm Pty Ltd,tier_3,0.0,,
Lower Wonga Solar Farm and BESS,WG,high,no_coord_m1_backstop,WG,high,,,WG,Woolooga corridor (Gympie/Maryborough),Lower Wonga,300.0,,Solar,Lightsource BP,tier_1,0.0,,
MacIntyre Wind Farm,SD,high,no_coord_m1_backstop,SD,high,,,SD,Southern Downs corridor (Karara/Warwick/Bulli Creek),MacIntyre,923.4,Wind Turbine - Onshore,Wind,Macintyre Windfarm Pty Ltd and Arc Energy Macintyre Pty Ltd,tier_3,1.0,large_tier3,
Mackay GT,CQ,high,no_coord_m1_backstop,CQ,high,,,CQ,CQ corridor (Callide/Gladstone/Isaac),Mackay GT,34.0,Turbine - OCGT,Diesel,Stanwell Corporation Limited,tier_1,0.0,,
Mackenzie River BESS,CQ,high,no_coord_m1_backstop,CQ,high,,,CQ,CQ corridor (Callide/Gladstone/Isaac),Mackenzie,800.0,Storage - Battery,Solar - Solar,BSR EPC P/L,tier_2,0.0,,
Mackenzie River Solar Farm,CQ,high,no_coord_m1_backstop,CQ,high,,,CQ,CQ corridor (Callide/Gladstone/Isaac),Mackenzie,800.0,Solar PV - Fixed,Solar - Solar,BSR EPC P/L,tier_2,0.0,,
Macknade Mill,FNQ,high,no_coord_m1_backstop,FNQ,high,,,FNQ,FNQ corridor (Townsville and north),Macknade,5.0,Turbine - Steam Sub Critical,Bagasse,Wilmar Sugar Australia LImited,tier_3,0.0,,
Madeline Downs BESS,CQ,high,no_coord_m1_backstop,CQ,high,,,CQ,CQ corridor (Callide/Gladstone/Isaac),Madeline Downs,500.0,Storage - Battery,Other - Other,AGL Energy Limited,tier_1,0.0,,
Majors Creek Energy Storage System - KCI,CQ,high,no_coord_m1_backstop,CQ,high,,,CQ,CQ corridor (Callide/Gladstone/Isaac),Majors Creek,500.0,Storage - Battery,Other - Other,Edify Energy Pty Ltd,tier_2,0.0,,
Majors Creek Solar And BESS,CQ,high,no_coord_m1_backstop,CQ,high,,,CQ,CQ corridor (Callide/Gladstone/Isaac),Majors Creek,150.0,Solar PV - Single axis tracking,Solar - Solar,Edify Energy Pty Ltd,tier_2,0.0,,
Maranbah Solar Farm,CQ,high,no_coord_m1_backstop,CQ,high,,,CQ,CQ corridor (Callide/Gladstone/Isaac),Maranbah,160.0,Solar PV - Single axis tracking,Solar - Solar,EEW ECO ENERGY WORLD PTY LTD,tier_3,0.0,,
Marmadua Wind Farm (KCI),DD,high,no_coord_m1_backstop,DD,high,,,DD,Darling Downs corridor (Dalby/Bell),Marmadua,950.0,Wind Turbine - Onshore,Wind - Wind,Cubico Sustainable Investments Australia Pty Ltd,tier_1,0.0,,
Maryborough Mill,WG,medium,no_coord_m1_backstop,WG,medium,,,WG,Wide Bay region (judgement call),Maryborough Mill,4.0,Turbine - Steam Super Critical,Bagasse,MSF Sugar,tier_3,0.0,,
Maryrorough Solar Farm,Unclassified,review,no_coord_m1_backstop,Unclassified,review,,,Unclassified,No rule matched — manual review needed,,34.5,Solar PV - Single axis tracking,Solar,Maryrorough Solar Pty Ltd,tier_3,0.0,,
Matthew Flinders College Senior,SEQ,high,no_coord_m1_backstop,SEQ,high,,,SEQ,SEQ corridor (Brisbane/Ipswich/Toowoomba),Matthew Flinders,0.2,Solar PV - Fixed,Solar - Solar,Matthew Flinders Anglican College,tier_3,0.0,,
McNamee Partners,SEQ,high,no_coord_m1_backstop,SEQ,high,,,SEQ,SEQ corridor (Brisbane/Ipswich/Toowoomba),McNamee,0.26,Solar PV - Fixed,Solar - Solar,McNamee Partners Pty Ltd,tier_3,0.0,,
Mica Creek Solar Farm,FNQ,high,no_coord_m1_backstop,FNQ,high,,,FNQ,FNQ corridor (Townsville and north),Mica Creek,88.0,Solar PV - Single axis tracking,Solar - Solar,APA Group,tier_1,0.0,,
Middle Creek Renewable Energy Hub - Wind,Unclassified,review,no_coord_m1_backstop,Unclassified,review,,,Unclassified,No rule matched — manual review needed,,750.0,Storage - Battery,Wind - Wind,Cubico Sustainable Investments Australia Pty Ltd,tier_1,0.0,,
Middlebrook Solar And BESS,Unclassified,review,no_coord_m1_backstop,Unclassified,review,,,Unclassified,No rule matched — manual review needed,,387.14,Storage - Battery,Solar - Solar,Middlebrook Solar Farm Pty Ltd as trustee for MSF Project Trust,tier_3,0.0,,
Middlebrook Solar Farm,Unclassified,review,no_coord_m1_backstop,Unclassified,review,,,Unclassified,No rule matched — manual review needed,,319.98,Solar PV - Single axis tracking,Solar - Solar,Middlebrook Solar Farm Pty Ltd as trustee for MSF Project Trust,tier_3,2.0,stale_proposed_4plus_releases,
Middlemount Solar Farm,CQ,high,no_coord_m1_backstop,CQ,high,,,CQ,CQ corridor (Callide/Gladstone/Isaac),Middlemount,26.0,Solar PV - Single axis tracking,Solar,Capricorn SF No1 Pty Ltd,tier_3,0.0,,
Middlemount Sun Farm,CQ,high,no_coord_m1_backstop,CQ,high,,,CQ,CQ corridor (Callide/Gladstone/Isaac),Middlemount,26.0,Solar PV - Single axis tracking,Solar,Capricorn SF No1 Pty Ltd,tier_3,0.0,,
Miles BESS Project,WD,high,no_coord_m1_backstop,WD,high,,,WD,WD substation/Chinchilla corridor,Miles BESS,500.0,Storage - Battery,Other - Other,TBSOL,tier_3,1.0,large_tier3,
Miles Solar Project,WD,high,no_coord_m1_backstop,WD,high,,,WD,WD substation/Chinchilla corridor,Miles Solar,500.0,Solar PV - Fixed,Solar - Solar,Vena Energy,tier_1,1.0,stale_proposed_4plus_releases,
Millmerran BESS - Storage,SD,medium,no_coord_m1_backstop,SD,medium,,,SD,SD region (Millmerran/Inglewood corridor),Millmerran,200.0,Storage - Battery,Other - Other,Millmerran Power Partners,tier_3,0.0,,
Millmerran Power Plant,SD,medium,no_coord_m1_backstop,SD,medium,,,SD,SD region (Millmerran/Inglewood corridor),Millmerran,426.0,Turbine - Steam Super Critical,Black Coal,Millmerran Power Partners,tier_3,0.0,,
Millmerran Wind Farm,SD,medium,no_coord_m1_backstop,SD,medium,,,SD,SD region (Millmerran/Inglewood corridor),Millmerran,400.0,Wind Turbine - Onshore,Wind - Wind,Millmerran Power Partners,tier_3,0.0,,
Mirani Solar Farm,CQ,high,no_coord_m1_backstop,CQ,high,,,CQ,CQ corridor (Callide/Gladstone/Isaac),Mirani,60.0,Solar PV - Fixed,Solar,ESCO Pacific,tier_2,2.0,stale_proposed_4plus_releases,
Miriam Vale Renewable Energy Hub,CQ,high,no_coord_m1_backstop,CQ,high,,,CQ,CQ corridor (Callide/Gladstone/Isaac),Miriam Vale,400.0,Storage - Battery,Other - Other,Private Energy Partners,tier_3,0.0,,
Miriam Vale Solar Farm And BESS - A,CQ,high,no_coord_m1_backstop,CQ,high,,,CQ,CQ corridor (Callide/Gladstone/Isaac),Miriam Vale,200.0,Solar PV - Single axis tracking,Solar - Solar,Private Energy Partners Pty Ltd,tier_3,0.0,,
Miriam Vale Solar Farm And BESS - B,CQ,high,no_coord_m1_backstop,CQ,high,,,CQ,CQ corridor (Callide/Gladstone/Isaac),Miriam Vale,200.0,Solar PV - Single axis tracking,Solar - Solar,Private Energy Partners Pty Ltd,tier_3,0.0,,
Moah Creek Solar Farm,CQ,high,no_coord_m1_backstop,CQ,high,,,CQ,CQ corridor (Callide/Gladstone/Isaac),Moah Creek,390.0,Solar PV - Fixed,Solar - Solar,RES Australia Pty Ltd,tier_1,0.0,,
Moah Creek Wind Farm,CQ,high,no_coord_m1_backstop,CQ,high,,,CQ,CQ corridor (Callide/Gladstone/Isaac),Moah Creek,415.0,,Wind,Moah Creek Wind Farm Project Co Pty Ltd as trustee for the Moah Creek Wind Farm Project Trust,tier_3,2.0,stale_proposed_4plus_releases,
Molendinar,SEQ,high,no_coord_m1_backstop,SEQ,high,,,SEQ,SEQ corridor (Brisbane/Ipswich/Toowoomba),Molendinar,0.48,Reciprocating Engine - Spark ignition,Landfill Methane / Landfill Gas,LMS Energy Pty Ltd,tier_3,0.0,,
Monduran BESS,WG,medium,no_coord_m1_backstop,WG,medium,,,WG,Wide Bay region (judgement call),Monduran,300.0,Storage - Battery,Other - Other,Eku Energy Projects (Australia) Pty Ltd as trustee for the Eku Energy Projects (Australia) Trust,tier_3,0.0,,
Moonlight Range Wind Farm,Unclassified,review,no_coord_m1_backstop,Unclassified,review,,,Unclassified,No rule matched — manual review needed,,400.0,Storage - Battery,Other - Other,Brookfield,tier_1,1.0,stale_proposed_4plus_releases,
Moranbah Generation Project,CQ,high,no_coord_m1_backstop,CQ,high,,,CQ,CQ corridor (Callide/Gladstone/Isaac),Moranbah,12.56,Reciprocating Engine - Compression ignition,Waste Coal Mine Gas,SUSTAINABLE ENERGY INFRASTRUCTURE ,tier_3,0.0,,
Moranbah North,CQ,high,no_coord_m1_backstop,CQ,high,,,CQ,CQ corridor (Callide/Gladstone/Isaac),Moranbah,63.84,Reciprocating Engine - Spark ignition,Waste Coal Mine Gas,EDL Projects Australia Pty Ltd,tier_3,0.0,,
Moranbah Workers Solar,CQ,high,no_coord_m1_backstop,CQ,high,,,CQ,CQ corridor (Callide/Gladstone/Isaac),Moranbah,0.214,Solar PV - Fixed,Solar,TBA,tier_3,0.0,,
Mount Britton BESS1,CQ,high,no_coord_m1_backstop,CQ,high,,,CQ,CQ corridor (Callide/Gladstone/Isaac),Mount Britton,377.54,Storage - Battery,Other - Other,firmpower_NR,tier_3,1.0,owner_junk:_NR$; owner_junk:^[a-z],
Mount Britton BESS2,CQ,high,no_coord_m1_backstop,CQ,high,,,CQ,CQ corridor (Callide/Gladstone/Isaac),Mount Britton,377.54,Storage - Battery,Other - Other,firmpower_NR,tier_3,1.0,owner_junk:_NR$; owner_junk:^[a-z],
Mount Emerald,FNQ,high,no_coord_m1_backstop,FNQ,high,,,FNQ,FNQ corridor (Townsville and north),Mount Emerald,180.52,Wind Turbine - Onshore,Wind - Wind,Ratch Australia,tier_2,0.0,,
Mount Hopeful BESS,CQ,high,no_coord_m1_backstop,CQ,high,,,CQ,CQ corridor (Callide/Gladstone/Isaac),Mount Hopeful,300.0,Storage - Battery,Other - Other,Neoen Australia Pty Ltd,tier_1,0.0,,
Mount Hopeful Wind Farm,CQ,high,no_coord_m1_backstop,CQ,high,,,CQ,CQ corridor (Callide/Gladstone/Isaac),Mount Hopeful,370.0,Wind Turbine - Onshore,Wind - Wind,Mount Hopeful Wind Farm as trustee for Mount Hopeful Wind Farm Trust,tier_3,0.0,,
Mount Larcom (Site A) Solar Farm,CQ,high,no_coord_m1_backstop,CQ,high,,,CQ,CQ corridor (Callide/Gladstone/Isaac),Mount Larcom,630.0,Solar PV - Fixed,Solar,Total Eren,tier_3,1.0,large_tier3,
Mount Sheridan Plaza,SEQ,high,no_coord_m1_backstop,SEQ,high,,,SEQ,SEQ corridor (Brisbane/Ipswich/Toowoomba),Mount Sheridan,0.3,Solar PV - Fixed,Solar,TBA,tier_3,0.0,,
Mount Tom BESS,CQ,high,no_coord_m1_backstop,CQ,high,,,CQ,CQ corridor (Callide/Gladstone/Isaac),Mount Tom,500.0,Storage - Battery,Other - Other,Samsung C&T Renewable Energy Australia Pty Ltd,tier_3,1.0,large_tier3,
Mount Tom Solar Farm,CQ,high,no_coord_m1_backstop,CQ,high,,,CQ,CQ corridor (Callide/Gladstone/Isaac),Mount Tom,500.0,Solar PV - Fixed,Solar - Solar,Samsung C&T Renewable Energy Australia Pty Ltd,tier_3,1.0,large_tier3,
Mount Walsh Wind Farm,WG,high,no_coord_m1_backstop,WG,high,,,WG,Woolooga corridor (Gympie/Maryborough),Mount Walsh,365.0,Wind Turbine - Onshore,Wind - Wind,Mainstream,tier_1,0.0,,
Mount Walsh Wind Farm (Mainstream),WG,high,no_coord_m1_backstop,WG,high,,,WG,Woolooga corridor (Gympie/Maryborough),Mount Walsh,600.0,Wind Turbine - Onshore,Wind - Wind,Mainstream,tier_1,0.0,,
Moura Solar Farm,CQ,high,no_coord_m1_backstop,CQ,high,,,CQ,CQ corridor (Callide/Gladstone/Isaac),Moura,99.0,Solar PV - Single axis tracking,Solar,Moura Solar Farm SPV Pty Ltd as the Trustee for Moura Solar Farm Unit Trust,tier_3,0.0,,
Mt Challenger BESS,SEQ,high,no_coord_m1_backstop,SEQ,high,,,SEQ,SEQ corridor (Brisbane/Ipswich/Toowoomba),Mt Challenger,20.0,Storage - Battery,Other - Other,Tetris Energy,tier_3,0.0,,
Mt Challenger Solar Farm,SEQ,high,no_coord_m1_backstop,SEQ,high,,,SEQ,SEQ corridor (Brisbane/Ipswich/Toowoomba),Mt Challenger,20.0,Solar PV - Fixed,Solar - Solar,Tetris Energy,tier_3,0.0,,
Mt Challenger Wind Farm,SEQ,high,no_coord_m1_backstop,SEQ,high,,,SEQ,SEQ corridor (Brisbane/Ipswich/Toowoomba),Mt Challenger,115.0,Wind Turbine - Onshore,Wind - Wind,Tetris Energy,tier_3,0.0,,
Mt Cotton Biomass Cogeneration Power Station,SEQ,high,no_coord_m1_backstop,SEQ,high,,,SEQ,SEQ corridor (Brisbane/Ipswich/Toowoomba),Mt Cotton,7.6,Turbine - Steam Sub Critical,Wood Waste,Darwalla Milling Co Pty Ltd,tier_3,2.0,stale_proposed_4plus_releases,
Mt Fox BESS - ARENA,FNQ,high,no_coord_m1_backstop,FNQ,high,,,FNQ,FNQ corridor (Townsville and north),Mt Fox,300.0,Storage - Battery,Other - Other, Mount Fox BESS Pty Ltd,tier_3,0.0,,
Mt Fox Energy Park,FNQ,high,no_coord_m1_backstop,FNQ,high,,,FNQ,FNQ corridor (Townsville and north),Mt Fox,342.0,,Wind,Mount Fox Energy Park Pty Ltd,tier_3,0.0,,
Mt Fox Energy Park - KCI,FNQ,high,no_coord_m1_backstop,FNQ,high,,,FNQ,FNQ corridor (Townsville and north),Mt Fox,342.0,Wind Turbine - Onshore,Wind - Wind, Mount Fox Energy Park Pty Ltd,tier_3,0.0,,
Mt Fox Wind Farm,FNQ,high,no_coord_m1_backstop,FNQ,high,,,FNQ,FNQ corridor (Townsville and north),Mt Fox,291.4,Wind Turbine - Onshore,Wind - Wind, Mount Fox Energy Park Pty Ltd,tier_3,0.0,,
Mt Rawdon Pumped Hydro Energy Storage Project,CQ,high,no_coord_m1_backstop,CQ,high,,,CQ,CQ corridor (Callide/Gladstone/Isaac),Mt Rawdon,1000.0,,Water,ICA Partners Pty Ltd,tier_2,0.0,,
Mt Rawdon Pumped Hydro Energy Storage Project - KCI,CQ,high,no_coord_m1_backstop,CQ,high,,,CQ,CQ corridor (Callide/Gladstone/Isaac),Mt Rawdon,2040.0,Storage - Pumped hydro,Hydro - Water, Mount Rawdon Pty Ltd,tier_3,2.0,mega_non_tier1,
Mt Stuart,FNQ,high,no_coord_m1_backstop,FNQ,high,,,FNQ,FNQ corridor (Townsville and north),Mt Stuart,146.0,Turbine - OCGT,Diesel,Origin Energy Mt Stuart,tier_1,0.0,,
Mulgrave Central Mill,FNQ,high,no_coord_m1_backstop,FNQ,high,,,FNQ,FNQ corridor (Townsville and north),Mulgrave,9.0,Turbine - Steam Super Critical,Bagasse,MSF Sugar,tier_3,0.0,,
Munna Creek,WG,high,no_coord_m1_backstop,WG,high,,,WG,Woolooga corridor (Gympie/Maryborough),Munna Creek,120.0,Solar PV - Fixed,Solar,Renewable Energy System Technologies,tier_3,0.0,,
Munna Creek Solar Farm,WG,high,no_coord_m1_backstop,WG,high,,,WG,Woolooga corridor (Gympie/Maryborough),Munna Creek,154.0,Solar PV - Single axis tracking,Solar,Munna Creek Solar Farm Investments Pty Ltd as trustee for the Munna Creek Solar Farm Trust,tier_3,0.0,,
Murilla Energy Hub,WD,medium,no_coord_m1_backstop,WD,medium,,,WD,Western Downs region (judgement call),Murilla,1155.0,Other - Other,Other - Other,APA Power Holdings Pty Ltd,tier_1,0.0,,
Nebo BESS,CQ,high,no_coord_m1_backstop,CQ,high,,,CQ,CQ corridor (Callide/Gladstone/Isaac),Nebo,900.0,Storage - Battery,Other - Other,Nebo BESS Pty Ltd,tier_3,1.0,large_tier3,
Nebo BESS (Baywa),CQ,high,no_coord_m1_backstop,CQ,high,,,CQ,CQ corridor (Callide/Gladstone/Isaac),Nebo,500.0,Storage - Battery,Other - Other,BayWA r.e Projects Australia Pty Ltd,tier_2,0.0,,
Nebo BESS (Iberdrola) - KCI,CQ,high,no_coord_m1_backstop,CQ,high,,,CQ,CQ corridor (Callide/Gladstone/Isaac),Nebo,280.0,Storage - Battery,Other - Other,Iberdrola Australia Development Pty Ltd.,tier_1,0.0,,
Noblevale BESS (KCI),Unclassified,review,no_coord_m1_backstop,Unclassified,review,,,Unclassified,No rule matched — manual review needed,,180.0,Storage - Battery,Other - Other,Zen Energy Future Pty Ltd,tier_3,0.0,,
Normanton Solar Farm,FNQ,high,no_coord_m1_backstop,FNQ,high,,,FNQ,FNQ corridor (Townsville and north),Normanton,4.96,Solar PV - Single axis tracking,Solar,TBA,tier_3,0.0,,
North Burnett Renewable Hub - BESS,WG,high,no_coord_m1_backstop,WG,high,,,WG,Woolooga corridor (Gympie/Maryborough),North Burnett,720.0,Storage - Battery,Other - Other,X-Elio Australia Pty Ltd,tier_1,0.0,,
North Burnett Renewable Hub - Solar,WG,high,no_coord_m1_backstop,WG,high,,,WG,Woolooga corridor (Gympie/Maryborough),North Burnett,720.0,Solar PV - Fixed,Solar - Solar,X-Elio Australia Pty Ltd,tier_1,0.0,,
North Qld Bio-Energy Plant,Unclassified,review,no_coord_m1_backstop,Unclassified,review,,,Unclassified,No rule matched — manual review needed,,110.0,Turbine - Steam Sub Critical,Biomass,North Queensland Bio-Energy Corporation Limited,tier_3,2.0,stale_proposed_4plus_releases,
Oakey 1 Solar Farm,SEQ,high,no_coord_m1_backstop,SEQ,high,,,SEQ,SEQ corridor (Brisbane/Ipswich/Toowoomba),Oakey,25.0,Solar PV - Fixed,Solar,Oakey1 Asset Co Pty Ltd,tier_3,0.0,,
Oakey 2 Solar Farm,SEQ,high,no_coord_m1_backstop,SEQ,high,,,SEQ,SEQ corridor (Brisbane/Ipswich/Toowoomba),Oakey,55.64,Solar PV - Single axis tracking,Solar,RE Oakey Pty Ltd,tier_3,0.0,,
Oakey Power Station,SEQ,high,no_coord_m1_backstop,SEQ,high,,,SEQ,SEQ corridor (Brisbane/Ipswich/Toowoomba),Oakey,173.0,Turbine - OCGT,Natural Gas Pipeline,Oakey Power Holdings Pty Ltd,tier_3,0.0,,
Oakey Solar Farm,SEQ,high,no_coord_m1_backstop,SEQ,high,,,SEQ,SEQ corridor (Brisbane/Ipswich/Toowoomba),Oakey,25.0,Solar PV - Fixed,Solar - Solar,Oakey1 Asset Co Pty Ltd,tier_3,0.0,,
Oakville BESS,SEQ,high,no_coord_m1_backstop,SEQ,high,,,SEQ,SEQ corridor (Brisbane/Ipswich/Toowoomba),Oakville,450.0,Storage - Battery,Other - Other,Samsung C&T Renewable Energy Australia Pty Ltd,tier_3,0.0,,
Oakville Solar Farm,SEQ,high,no_coord_m1_backstop,SEQ,high,,,SEQ,SEQ corridor (Brisbane/Ipswich/Toowoomba),Oakville,450.0,Solar PV - Fixed,Solar - Solar,Samsung C&T Renewable Energy Australia Pty Ltd,tier_3,0.0,,
Oaky Creek,CQ,high,no_coord_m1_backstop,CQ,high,,,CQ,CQ corridor (Callide/Gladstone/Isaac),Oaky Creek,14.91,Reciprocating Engine - Spark ignition,Waste Coal Mine Gas,EDL OCI Pty Ltd,tier_3,0.0,,
Oaky Creek 2,CQ,high,no_coord_m1_backstop,CQ,high,,,CQ,CQ corridor (Callide/Gladstone/Isaac),Oaky Creek,15.0,Reciprocating Engine - Spark ignition,Waste Coal Mine Gas,EDL OCI PTY LTD,tier_3,0.0,,
Pikedale Wind Farm (KCI),SD,high,no_coord_m1_backstop,SD,high,,,SD,Southern Downs corridor (Karara/Warwick/Bulli Creek),Pikedale,1500.0,Wind Turbine - Onshore,Wind - Wind,Squadron Energy Developments Pty Ltd,tier_1,0.0,,
Pinnacles BESS - Storage - KCI,CQ,high,no_coord_m1_backstop,CQ,high,,,CQ,CQ corridor (Callide/Gladstone/Isaac),Pinnacles,400.0,Storage - Battery,Other - Other,Enervest Pty Ltd,tier_3,0.0,,
Pioneer BESS - KCI,CQ,high,no_coord_m1_backstop,CQ,high,,,CQ,CQ corridor (Callide/Gladstone/Isaac),Pioneer BESS,240.0,Storage - Battery,Other - Other,Edify Energy Pty Ltd,tier_2,0.0,,
Pioneer Sugar Mill,CQ,high,no_coord_m1_backstop,CQ,high,,,CQ,CQ corridor (Callide/Gladstone/Isaac),Pioneer Sugar,36.9,Turbine - Steam Sub Critical,Bagasse,Pioneer Sugar Mills P/L,tier_1,0.0,,
Pioneer-Burdekin Pumped Hydro Energy Storage,FNQ,high,no_coord_m1_backstop,FNQ,high,,,FNQ,FNQ corridor (Townsville and north),Burdekin,5000.0,Storage - Pumped hydro,Hydro - Water,Queensland Hydro,tier_1,0.0,,
Plane Creek Mill,FNQ,high,no_coord_m1_backstop,FNQ,high,,,FNQ,FNQ corridor (Townsville and north),Plane Creek,10.0,Turbine - Steam Sub Critical,Bagasse,Wilmar Sugar Australia Limited,tier_3,0.0,,
Pleasant Hills Solar Farm - KCI,Unclassified,review,no_coord_m1_backstop,Unclassified,review,,,Unclassified,No rule matched — manual review needed,,80.0,Solar PV - Fixed,Solar - Solar,TotalEnergies Renewables Australia Pty Ltd,tier_3,0.0,,
Pleystowe BESS,CQ,high,no_coord_m1_backstop,CQ,high,,,CQ,CQ corridor (Callide/Gladstone/Isaac),Pleystowe,200.0,Storage - Battery,Other - Other,PLEYSTOWE BESS PTY LTD,tier_3,0.0,,
Pleystowe BESS (KCI),CQ,high,no_coord_m1_backstop,CQ,high,,,CQ,CQ corridor (Callide/Gladstone/Isaac),Pleystowe,200.0,Storage - Battery,Other - Other,Pleystowe BESS P/L,tier_3,0.0,,
Powerlink Teebar Creek Substation,WG,high,no_coord_m1_backstop,WG,high,,,WG,Woolooga corridor (Gympie/Maryborough),Teebar,250.0,,Solar,Fraser Coast Solar Park Pty Ltd (FCSP) ,tier_3,0.0,,
Prairie WF & Wongalee WF,Unclassified,review,no_coord_m1_backstop,Unclassified,review,,,Unclassified,No rule matched — manual review needed,,1200.0,Wind Turbine - Onshore,Wind - Wind,Prairie Wind Farm Pty Ltd,tier_3,2.0,stale_proposed_4plus_releases,
Proserpine,CQ,high,no_coord_m1_backstop,CQ,high,,,CQ,CQ corridor (Callide/Gladstone/Isaac),Proserpine,11.0,Turbine - Steam Sub Critical,Bagasse,Wimar Sugar Proserpine Pty Ltd,tier_3,0.0,,
Proserpine Wind Farm - KCI,CQ,high,no_coord_m1_backstop,CQ,high,,,CQ,CQ corridor (Callide/Gladstone/Isaac),Proserpine,1360.0,Wind Turbine - Onshore,Wind - Wind,CI Proserpine Pty Ltd as trustee for the CI Proserpine Trust,tier_3,1.0,large_tier3,
Punch's Creek Renewable Energy,SD,medium,no_coord_m1_backstop,SD,medium,,,SD,SD region (Millmerran/Inglewood corridor),Punch,798.72,Solar PV - Single axis tracking,Solar - Solar,Skylab,tier_3,1.0,large_tier3,
Punch's Creek Renewable Energy Stage 2,SD,medium,no_coord_m1_backstop,SD,medium,,,SD,SD region (Millmerran/Inglewood corridor),Punch,400.0,Solar PV - Single axis tracking,Solar - Solar,skylabgroup_NR,tier_3,1.0,owner_junk:_NR$; owner_junk:^[a-z],
Punchs Creek (Millmerran) Solar Farm,SD,medium,no_coord_m1_backstop,SD,medium,,,SD,SD region (Millmerran/Inglewood corridor),Millmerran,600.0,Solar PV - Fixed,Solar,Skylab,tier_3,1.0,large_tier3,
Punchs Creek (Milmerran) BESS - New,SD,medium,no_coord_m1_backstop,SD,medium,,,SD,SD region (Millmerran/Inglewood corridor),Punch,400.0,Storage - Battery,Solar - Solar,Skylab,tier_3,0.0,,
QCLNG Curtis Island Electrification - KCI,Unclassified,review,no_coord_m1_backstop,Unclassified,review,,,Unclassified,No rule matched — manual review needed,,90.0,Turbine - OCGT,Fossil - Natural Gas,QCLNG Operating Company Pty Ltd ,tier_3,0.0,,
QLS Offshore Wind Energy,Unclassified,review,no_coord_m1_backstop,Unclassified,review,,,Unclassified,No rule matched — manual review needed,,1500.0,Wind Turbine - Offshore,Wind,GEP Developments Pty Ltd,tier_3,2.0,offshore_australia,
Queensland Renewable Park,Unclassified,review,no_coord_m1_backstop,Unclassified,review,,,Unclassified,No rule matched — manual review needed,,750.0,Other - Other,Other,EEW Eco Energy World Pty Ltd,tier_3,1.0,large_tier3,
Racecourse Mill,CQ,high,no_coord_m1_backstop,CQ,high,,,CQ,CQ corridor (Callide/Gladstone/Isaac),Racecourse Mill,38.0,Turbine - Steam Sub Critical,Bagasse,Mackay Sugar Ltd,tier_3,0.0,,
Raglan BESS,CQ,high,no_coord_m1_backstop,CQ,high,,,CQ,CQ corridor (Callide/Gladstone/Isaac),Raglan,500.0,Storage - Battery,Other - Other,acepower_NR,tier_3,1.0,owner_junk:_NR$; owner_junk:^[a-z]; large_tier3,
Raglan Solar Farm,CQ,high,no_coord_m1_backstop,CQ,high,,,CQ,CQ corridor (Callide/Gladstone/Isaac),Raglan,300.0,Solar PV - Single axis tracking,Solar - Solar,EEW Eco Energy World Ltd,tier_3,2.0,stale_proposed_4plus_releases,
Rangemore BESS,Unclassified,review,no_coord_m1_backstop,Unclassified,review,,,Unclassified,No rule matched — manual review needed,,20.0,Storage - Battery,Other - Other,Tetris Energy,tier_3,0.0,,
Rangemore Solar Farm,Unclassified,review,no_coord_m1_backstop,Unclassified,review,,,Unclassified,No rule matched — manual review needed,,20.0,Solar PV - Fixed,Solar - Solar,Tetris Energy,tier_3,0.0,,
Rangemore Wind Farm,Unclassified,review,no_coord_m1_backstop,Unclassified,review,,,Unclassified,No rule matched — manual review needed,,185.0,Wind Turbine - Onshore,Wind - Wind,Tetris Energy,tier_3,0.0,,
Reedy Creek,SEQ,high,no_coord_m1_backstop,SEQ,high,,,SEQ,SEQ corridor (Brisbane/Ipswich/Toowoomba),Reedy Creek,0.85,Reciprocating Engine - Spark ignition,Landfill Gas,LMS_NR,tier_3,1.0,owner_junk:_NR$,
Renewable Power Australia Limited,SEQ,high,no_coord_m1_backstop,SEQ,high,,,SEQ,SEQ corridor (Brisbane/Ipswich/Toowoomba),Renewable Power Australia,30.0,Turbine - Steam Sub Critical,Green and air dried wood,Renewable Power Australia Limited as Trustee for FPC Green Fund Trust,tier_3,0.0,,
Riverstone Rise BESS (KCI),Unclassified,review,no_coord_m1_backstop,Unclassified,review,,,Unclassified,No rule matched — manual review needed,,520.8,Storage - Battery,Other - Other,Pacific Partnerships Pty Ltd,tier_2,0.0,,
Rochedale B,SEQ,high,no_coord_m1_backstop,SEQ,high,,,SEQ,SEQ corridor (Brisbane/Ipswich/Toowoomba),Rochedale,2.25,Reciprocating Engine - Spark ignition,Renewable Biomass or Waste - Landfill Gas,LMS_NR,tier_3,1.0,owner_junk:_NR$,
Rochedale Renewable Energy Facility,SEQ,high,no_coord_m1_backstop,SEQ,high,,,SEQ,SEQ corridor (Brisbane/Ipswich/Toowoomba),Rochedale,4.492,Other - Spark ignition,Landfill Methane / Landfill Gas,LMS Energy Pty Ltd,tier_3,0.0,,
Rocky Point Sugar Mill Cogeneration Plant,Unclassified,review,no_coord_m1_backstop,Unclassified,review,,,Unclassified,No rule matched — manual review needed,,30.0,Other - Other,Renewable Biomass or Waste - Bagasse,W.H.Heck and Sons Pty Ltd,tier_3,0.0,,
Rodds Bay Solar Farm,CQ,high,no_coord_m1_backstop,CQ,high,,,CQ,CQ corridor (Callide/Gladstone/Isaac),Rodds Bay,497.75,Solar PV - Single axis tracking,Solar,RBSF NewCo Pty Ltd,tier_3,0.0,,
Roghan Road,SEQ,high,no_coord_m1_backstop,SEQ,high,,,SEQ,SEQ corridor (Brisbane/Ipswich/Toowoomba),Roghan Road,1.15,Reciprocating Engine - Spark ignition,Landfill Gas,EDL LFG Qld Pty Ltd,tier_3,0.0,,
Rolleston Solar Farm,CQ,high,no_coord_m1_backstop,CQ,high,,,CQ,CQ corridor (Callide/Gladstone/Isaac),Rolleston,90.0,Solar PV - Fixed,Solar,RES Australia Pty Ltd,tier_1,1.0,stale_proposed_4plus_releases,
Rollingstone Solar Farm,CQ,high,no_coord_m1_backstop,CQ,high,,,CQ,CQ corridor (Callide/Gladstone/Isaac),Rollingstone,117.4,Solar PV - Fixed,Solar,ESCO Pacific,tier_2,2.0,stale_proposed_4plus_releases,
Roma,DD,medium,no_coord_m1_backstop,DD,medium,,,DD,DD region (Dalby corridor — judgement call),Roma,40.0,Turbine - OCGT,Natural Gas Pipeline,Origin Energy Power Limited,tier_1,0.0,,
Ross River Solar Farm,FNQ,high,no_coord_m1_backstop,FNQ,high,,,FNQ,FNQ corridor (Townsville and north),Ross River,128.0,Solar PV - Single axis tracking,Solar,Ross River Operations Pty Ltd as the Trustee for the Ross River Operations Trust,tier_3,0.0,,
Rugby Run Solar Farm,CQ,high,no_coord_m1_backstop,CQ,high,,,CQ,CQ corridor (Callide/Gladstone/Isaac),Rugby Run,65.0,Solar PV - Single axis tracking,Solar,Adani Rugby Run Pty Ltd,tier_3,0.0,,
Rutherglen Battery - KCI,Unclassified,review,no_coord_m1_backstop,Unclassified,review,,,Unclassified,No rule matched — manual review needed,,400.0,Storage - Battery,Other - Other,Red Hill Renewable Energy Pty Ltd,tier_3,0.0,,
Rutherglen Solar Farm - KCI,Unclassified,review,no_coord_m1_backstop,Unclassified,review,,,Unclassified,No rule matched — manual review needed,,400.0,Solar PV - Fixed,Solar - Solar,Red Hill Renewable Energy Pty Ltd,tier_3,0.0,,
SIPS Staypylton Industrial Power Station,SEQ,high,no_coord_m1_backstop,SEQ,high,,,SEQ,SEQ corridor (Brisbane/Ipswich/Toowoomba),Staypylton,0.15,Solar PV - Fixed,Solar,TBA,tier_3,0.0,,
SRI/Mirabou (Braemar) BESS,DD,medium,no_coord_m1_backstop,DD,medium,,,DD,DD region (Dalby corridor — judgement call),Braemar,100.0,Storage - Battery,Other,Miraabou Energy Ltd,tier_3,0.0,,
SRI/Mirabou (Braemar) BESS - KCI,DD,medium,no_coord_m1_backstop,DD,medium,,,DD,DD region (Dalby corridor — judgement call),Braemar,500.0,Storage - Battery,Other - Other, Miraabou Energy Ltd,tier_3,1.0,large_tier3,
Smoky Creek Energy Storage System - KCI,CQ,high,no_coord_m1_backstop,CQ,high,,,CQ,CQ corridor (Callide/Gladstone/Isaac),Smoky Creek,400.0,Storage - Battery,Other - Other,Edify Energy Pty Ltd,tier_2,0.0,,
Smoky Creek Hybrid Facility - Solar And BESS,CQ,high,no_coord_m1_backstop,CQ,high,,,CQ,CQ corridor (Callide/Gladstone/Isaac),Smoky Creek,720.0,Solar PV - Single axis tracking,Solar - Solar,Edify Energy Pty Ltd,tier_2,0.0,,
Smoky Creek Solar Farm,CQ,high,no_coord_m1_backstop,CQ,high,,,CQ,CQ corridor (Callide/Gladstone/Isaac),Smoky Creek,700.0,Solar PV - Single axis tracking,Solar,Edify Energy Pty Ltd,tier_2,2.0,stale_proposed_4plus_releases,
Somerset Dam,Unclassified,review,no_coord_m1_backstop,Unclassified,review,,,Unclassified,No rule matched — manual review needed,,3.2,Solar PV - Fixed,Solar,Seqwater,tier_3,0.0,,
South Burnett BESS,TG,high,no_coord_m1_backstop,TG,high,,,TG,Tarong corridor (Tarong PS/Kingaroy),South Burnett,300.0,Storage - Battery,Other - Other,X-Elio Australia Pty Ltd,tier_1,0.0,,
South Johnstone Mill,FNQ,high,no_coord_m1_backstop,FNQ,high,,,FNQ,FNQ corridor (Townsville and north),South Johnstone,28.5,Turbine - Steam Sub Critical,Bagasse,MSF Sugar,tier_3,0.0,,
South Johnstone Mill (expansion),FNQ,high,no_coord_m1_backstop,FNQ,high,,,FNQ,FNQ corridor (Townsville and north),South Johnstone,32.0,Turbine - Steam Sub Critical,Bagasse,MSF Sugar,tier_3,2.0,stale_proposed_4plus_releases,
South Nanango BESS,TG,high,no_coord_m1_backstop,TG,high,,,TG,Tarong corridor (Tarong PS/Kingaroy),South Nanango,630.0,Storage - Battery,Other - Other,RTB Renewables Pty Ltd,tier_2,0.0,,
South Pine BESS - KCI,SEQ,high,no_coord_m1_backstop,SEQ,high,,,SEQ,SEQ corridor (Brisbane/Ipswich/Toowoomba),South Pine,300.0,Storage - Battery,Other - Other, Neon Australia Pty Ltd,tier_3,0.0,,
South Pine Battery Energy Storage System,SEQ,high,no_coord_m1_backstop,SEQ,high,,,SEQ,SEQ corridor (Brisbane/Ipswich/Toowoomba),South Pine,400.0,Storage - Battery,Other,Neoen Australia Pty Ltd,tier_1,0.0,,
Southbank Institute of Technology Unit 1 Plant,SEQ,high,no_coord_m1_backstop,SEQ,high,,,SEQ,SEQ corridor (Brisbane/Ipswich/Toowoomba),Southbank,1.0,Reciprocating Engine - Compression ignition,Diesel,Southbank Institute of Technology,tier_3,0.0,,
Southern Renewable Energy Zone BESS,Unclassified,review,no_coord_m1_backstop,Unclassified,review,,,Unclassified,No rule matched — manual review needed,,150.0,Storage - Battery,Other - Other,Stanwell Corporation Limited,tier_1,0.0,,
Specimen Hill BESS - Storage - KCI,CQ,high,no_coord_m1_backstop,CQ,high,,,CQ,CQ corridor (Callide/Gladstone/Isaac),Specimen Hill,100.0,Storage - Battery,Other - Other,ARK Energy Corporation Pty Ltd,tier_2,0.0,,
Specimen Hill Wind Farm,CQ,high,no_coord_m1_backstop,CQ,high,,,CQ,CQ corridor (Callide/Gladstone/Isaac),Specimen Hill,336.0,Wind Turbine - Onshore,Wind,ARK Energy Corporation Pty Ltd,tier_2,2.0,stale_proposed_4plus_releases,
Springdale Wind Farm,SD,medium,no_coord_m1_backstop,SD,medium,,,SD,SD region (Millmerran/Inglewood corridor),Springdale Wind,480.0,,Wind,Ratch Australia,tier_2,0.0,,
Springlands Wind Farm,SD,medium,no_coord_m1_backstop,SD,medium,,,SD,SD region (Millmerran/Inglewood corridor),Springlands Wind,798.6,Wind Turbine - Onshore,Wind - Wind, Ratch Australia,tier_2,0.0,,
St Ursula's College Yeppoon,SEQ,high,no_coord_m1_backstop,SEQ,high,,,SEQ,SEQ corridor (Brisbane/Ipswich/Toowoomba),St Ursula,0.174,Solar PV - Fixed,Solar,TBA,tier_3,0.0,,
Stanmore WCMG power station,CQ,high,no_coord_m1_backstop,CQ,high,,,CQ,CQ corridor (Callide/Gladstone/Isaac),Stanmore,20.16,Reciprocating Engine - Spark ignition,Fossil - Coal Seam Methane,Stanmore Resources and Enernet Australia (JV),tier_3,0.0,,
Stanwell,CQ,high,no_coord_m1_backstop,CQ,high,,,CQ,CQ corridor (Callide/Gladstone/Isaac),Stanwell,365.0,Turbine - Steam Sub Critical,Black Coal,Stanwell Corporation Limited,tier_1,0.0,,
Stanwell BESS,CQ,high,no_coord_m1_backstop,CQ,high,,,CQ,CQ corridor (Callide/Gladstone/Isaac),Stanwell,300.0,Storage - Battery,Other - Other,Stanwell Corporation Limited,tier_1,0.0,,
Stanwell Energy Park - BESS connected to Stanwell Substation,CQ,high,no_coord_m1_backstop,CQ,high,,,CQ,CQ corridor (Callide/Gladstone/Isaac),Stanwell,350.0,,Storage,Stanwell Corporation Ltd,tier_1,0.0,,
Stanwell Energy Park - BESS connected to Tarong Substation,TG,high,no_coord_m1_backstop,TG,high,,,TG,Tarong corridor (Tarong PS/Kingaroy),Tarong,350.0,,Storage,Stanwell Corporation Ltd,tier_1,0.0,,
Stanwell Power Station BESS,CQ,high,no_coord_m1_backstop,CQ,high,,,CQ,CQ corridor (Callide/Gladstone/Isaac),Stanwell,150.0,Storage - Battery,Other - Other,Stanwell Corporation Limited,tier_1,0.0,,
Stapylton Renewable Energy Facility,SEQ,high,no_coord_m1_backstop,SEQ,high,,,SEQ,SEQ corridor (Brisbane/Ipswich/Toowoomba),Stapylton,4.24,Reciprocating Engine - Spark ignition,Landfill Gas,LMS Energy Pty Ltd,tier_3,0.0,,
Stony Creek Wind Farm,CQ,high,no_coord_m1_backstop,CQ,high,,,CQ,CQ corridor (Callide/Gladstone/Isaac),Stony Creek Wind,400.0,Wind Turbine - Onshore,Wind - Wind,Greenleaf Renewable,tier_3,0.0,,
Sun Metals Corporation Solar Farm,FNQ,high,no_coord_m1_backstop,FNQ,high,,,FNQ,FNQ corridor (Townsville and north),Sun Metals,143.0,Solar PV - Fixed,Solar,Sun Metals Corporation Pty Ltd,tier_3,0.0,,
Sunshine Coast Solar Farm,SEQ,high,no_coord_m1_backstop,SEQ,high,,,SEQ,SEQ corridor (Brisbane/Ipswich/Toowoomba),Sunshine Coast,15.0,Solar PV - Fixed,Solar,Sunshine Coast Regional Council,tier_3,0.0,,
Sunshine Energy Solar Farm,Unclassified,review,no_coord_m1_backstop,Unclassified,review,,,Unclassified,No rule matched — manual review needed,,1500.0,Solar PV - Single axis tracking,Solar,Sunshine Energy,tier_3,2.0,manual_known_phantom,
Sunshine State Solar Farm and BESS,CQ,high,no_coord_m1_backstop,CQ,high,,,CQ,CQ corridor (Callide/Gladstone/Isaac),Sunshine State,110.0,Solar PV - Fixed,Solar - Solar,ESCO Pacific,tier_2,0.0,,
Sunshine State Solar Farm and BESS (Rollingstone),CQ,high,no_coord_m1_backstop,CQ,high,,,CQ,CQ corridor (Callide/Gladstone/Isaac),Rollingstone,500.0,Solar PV - Fixed,Solar,Rollingstone Solar Farm Pty Ltd,tier_3,1.0,large_tier3,
Suntown Renewable Energy Facility,SEQ,high,no_coord_m1_backstop,SEQ,high,,,SEQ,SEQ corridor (Brisbane/Ipswich/Toowoomba),Suntown,1.025,Reciprocating Engine - Spark ignition,Landfill Methane / Landfill Gas,LMS Energy Pty Ltd,tier_3,0.0,,
Supernode BESS,Unclassified,review,no_coord_m1_backstop,Unclassified,review,,,Unclassified,No rule matched — manual review needed,,260.0,Storage - Battery,Other - Other,Supernode Operations Pty Ltd as the trustee for Supernode BESS 1 Project Trust,tier_3,0.0,,
Supernode Project,Unclassified,review,no_coord_m1_backstop,Unclassified,review,,,Unclassified,No rule matched — manual review needed,,250.0,Storage - Battery,Solar - Solar,Quinbrook Asset Management as Trustee for The Australian Clean Power Trust 2A,tier_1,1.0,stale_proposed_4plus_releases,
Susan River Solar Farm,WG,medium,no_coord_m1_backstop,WG,medium,,,WG,Wide Bay region (judgement call),Susan River,85.26,Solar PV - Single axis tracking,Solar,Susan River Solar Pty Ltd as trustee for the Susan River Solar Trust,tier_3,0.0,,
Swanbank BESS,SEQ,high,no_coord_m1_backstop,SEQ,high,,,SEQ,SEQ corridor (Brisbane/Ipswich/Toowoomba),Swanbank,250.0,Storage - Battery,Other - Other,CleanCo QLD Limited,tier_1,0.0,,
Swanbank E GT,SEQ,high,no_coord_m1_backstop,SEQ,high,,,SEQ,SEQ corridor (Brisbane/Ipswich/Toowoomba),Swanbank,385.0,Turbine - CCGT,Coal Seam Methane,CleanCo Queensland Limited,tier_1,0.0,,
Swanbank JV,SEQ,high,no_coord_m1_backstop,SEQ,high,,,SEQ,SEQ corridor (Brisbane/Ipswich/Toowoomba),Swanbank,1.123,Reciprocating Engine - Spark ignition,Landfill Methane / Landfill Gas,LMS ENERGY Pty Ltd,tier_3,0.0,,
Tableland Mill,FNQ,high,no_coord_m1_backstop,FNQ,high,,,FNQ,FNQ corridor (Townsville and north),Tableland Mill,24.0,Turbine - Steam Sub Critical,Other,MSF Sugar,tier_3,0.0,,
Tangkam BESS,Unclassified,review,no_coord_m1_backstop,Unclassified,review,,,Unclassified,No rule matched — manual review needed,,100.0,Storage - Battery,Other,Atria Energy Ltd,tier_3,0.0,,
Tangkam BESS - KCI,Unclassified,review,no_coord_m1_backstop,Unclassified,review,,,Unclassified,No rule matched — manual review needed,,100.0,Storage - Battery,Other - Other, Atria Energy Ltd,tier_3,0.0,,
Tara Wind Farm - KCI,WD,medium,no_coord_m1_backstop,WD,medium,,,WD,Western Downs region (judgement call),Tara Wind,1800.0,Wind Turbine - Onshore,Wind - Wind,Tara Wind Farm Pty Ltd,tier_3,2.0,mega_non_tier1,
Tarong,TG,high,no_coord_m1_backstop,TG,high,,,TG,Tarong corridor (Tarong PS/Kingaroy),Tarong,350.0,Turbine - Steam Sub Critical,Black Coal,Stanwell Corporation Limited,tier_1,0.0,,
Tarong BESS - Stanwell,TG,high,no_coord_m1_backstop,TG,high,,,TG,Tarong corridor (Tarong PS/Kingaroy),Tarong,300.0,Storage - Battery,Other - Other,Stanwell Corporation Limited,tier_1,0.0,,
Tarong GT,TG,high,no_coord_m1_backstop,TG,high,,,TG,Tarong corridor (Tarong PS/Kingaroy),Tarong,15.0,Turbine - OCGT,Fuel Oil,Stanwell Corporation Limited,tier_1,0.0,,
Tarong North,TG,high,no_coord_m1_backstop,TG,high,,,TG,Tarong corridor (Tarong PS/Kingaroy),Tarong,450.0,Turbine - Steam Super Critical,Black Coal,Stanwell Corporation Limited,tier_1,0.0,,
Tarong West Wind Farm (Ironleaf),TG,high,no_coord_m1_backstop,TG,high,,,TG,Tarong corridor (Tarong PS/Kingaroy),Tarong,900.0,Wind Turbine - Onshore,Wind - Wind,Tarong West Project Co Pty Ltd as trustee for the Tarong West Project Trust ,tier_3,1.0,large_tier3,
Teebar Creek Battery Storage - KCI,WG,high,no_coord_m1_backstop,WG,high,,,WG,Woolooga corridor (Gympie/Maryborough),Teebar,400.0,Storage - Battery,Other - Other,ATMOS DEVELOPMENTS PTY LTD,tier_3,0.0,,
Teebar Solar One,WG,high,no_coord_m1_backstop,WG,high,,,WG,Woolooga corridor (Gympie/Maryborough),Teebar,52.5,Solar PV - Fixed,Solar,Teebar Clean Energy Pty Ltd,tier_3,0.0,,
The Block BESS,Unclassified,review,no_coord_m1_backstop,Unclassified,review,,,Unclassified,No rule matched — manual review needed,,324.0,Storage - Battery,Other - Other,Samsung C&T Renewable Energy Australia Pty Ltd,tier_3,0.0,,
The Central BESS - KCI,Unclassified,review,no_coord_m1_backstop,Unclassified,review,,,Unclassified,No rule matched — manual review needed,,648.0,Storage - Battery,Other - Other,ACEnergy Pty Ltd,tier_2,0.0,,
Theodore BESS,CQ,high,no_coord_m1_backstop,CQ,high,,,CQ,CQ corridor (Callide/Gladstone/Isaac),Theodore,240.0,Storage - Battery,Other - Other,RWE,tier_1,0.0,,
Theodore Solar Farm,CQ,high,no_coord_m1_backstop,CQ,high,,,CQ,CQ corridor (Callide/Gladstone/Isaac),Theodore,84.0,Solar PV - Single axis tracking,Solar,Theodore SF Pty Ltd as trustee for Theodore SF Trust  ,tier_3,2.0,stale_proposed_4plus_releases,
Theodore Wind Farm,CQ,high,no_coord_m1_backstop,CQ,high,,,CQ,CQ corridor (Callide/Gladstone/Isaac),Theodore,1152.0,Wind Turbine - Onshore,Wind - Wind,RWE Renewables Australia,tier_1,0.0,,
Three Rivers BESS,CQ,high,no_coord_m1_backstop,CQ,high,,,CQ,CQ corridor (Callide/Gladstone/Isaac),Three Rivers,500.0,Storage - Battery,Other - Other,Iberdrola Australia Development Pty Ltd.,tier_1,0.0,,
Three Rivers Solar Farm,CQ,high,no_coord_m1_backstop,CQ,high,,,CQ,CQ corridor (Callide/Gladstone/Isaac),Three Rivers,700.0,Solar PV - Fixed,Solar - Solar,Iberdrola Australia Development Pty Ltd.,tier_1,0.0,,
Ti Tree Bioenergy,CQ,high,no_coord_m1_backstop,CQ,high,,,CQ,CQ corridor (Callide/Gladstone/Isaac),Ti Tree,4.4,Reciprocating Engine - Spark ignition,Biomass,Ti Tree Bioenergy,tier_3,0.0,,
Ticoba BESS,Unclassified,review,no_coord_m1_backstop,Unclassified,review,,,Unclassified,No rule matched — manual review needed,,550.0,Storage - Battery,Other - Other,European Energy Australia P/L,tier_1,0.0,,
Ticoba Solar Farm,Unclassified,review,no_coord_m1_backstop,Unclassified,review,,,Unclassified,No rule matched — manual review needed,,550.0,Solar PV - Fixed,Solar - Solar,European Energy Australia P/L,tier_1,0.0,,
Tieri BESS,CQ,high,no_coord_m1_backstop,CQ,high,,,CQ,CQ corridor (Callide/Gladstone/Isaac),Tieri,103.2,Storage - Battery,Other - Other,FRV Service Australia Pty Ltd,tier_3,0.0,,
Tieri Solar Farm,CQ,high,no_coord_m1_backstop,CQ,high,,,CQ,CQ corridor (Callide/Gladstone/Isaac),Tieri,95.0,Solar PV - Fixed,Solar,FRV Service Australia Pty Ltd,tier_3,2.0,stale_proposed_4plus_releases,
Todae Solar - DHP 1MW,SEQ,high,no_coord_m1_backstop,SEQ,high,,,SEQ,SEQ corridor (Brisbane/Ipswich/Toowoomba),Todae,0.9541,Solar PV - Fixed,Solar,TBA,tier_3,0.0,,
Todae Solar SV - Holy Spirit Northside,SEQ,high,no_coord_m1_backstop,SEQ,high,,,SEQ,SEQ corridor (Brisbane/Ipswich/Toowoomba),Todae,0.3932,Solar PV - Fixed,Solar,TBA,tier_3,0.0,,
Todae Solar SV - Mitchelton,SEQ,high,no_coord_m1_backstop,SEQ,high,,,SEQ,SEQ corridor (Brisbane/Ipswich/Toowoomba),Todae,0.18,Solar PV - Fixed,Solar - Solar,TBA,tier_3,0.0,,
Todae Solar SV - Private Brisbane,SEQ,high,no_coord_m1_backstop,SEQ,high,,,SEQ,SEQ corridor (Brisbane/Ipswich/Toowoomba),Brisbane,0.1705,Solar PV - Fixed,Solar,TBA,tier_3,0.0,,
Todae Solar SV - Toowoomba,SEQ,high,no_coord_m1_backstop,SEQ,high,,,SEQ,SEQ corridor (Brisbane/Ipswich/Toowoomba),Toowoomba,0.2601,Solar PV - Fixed,Solar,TBA,tier_3,0.0,,
Todae Solar SV Lourdes,SEQ,high,no_coord_m1_backstop,SEQ,high,,,SEQ,SEQ corridor (Brisbane/Ipswich/Toowoomba),Todae,0.264,Solar PV - Fixed,Solar,TBA,tier_3,0.0,,
Tong Park - Agricultural Waste,SEQ,high,no_coord_m1_backstop,SEQ,high,,,SEQ,SEQ corridor (Brisbane/Ipswich/Toowoomba),Tong Park,1.23,Other - Other,Renewable Biomass or Waste - Bagasse,TBA,tier_3,0.0,,
Toowoomba Pumped Storage Project,SEQ,high,no_coord_m1_backstop,SEQ,high,,,SEQ,SEQ corridor (Brisbane/Ipswich/Toowoomba),Toowoomba,400.0,Storage - Battery,Other - Other,BE Power,tier_2,0.0,,
Townsville BESS,FNQ,high,no_coord_m1_backstop,FNQ,high,,,FNQ,FNQ corridor (Townsville and north),Townsville,200.0,Storage - Battery,Other - Other,ACEnergy Pty Ltd,tier_2,0.0,,
Townsville Power Station,FNQ,high,no_coord_m1_backstop,FNQ,high,,,FNQ,FNQ corridor (Townsville and north),Townsville,160.0,Turbine - CCGT,Natural Gas Pipeline,RATCH-Australia,tier_2,0.0,,
Townsville Power Station.,FNQ,high,no_coord_m1_backstop,FNQ,high,,,FNQ,FNQ corridor (Townsville and north),Townsville,160.0,Turbine - CCGT,Fossil - Natural Gas Pipeline,RATCH-Australia,tier_2,0.0,,
Tuckeroo BESS - KCI,Unclassified,review,no_coord_m1_backstop,Unclassified,review,,,Unclassified,No rule matched — manual review needed,,500.0,Storage - Battery,Other - Other,Tuckeroo BESS Pty Ltd,tier_3,1.0,large_tier3,
Tully BESS,FNQ,high,no_coord_m1_backstop,FNQ,high,,,FNQ,FNQ corridor (Townsville and north),Tully,200.0,Storage - Battery,Other - Other,RWE Renewables Australia Pty Ltd,tier_1,0.0,,
Tully Sugar Mill,FNQ,high,no_coord_m1_backstop,FNQ,high,,,FNQ,FNQ corridor (Townsville and north),Tully,32.0,Turbine - Steam Super Critical,Renewable Biomass or Waste - Bagasse,Tully Sugar Limited,tier_1,0.0,,
Tummaville Hybrid Facility - BESS (KCI),SD,medium,no_coord_m1_backstop,SD,medium,,,SD,SD region (Millmerran/Inglewood corridor),Tummaville,500.0,Storage - Battery,Other - Other,Elements Green Australia Pty Ltd,tier_2,0.0,,
Tummaville Hybrid Facility - Solar (KCI),SD,medium,no_coord_m1_backstop,SD,medium,,,SD,SD region (Millmerran/Inglewood corridor),Tummaville,500.0,Solar PV - Fixed,Solar - Solar,Elements Green Australia Pty Ltd,tier_2,0.0,,
Tumuruu BESS,Unclassified,review,no_coord_m1_backstop,Unclassified,review,,,Unclassified,No rule matched — manual review needed,,295.0,Storage - Battery,Other - Other,Austraiian Solar,tier_3,0.0,,
Tumuruu Solar Farm,Unclassified,review,no_coord_m1_backstop,Unclassified,review,,,Unclassified,No rule matched — manual review needed,,464.0,Solar PV - Fixed,Solar - Solar,Austraiian Solar,tier_3,0.0,,
Tyrone BESS,Unclassified,review,no_coord_m1_backstop,Unclassified,review,,,Unclassified,No rule matched — manual review needed,,400.0,Storage - Battery,Other - Other,European Energy Australia P/L,tier_1,0.0,,
Tyrone Solar,Unclassified,review,no_coord_m1_backstop,Unclassified,review,,,Unclassified,No rule matched — manual review needed,,400.0,Solar PV - Fixed,Solar - Solar,European Energy Australia P/L,tier_1,0.0,,
Ulinda Park BESS,WD,high,no_coord_m1_backstop,WD,high,,,WD,WD substation/Chinchilla corridor,Ulinda Park,156.0,Storage - Battery,Other,Ulinda Park ProjectCo Pty Ltd,tier_3,0.0,,
University of Southern Queensland Toowoomba,SEQ,high,no_coord_m1_backstop,SEQ,high,,,SEQ,SEQ corridor (Brisbane/Ipswich/Toowoomba),Toowoomba,1.09,Solar PV - Fixed,Solar,TBA,tier_3,0.0,,
Upper Burdekin Wind Farm,FNQ,high,no_coord_m1_backstop,FNQ,high,,,FNQ,FNQ corridor (Townsville and north),Upper Burdekin,500.0,,Wind,Windlab Developments,tier_2,0.0,,
Upper Burdekin Wind Farm - KCI,FNQ,high,no_coord_m1_backstop,FNQ,high,,,FNQ,FNQ corridor (Townsville and north),Upper Burdekin,355.0,Wind Turbine - Onshore,Wind - Wind,UPPER BURDEKIN WIND FARM PTY LTD,tier_3,0.0,,
Upper Calliope Solar Farm (side A),CQ,high,no_coord_m1_backstop,CQ,high,,,CQ,CQ corridor (Callide/Gladstone/Isaac),Calliope,291.0,Solar PV - Fixed,Solar - Solar,European Energy S/A,tier_1,0.0,,
Valdora Solar Farm,SEQ,high,no_coord_m1_backstop,SEQ,high,,,SEQ,SEQ corridor (Brisbane/Ipswich/Toowoomba),Valdora,15.0,Solar PV - Fixed,Solar - Solar,Diamond Energy Pty Ltd,tier_3,0.0,,
Victoria Mill,FNQ,high,no_coord_m1_backstop,FNQ,high,,,FNQ,FNQ corridor (Townsville and north),Victoria Mill,19.0,Turbine - Steam Sub Critical,Bagasse,Wilmar Sugar (Herbet) Pty Ltd,tier_3,0.0,,
Vulcan Yatala,SEQ,high,no_coord_m1_backstop,SEQ,high,,,SEQ,SEQ corridor (Brisbane/Ipswich/Toowoomba),Vulcan Yatala,0.2,Solar PV - Fixed,Solar - Solar,TBA,tier_3,0.0,,
Wambo Wind Farm,DD,high,no_coord_m1_backstop,DD,high,,,DD,Darling Downs corridor (Dalby/Bell),Wambo Wind,500.0,,Wind, Cubico Sustainable Investments Australia Pty Ltd,tier_1,0.0,,
Wamuran BESS - KCI,SEQ,high,no_coord_m1_backstop,SEQ,high,,,SEQ,SEQ corridor (Brisbane/Ipswich/Toowoomba),Wamuran,630.0,Storage - Battery,Other - Other,RTB Renewables Pty Ltd,tier_2,0.0,,
Wandoan South BESS,WD,high,no_coord_m1_backstop,WD,high,,,WD,WD substation/Chinchilla corridor,Wandoan,100.0,Storage - Battery,Other,Vena Evergy,tier_3,0.0,,
Wandoan South Solar,WD,high,no_coord_m1_backstop,WD,high,,,WD,WD substation/Chinchilla corridor,Wandoan,650.0,Solar PV - Single axis tracking,Solar,Vena Evergy,tier_3,1.0,large_tier3,
Wandoan South Solar Stage 1,WD,high,no_coord_m1_backstop,WD,high,,,WD,WD substation/Chinchilla corridor,Wandoan,160.0,Solar PV - Single axis tracking,Solar,Vena Evergy,tier_3,0.0,,
Wandoan South Solar Stage 2,WD,high,no_coord_m1_backstop,WD,high,,,WD,WD substation/Chinchilla corridor,Wandoan,240.0,Solar PV - Single axis tracking,Solar - Solar,TBSOL,tier_3,0.0,,
Wantirna Mini Hydro,Unclassified,review,no_coord_m1_backstop,Unclassified,review,,,Unclassified,No rule matched — manual review needed,,0.132,Hydro - Dam,Water,TBA,tier_3,0.0,,
Warwick Solar Farm,SD,high,no_coord_m1_backstop,SD,high,,,SD,Southern Downs corridor (Karara/Warwick/Bulli Creek),Warwick Solar,64.208,Solar PV - Single axis tracking,Solar,The University of Queensland,tier_3,0.0,,
Western Downs Battery,WD,high,no_coord_m1_backstop,WD,high,,,WD,WD substation/Chinchilla corridor,Western Downs,259.2,Storage - Battery,Other - Other,Western Downs BESS Trust,tier_3,0.0,,
Western Downs Battery - Stage 1 And 2,WD,high,no_coord_m1_backstop,WD,high,,,WD,WD substation/Chinchilla corridor,Western Downs,254.94,Storage - Battery,Other - Other,Western Downs BESS Pty Ltd as trustee for Western Downs BESS Trust,tier_3,0.0,,
Western Downs Battery Connection,WD,high,no_coord_m1_backstop,WD,high,,,WD,WD substation/Chinchilla corridor,Western Downs,1000.0,,Storage,Neoen,tier_1,1.0,stale_proposed_4plus_releases,
Western Downs Battery Connection - KCI,WD,high,no_coord_m1_backstop,WD,high,,,WD,WD substation/Chinchilla corridor,Western Downs,1000.0,Storage - Battery,Other - Other,Neoen Australia Pty Ltd,tier_1,0.0,,
Western Downs Gas Peaking Plant,WD,high,no_coord_m1_backstop,WD,high,,,WD,WD substation/Chinchilla corridor,Western Downs,207.0,,Natural Gas Pipeline,PowerGen P51 Pty Ltd,tier_3,0.0,,
Western Downs Gas Peaking Plant - KCI,WD,high,no_coord_m1_backstop,WD,high,,,WD,WD substation/Chinchilla corridor,Western Downs,207.0,Turbine - CCGT,Other - Other, PowerGen P51 Pty Ltd,tier_3,0.0,,
Western Downs Green Power Hub,WD,high,no_coord_m1_backstop,WD,high,,,WD,WD substation/Chinchilla corridor,Western Downs,400.0,Solar PV - Single axis tracking,Solar,Western Downs Green Power Hub Pty Ltd,tier_3,0.0,,
Western Downs Green Power Hub P/L,WD,high,no_coord_m1_backstop,WD,high,,,WD,WD substation/Chinchilla corridor,Western Downs,399.97,Solar PV - Single axis tracking,Solar - Solar,Western Downs Green Power Hub Pty Ltd,tier_3,0.0,,
Whitsunday Solar Farm,CQ,high,no_coord_m1_backstop,CQ,high,,,CQ,CQ corridor (Callide/Gladstone/Isaac),Whitsunday,57.5,Solar PV - Single axis tracking,Solar,Whitsunday Solar Farm Pty Ltd,tier_3,0.0,,
Whitwood Road,SEQ,high,no_coord_m1_backstop,SEQ,high,,,SEQ,SEQ corridor (Brisbane/Ipswich/Toowoomba),Whitwood,1.123,Reciprocating Engine - Spark ignition,Landfill Methane / Landfill Gas,LMS Energy Pty Ltd,tier_3,0.0,,
Windy Hill,FNQ,high,no_coord_m1_backstop,FNQ,high,,,FNQ,FNQ corridor (Townsville and north),Windy Hill,12.0,Wind Turbine - Onshore,Wind,Ratch Australia,tier_2,0.0,,
Wivenhoe,SEQ,high,no_coord_m1_backstop,SEQ,high,,,SEQ,SEQ corridor (Brisbane/Ipswich/Toowoomba),Wivenhoe,285.0,Storage - Pumped hydro,Water,CleanCo Queensland Limited,tier_1,0.0,,
Wivenhoe Regional Energy Hub - Solar,SEQ,high,no_coord_m1_backstop,SEQ,high,,,SEQ,SEQ corridor (Brisbane/Ipswich/Toowoomba),Wivenhoe,1000.0,Solar PV - Single axis tracking,Solar,SolarQ Pty Ltd,tier_3,1.0,large_tier3,
Wivenhoe Regional Energy Hub - Storage,SEQ,high,no_coord_m1_backstop,SEQ,high,,,SEQ,SEQ corridor (Brisbane/Ipswich/Toowoomba),Wivenhoe,1000.0,Storage - Battery,Other,SolarQ Pty Ltd,tier_3,1.0,large_tier3,
Wivenhoe Small Hydro,SEQ,high,no_coord_m1_backstop,SEQ,high,,,SEQ,SEQ corridor (Brisbane/Ipswich/Toowoomba),Wivenhoe,4.5,Hydro - Dam,Water,Stanwell Corporation Limited,tier_1,0.0,,
Wooderson Solar Farm,WG,medium,no_coord_m1_backstop,WG,medium,,,WG,Wide Bay region (judgement call),Wooderson,450.18,Solar PV - Single axis tracking,Solar - Solar,Wooderson Solar Development Company Pty Ltd,tier_3,0.0,,
Woodstock BESS,Unclassified,review,no_coord_m1_backstop,Unclassified,review,,,Unclassified,No rule matched — manual review needed,,500.0,Storage - Battery,Other,AGL Energy Limited,tier_1,0.0,,
Woodstock Renewable Energy Hub - BESS,Unclassified,review,no_coord_m1_backstop,Unclassified,review,,,Unclassified,No rule matched — manual review needed,,528.0,Storage - Battery,Other - Other,Private Energy Partners,tier_3,2.0,large_tier3; generic_name,
Woodstock Renewable Energy Hub - Solar,Unclassified,review,no_coord_m1_backstop,Unclassified,review,,,Unclassified,No rule matched — manual review needed,,528.0,Solar PV - Fixed,Solar - Solar,Private Energy Partners,tier_3,2.0,large_tier3; generic_name,
Woolcock Centre,FNQ,high,no_coord_m1_backstop,FNQ,high,,,FNQ,FNQ corridor (Townsville and north),Woolcock,0.3,Solar PV - Fixed,Solar - Solar,TBA,tier_3,0.0,,
Woolooga BESS,WG,high,no_coord_m1_backstop,WG,high,,,WG,Woolooga corridor (Gympie/Maryborough),Woolooga,280.96,Storage - Battery,Other - Other,Woolooga BESS Fund Pty Limited as trustee for the Woolooga BESS Trust,tier_3,0.0,,
Woolooga BESS - KCI,WG,high,no_coord_m1_backstop,WG,high,,,WG,Woolooga corridor (Gympie/Maryborough),Woolooga,400.0,Storage - Battery,Other - Other,Elements Green Australia Pty Ltd,tier_2,0.0,,
Woolooga Battery Energy Storage System (BESS),WG,high,no_coord_m1_backstop,WG,high,,,WG,Woolooga corridor (Gympie/Maryborough),Woolooga,176.0,,Other,LightsourceBP,tier_1,0.0,,
Woolooga Solar Farm,WG,high,no_coord_m1_backstop,WG,high,,,WG,Woolooga corridor (Gympie/Maryborough),Woolooga,222.5,Solar PV - Single axis tracking,Solar,Woolooga Fund Pty Ltd,tier_3,0.0,,
Woonga Creek BESS,Unclassified,review,no_coord_m1_backstop,Unclassified,review,,,Unclassified,No rule matched — manual review needed,,750.0,Storage - Battery,Other - Other,Lightsource BP,tier_1,0.0,,
Wooroora Station  Wind Farm,FNQ,high,no_coord_m1_backstop,FNQ,high,,,FNQ,FNQ corridor (Townsville and north),Wooroora,322.4,Wind Turbine - Onshore,Wind - Wind,ARK Energy Corporation Pty Ltd,tier_2,0.0,,
Wooroora Station Wind Farm,FNQ,high,no_coord_m1_backstop,FNQ,high,,,FNQ,FNQ corridor (Townsville and north),Wooroora,322.4,Wind Turbine - Onshore,Wind - Wind,ARK Energy Corporation Pty Ltd,tier_2,0.0,,
Wurdong BESS,CQ,high,no_coord_m1_backstop,CQ,high,,,CQ,CQ corridor (Callide/Gladstone/Isaac),Wurdong,404.8,Storage - Battery,Other - Other,Wurdong ProjectCo Pty Ltd,tier_3,0.0,,
Wurdong BESS (Baywa) - KCI,CQ,high,no_coord_m1_backstop,CQ,high,,,CQ,CQ corridor (Callide/Gladstone/Isaac),Wurdong,320.0,Storage - Battery,Other - Other,BayWA r.e Projects Australia Pty Ltd,tier_2,0.0,,
X-Elio - Sixteen Mile SF BESS,WD,high,no_coord_m1_backstop,WD,high,,,WD,WD substation/Chinchilla corridor,Sixteen Mile,1100.0,Solar PV - Single axis tracking,Solar - Solar,The Trustee for X-ELIO SIXTEEN MILE TRUST,tier_1,0.0,,
Yabulu BESS,FNQ,high,no_coord_m1_backstop,FNQ,high,,,FNQ,FNQ corridor (Townsville and north),Yabulu,264.0,Storage - Battery,Other - Other,Yabulu BESS Pty Ltd,tier_3,0.0,,
Yabulu Battery Energy Storage Systems,FNQ,high,no_coord_m1_backstop,FNQ,high,,,FNQ,FNQ corridor (Townsville and north),Yabulu,40.0,,Storage,Genex Power Limited,tier_1,0.0,,
Yabulu Solar Farm,FNQ,high,no_coord_m1_backstop,FNQ,high,,,FNQ,FNQ corridor (Townsville and north),Yabulu,92.4,Solar PV - Single axis tracking,Solar - Solar,Yabulu Solar Farm Pty Ltd,tier_3,0.0,,
Yabulu Solar Fram,FNQ,high,no_coord_m1_backstop,FNQ,high,,,FNQ,FNQ corridor (Townsville and north),Yabulu,108.0,,Solar,Ace Power,tier_3,0.0,,
Yabulu South BESS,FNQ,high,no_coord_m1_backstop,FNQ,high,,,FNQ,FNQ corridor (Townsville and north),Yabulu,200.0,Storage - Battery,Other - Other,Yabulu South BESS Pty Ltd,tier_3,0.0,,
Yarranlea Solar Farm,SEQ,high,no_coord_m1_backstop,SEQ,high,,,SEQ,SEQ corridor (Brisbane/Ipswich/Toowoomba),Yarranlea,121.0,Solar PV - Single axis tracking,Solar - Solar,Yarranlea Solar Pty Ltd,tier_3,0.0,,
Yarwun 1,CQ,high,no_coord_m1_backstop,CQ,high,,,CQ,CQ corridor (Callide/Gladstone/Isaac),Yarwun,180.0,Turbine - CCGT,Natural Gas Pipeline,RTA Yarwun Pty Ltd,tier_3,0.0,,
Yelarbon SF and BESS - KCI,SD,high,no_coord_m1_backstop,SD,high,,,SD,Southern Downs corridor (Karara/Warwick/Bulli Creek),Yelarbon,200.0,Solar PV - Fixed,Solar - Solar,Elgin Energy,tier_3,2.0,stale_proposed_4plus_releases,
Yuleba North Solar Project,DD,high,no_coord_m1_backstop,DD,high,,,DD,Darling Downs corridor (Dalby/Bell),Yuleba,300.0,Solar PV - Fixed,Solar,Vena Energy,tier_1,1.0,stale_proposed_4plus_releases,
101 Miller Street,Unclassified,review,no_coord_m1_backstop,Unclassified,review,,,Unclassified,No rule matched — manual review needed,,,,,,,,,
133 Castlereagh St,Unclassified,review,no_coord_m1_backstop,Unclassified,review,,,Unclassified,No rule matched — manual review needed,,,,,,,,,
20 Bond St,Unclassified,review,no_coord_m1_backstop,Unclassified,review,,,Unclassified,No rule matched — manual review needed,,,,,,,,,
200 Victoria St,Unclassified,review,no_coord_m1_backstop,Unclassified,review,,,Unclassified,No rule matched — manual review needed,,,,,,,,,
275 Kent St,Unclassified,review,no_coord_m1_backstop,Unclassified,review,,,Unclassified,No rule matched — manual review needed,,,,,,,,,
321 Exhibition Street Trigen,Unclassified,review,no_coord_m1_backstop,Unclassified,review,,,Unclassified,No rule matched — manual review needed,,,,,,,,,
40 Mount St,Unclassified,review,no_coord_m1_backstop,Unclassified,review,,,Unclassified,No rule matched — manual review needed,,,,,,,,,
8 Chifley Place,Unclassified,review,no_coord_m1_backstop,Unclassified,review,,,Unclassified,No rule matched — manual review needed,,,,,,,,,
990 Latrobe St,GIP,medium,no_coord_m1_backstop,GIP,medium,,,GIP,Gippsland REZ corridor (Latrobe Valley 500 kV),Latrobe,,,,,,,,
Adelaide Airport,MN,medium,no_coord_m1_backstop,MN,medium,,,MN,Mid-North SA REZ corridor (Robertstown/Davenport/Cultana),Adelaide,,,,,,,,
Adelaide Zoo Solar System,MN,medium,no_coord_m1_backstop,MN,medium,,,MN,Mid-North SA REZ corridor (Robertstown/Davenport/Cultana),Adelaide,,,,,,,,
Aeroten Leongatha Solar,Unclassified,review,no_coord_m1_backstop,Unclassified,review,,,Unclassified,No rule matched — manual review needed,,,,,,,,,
AGL Battery (Maoneng),Unclassified,review,no_coord_m1_backstop,Unclassified,review,,,Unclassified,No rule matched — manual review needed,,,,,,,,,
AGL VPP,Unclassified,review,no_coord_m1_backstop,Unclassified,review,,,Unclassified,No rule matched — manual review needed,,,,,,,,,
Alberton Wind Farm,GIP,medium,no_coord_m1_backstop,GIP,medium,,,GIP,Gippsland REZ corridor (Latrobe Valley 500 kV),Alberton,122.4,Wind Turbine - Onshore,Wind - Wind,Synergy Wind Pty Ltd,,,,
Albury Renewable Energy Facility,SW-NSW,medium,no_coord_m1_backstop,SW-NSW,medium,,,SW-NSW,South-West NSW REZ corridor (Buronga/Dinawan/Wagga/PEC),Albury,,,,,,,,
Angaston,MN,high,agree,MN,medium,MN,high,MN,Mid-North SA REZ corridor (Robertstown/Davenport/Cultana),Angaston,30.8,Reciprocating Engine - Compression ignition,Fossil - Diesel,Snowy Hydro Ltd,,,,
Appin,ILW,medium,no_coord_m1_backstop,ILW,medium,,,ILW,Illawarra REZ corridor (Dapto/Avon/Wollongong),Appin,55.62,Reciprocating Engine - Spark ignition,Fossil - Waste Coal Mine Gas,EDL CSM NSW Pty Ltd,,,,
Ararat Wind Farm,WV,high,agree,WV,high,WV,high,WV,Western Victoria REZ corridor (Bulgana/Ararat/WRL),Ararat,240.0,Wind Turbine - Onshore,Wind - Wind,Ararat Wind Farm Pty Ltd,,,,
Armidale Pumped Hydro,NEW,high,agree,NEW,high,NEW,medium,NEW,New England REZ corridor (Armidale/Tamworth/Dumaresq),Armidale,,,,,,,,
Aurora Solar Energy Project - Phase 1,EYR,medium,no_coord_m1_backstop,EYR,medium,,,EYR,EYR,Aurora Solar,140.0,Storage - Battery,Other - Other,SiliconAurora,,,,
AusNet Services Deakin University Victoria Geelong PV Plant,SW-VIC,medium,no_coord_m1_backstop,SW-VIC,medium,,,SW-VIC,South-West Victoria REZ corridor (Mortlake/Moorabool/Heywood),Geelong,,,,,,,,
Avonlie Solar Farm,SW-NSW,high,agree,SW-NSW,medium,SW-NSW,high,SW-NSW,South-West NSW REZ corridor (Buronga/Dinawan/Wagga/PEC),Avonlie,254.1,Solar PV - Single axis tracking,Solar - Solar,Iberdrola Australia Limited,,,,
Awaba,HCC,medium,no_coord_m1_backstop,HCC,medium,,,HCC,Hunter-Central Coast REZ corridor (Bayswater/Eraring/Singleton),Awaba,,,,,,,,
Axedale Solar Farm,CN-VIC,medium,no_coord_m1_backstop,CN-VIC,medium,,,CN-VIC,Central North Victoria REZ corridor (Bendigo/Shepparton),Axedale,140.0,Storage - Battery,Other - Other,UPC Renewables Australia,,,,
Bairnsdale,GIP,high,agree,GIP,medium,GIP,high,GIP,Gippsland REZ corridor (Latrobe Valley 500 kV),Bairnsdale,47.0,Turbine - OCGT,Fossil - Natural Gas Pipeline,Alinta DEBO,,,,
Bakers Maison,Unclassified,review,no_coord_m1_backstop,Unclassified,review,,,Unclassified,No rule matched — manual review needed,,,,,,,,,
Bald Hills Wind Farm,GIP,high,agree,GIP,medium,GIP,high,GIP,Gippsland REZ corridor (Latrobe Valley 500 kV),Bald Hills,106.6,Wind Turbine - Onshore,Wind - Wind,Bald Hills Wind Farm Pty Ltd,,,,
Ballarat,WV,high,agree,WV,medium,WV,high,WV,Western Victoria REZ corridor (Bulgana/Ararat/WRL),Ballarat,,,,,,,,
Ballarat Base Hospital Plant,WV,medium,no_coord_m1_backstop,WV,medium,,,WV,Western Victoria REZ corridor (Bulgana/Ararat/WRL),Ballarat,1.6,Reciprocating Engine - Compression ignition,Fossil - Diesel,Ballarat Health Services,,,,
Ballarat Energy Storage System,WV,high,agree,WV,medium,WV,high,WV,Western Victoria REZ corridor (Bulgana/Ararat/WRL),Ballarat,30.0,Storage - Battery,Other - Other,Ausnet Transmission Group Pty Ltd,,,,
Bango Wind Farm,SW-NSW,high,agree,SW-NSW,medium,SW-NSW,high,SW-NSW,South-West NSW REZ corridor (Buronga/Dinawan/Wagga/PEC),Bango,,,,,,,,
Banimboola,CN-VIC,high,agree,CN-VIC,medium,CN-VIC,high,CN-VIC,Central North Victoria REZ corridor (Bendigo/Shepparton),Banimboola,10.0,Hydro - Dam,Hydro - Water,AGL Hydro Partnership,,,,
Bankstown Sports Club,Unclassified,review,no_coord_m1_backstop,Unclassified,review,,,Unclassified,No rule matched — manual review needed,,,,,,,,,
Bannerton Solar Park,MR,high,agree,MR,medium,MR,high,MR,Murray River REZ corridor (Kerang/Red Cliffs/PEC western feed),Bannerton,100.0,Solar PV - Single axis tracking,Solar - Solar,Foresight Solar Australia Pty Ltd,,,,
Barker Inlet Power Station,MN,high,agree,MN,medium,MN,high,MN,Mid-North SA REZ corridor (Robertstown/Davenport/Cultana),Barker Inlet,210.0,Reciprocating Engine - Spark ignition,Fossil - Natural Gas Pipeline,AGL Barker Inlet Pty Ltd,,,,
Barn Hill,EYR,medium,no_coord_m1_backstop,EYR,medium,,,EYR,EYR,Barn Hill,186.0,Wind Turbine - Onshore,Wind - Wind,Barn HIll Wind Farm Pty Ltd,,,,
Baroota Pumped Hydro Project,MN,medium,no_coord_m1_backstop,MN,medium,,,MN,Mid-North SA REZ corridor (Robertstown/Davenport/Cultana),Baroota,250.0,Hydro - Dam,Hydro - Water,ACEN Renewables,,,,
Bastyan,TAS-NW,high,agree,TAS-NW,high,TAS-NW,review,TAS-NW,Tasmania single catchment (NW Transmission Devs + Central Highlands hydro) — single user-specified catchment covers all TAS1 sites,(TAS region),79.9,Hydro - Dam,Hydro - Water,Hydro-Electric Corporation,,,,
Battery of the Nation - Stage 1,TAS-NW,high,no_coord_m1_backstop,TAS-NW,high,,,TAS-NW,Tasmania single catchment (NW Transmission Devs + Central Highlands hydro) — single user-specified catchment covers all TAS1 sites,(TAS region),,,,,,,,
Battery of the Nation - Stage 2a,TAS-NW,high,no_coord_m1_backstop,TAS-NW,high,,,TAS-NW,Tasmania single catchment (NW Transmission Devs + Central Highlands hydro) — single user-specified catchment covers all TAS1 sites,(TAS region),,,,,,,,
Battery of the Nation - Stage 2b,TAS-NW,high,no_coord_m1_backstop,TAS-NW,high,,,TAS-NW,Tasmania single catchment (NW Transmission Devs + Central Highlands hydro) — single user-specified catchment covers all TAS1 sites,(TAS region),750.0,Storage - Pumped hydro,Hydro - Water,Hydro Tasmania,,,,
Battery of the Nation - Stage 3a,TAS-NW,high,no_coord_m1_backstop,TAS-NW,high,,,TAS-NW,Tasmania single catchment (NW Transmission Devs + Central Highlands hydro) — single user-specified catchment covers all TAS1 sites,(TAS region),,,,,,,,
Battery of the Nation - Stage 3b,TAS-NW,high,no_coord_m1_backstop,TAS-NW,high,,,TAS-NW,Tasmania single catchment (NW Transmission Devs + Central Highlands hydro) — single user-specified catchment covers all TAS1 sites,(TAS region),750.0,Storage - Pumped hydro,Hydro - Water,Hydro Tasmania,,,,
Bayswater,HCC,high,boundary_swap_m1_review,NEW,review,HCC,high,NEW,"New England REZ corridor (Armidale/Tamworth/Dumaresq) — shared keyword across REZs: ['HCC', 'NEW']; primary assignment based on substation locality",Bayswater,685.0,Turbine - Steam Sub Critical,Fossil - Black Coal,AGL Macquarie Pty Limited,,,,
Bayswood Timber Hallam VIC,Unclassified,review,no_coord_m1_backstop,Unclassified,review,,,Unclassified,No rule matched — manual review needed,,,,,,,,,
Beaconhills College Berwick,Unclassified,review,no_coord_m1_backstop,Unclassified,review,,,Unclassified,No rule matched — manual review needed,,,,,,,,,
Belconnen,Unclassified,review,no_coord_m1_backstop,Unclassified,review,,,Unclassified,No rule matched — manual review needed,,,,,,,,,
Bell Bay Three,TAS-NW,high,no_coord_m1_backstop,TAS-NW,high,,,TAS-NW,Tasmania single catchment (NW Transmission Devs + Central Highlands hydro) — single user-specified catchment covers all TAS1 sites,(TAS region),40.0,Turbine - OCGT,Fossil - Natural Gas Pipeline,AETV Pty Ltd,,,,
Bells Mountain Pumped Hydro,HCC,high,excluded_m1,Unclassified,review,HCC,high,Unclassified,No rule matched — manual review needed,,,,,,,,,
Belrose,Unclassified,review,no_coord_m1_backstop,Unclassified,review,,,Unclassified,No rule matched — manual review needed,,,,,,,,,
Ben More,Unclassified,review,no_coord_m1_backstop,Unclassified,review,,,Unclassified,No rule matched — manual review needed,,,,,,,,,
Bendigo,CN-VIC,high,no_coord_m1_backstop,CN-VIC,high,,,CN-VIC,Central North Victoria REZ corridor (Bendigo/Shepparton),Bendigo,,,,,,,,
Berrimal Wind Farm,Unclassified,review,no_coord_m1_backstop,Unclassified,review,,,Unclassified,No rule matched — manual review needed,,,,,,,,,
Berrybank Wind Farm,SW-VIC,high,no_coord_m1_backstop,SW-VIC,high,,,SW-VIC,South-West Victoria REZ corridor (Mortlake/Moorabool/Heywood),Berrybank,180.6,Wind Turbine - Onshore,Wind - Wind,Berrbank Development Pty ltd,,,,
Berwick,Unclassified,review,no_coord_m1_backstop,Unclassified,review,,,Unclassified,No rule matched — manual review needed,,,,,,,,,
Beryl Solar Farm,CWO,high,agree,CWO,medium,CWO,high,CWO,Central-West Orana REZ corridor (Elong Elong/Merotherie/Wollar),Beryl,98.4,Solar PV - Single axis tracking,Solar - Solar,FS NSW Project No 1 AT Pty Ltd as trustee of FS NSW Project No 1 Asset Trust,,,,
BHP Olympic Dam Backup Generation,Unclassified,review,no_coord_m1_backstop,Unclassified,review,,,Unclassified,No rule matched — manual review needed,,,,,,,,,
Biala Wind Farm,SW-NSW,high,excluded_m1,Unclassified,review,SW-NSW,high,Unclassified,No rule matched — manual review needed,,,,,,,,,
Blackmores,Unclassified,review,no_coord_m1_backstop,Unclassified,review,,,Unclassified,No rule matched — manual review needed,,,,,,,,,
Blayney,CWO,medium,excluded_m1,Unclassified,review,CWO,medium,Unclassified,No rule matched — manual review needed,,,,,,,,,
Blowering,SW-NSW,high,agree,SW-NSW,medium,SW-NSW,high,SW-NSW,South-West NSW REZ corridor (Buronga/Dinawan/Wagga/PEC),Blowering,80.0,Hydro - Dam,Hydro - Water,Snowy Hydro Ltd,,,,
Blue Lake Milling Power Plant,Unclassified,review,no_coord_m1_backstop,Unclassified,review,,,Unclassified,No rule matched — manual review needed,,,,,,,,,
Boco Rock Wind Farm,SW-NSW,high,agree,SW-NSW,medium,SW-NSW,high,SW-NSW,South-West NSW REZ corridor (Buronga/Dinawan/Wagga/PEC),Boco Rock,98.6,Wind Turbine - Onshore,Wind - Wind,South Pacific Power Pty Ltd,,,,
Bodangora Wind Farm,CWO,high,agree,CWO,review,CWO,high,CWO,"Central-West Orana REZ corridor (Elong Elong/Merotherie/Wollar) — shared keyword across REZs: ['CWO', 'SW-NSW']; primary assignment based on substation locality",Bodangora,113.19,Wind Turbine - Onshore,Wind - Wind,Bodangora Wind Farm Pty Ltd,,,,
Bogan River,Unclassified,review,no_coord_m1_backstop,Unclassified,review,,,Unclassified,No rule matched — manual review needed,,,,,,,,,
Bogong / Mackay,CN-VIC,medium,no_coord_m1_backstop,CN-VIC,medium,,,CN-VIC,Central North Victoria REZ corridor (Bendigo/Shepparton),Bogong,160.02,Hydro - Dam,Hydro - Water,AGL Hydro Partnership,,,,
Bolivar Waste Water Treatment,MN,medium,no_coord_m1_backstop,MN,medium,,,MN,Mid-North SA REZ corridor (Robertstown/Davenport/Cultana),Bolivar,8.25,Storage - Battery,Other - Other,South Australian Water Corporation,,,,
Bomen Solar Farm,SW-NSW,high,agree,SW-NSW,medium,SW-NSW,high,SW-NSW,South-West NSW REZ corridor (Buronga/Dinawan/Wagga/PEC),Bomen,121.0,Solar PV - Single axis tracking,Solar - Solar,Spark Infrastructure Holdings No. 6 Pty Limited,,,,
Boronia Mini Hydro,Unclassified,review,no_coord_m1_backstop,Unclassified,review,,,Unclassified,No rule matched — manual review needed,,,,,,,,,
Brewongle Solar Farm,CWO,medium,no_coord_m1_backstop,CWO,medium,,,CWO,Central-West Orana REZ corridor (Elong Elong/Merotherie/Wollar),Brewongle,100.0,Solar PV - Fixed,Solar - Solar,Edify Energy Pty Ltd,,,,
Bridgewater,SW-VIC,high,excluded_m1,Unclassified,review,SW-VIC,high,Unclassified,No rule matched — manual review needed,,,,,,,,,
Bridle Track Solar Project,MN,high,agree,MN,medium,MN,high,MN,Mid-North SA REZ corridor (Robertstown/Davenport/Cultana),Bridle Track,300.0,Solar PV - Single axis tracking,Solar - Solar,ACEN Renewables,,,,
Broadmeadows,Unclassified,review,no_coord_m1_backstop,Unclassified,review,,,Unclassified,No rule matched — manual review needed,,,,,,,,,
Broadwater,Unclassified,review,no_coord_m1_backstop,Unclassified,review,,,Unclassified,No rule matched — manual review needed,,38.0,Turbine - Steam Sub Critical,Renewable Biomass or Waste - Biomass,Cape Byron Management PTY LTD,,,,
Brocklehurst Solar Farm,Unclassified,review,no_coord_m1_backstop,Unclassified,review,,,Unclassified,No rule matched — manual review needed,,,,,,,,,
Broken Hill GT,SW-NSW,medium,no_coord_m1_backstop,SW-NSW,medium,,,SW-NSW,South-West NSW REZ corridor (Buronga/Dinawan/Wagga/PEC),Broken Hill,50.0,Turbine - OCGT,Fossil - Diesel,Transgrid,,,,
Broken Hill Solar Plant,SW-NSW,high,agree,SW-NSW,medium,SW-NSW,high,SW-NSW,South-West NSW REZ corridor (Buronga/Dinawan/Wagga/PEC),Broken Hill,53.0,Solar PV - Fixed,Solar - Solar,PARF Company 6 Pty Limited,,,,
Brooklyn,SW-VIC,high,excluded_m1,Unclassified,review,SW-VIC,high,Unclassified,No rule matched — manual review needed,,,,,,,,,
Brown Mountain Hydro Power Station,Unclassified,review,no_coord_m1_backstop,Unclassified,review,,,Unclassified,No rule matched — manual review needed,,5.0,Hydro - Dam,Hydro - Water,Cochrane Dam Pty Ltd,,,,
Bulgana Green Power Hub - BESS,WV,high,agree,WV,medium,WV,high,WV,"Western Victoria REZ corridor (Bulgana/Ararat/WRL) — shared keyword across REZs: ['SW-VIC', 'WV']; primary assignment based on substation locality",Bulgana,20.0,Storage - Battery,Other - Other,Bulgana Wind Farm Pty Ltd,,,,
Bulgana Green Power Hub - Wind Farm,WV,high,agree,WV,medium,WV,high,WV,"Western Victoria REZ corridor (Bulgana/Ararat/WRL) — shared keyword across REZs: ['SW-VIC', 'WV']; primary assignment based on substation locality",Bulgana,204.4,Wind Turbine - Onshore,Wind - Wind,Bulgana Wind Farm Pty Ltd,,,,
Bungala One Solar Farm,MN,medium,no_coord_m1_backstop,MN,medium,,,MN,Mid-North SA REZ corridor (Robertstown/Davenport/Cultana),Bungala,135.0,Solar PV - Single axis tracking,Solar - Solar,Bungala One Operations Pty Ltd as trustee for the Bungala One Operations Trust,,,,
Bungala Three Solar Power Plant,MN,medium,no_coord_m1_backstop,MN,medium,,,MN,Mid-North SA REZ corridor (Robertstown/Davenport/Cultana),Bungala,,,,,,,,
Bungala Two Solar Farm,MN,medium,no_coord_m1_backstop,MN,medium,,,MN,Mid-North SA REZ corridor (Robertstown/Davenport/Cultana),Bungala,135.0,Solar PV - Single axis tracking,Solar - Solar,Bungala Two Operations Pty Ltd as trustee for the Bungala Two Operations Trust,,,,
Bungama Solar,MN,high,no_coord_m1_backstop,MN,high,,,MN,Mid-North SA REZ corridor (Robertstown/Davenport/Cultana),Bungama,280.02,Solar PV - Single axis tracking,Solar - Solar,Bungama Project (Solar) Operations Pty Ltd,,,,
Bunurong 260 kW Solar PV Bangholme,Unclassified,review,no_coord_m1_backstop,Unclassified,review,,,Unclassified,No rule matched — manual review needed,,,,,,,,,
Burrendong,CWO,medium,agree,CWO,medium,CWO,medium,CWO,Central-West Orana REZ corridor (Elong Elong/Merotherie/Wollar),Burrendong,19.0,Hydro - Dam,Hydro - Water,AGL Hydro Partnership,,,,
Burrinjuck,SW-NSW,high,agree,SW-NSW,medium,SW-NSW,high,SW-NSW,South-West NSW REZ corridor (Buronga/Dinawan/Wagga/PEC),Burrinjuck,20.0,Hydro - Dam,Hydro - Water,GSP Energy Pty Ltd,,,,
Butlers Gorge,TAS-NW,high,no_coord_m1_backstop,TAS-NW,high,,,TAS-NW,Tasmania single catchment (NW Transmission Devs + Central Highlands hydro) — single user-specified catchment covers all TAS1 sites,(TAS region),12.2,Hydro - Dam,Hydro - Water,Hydro-Electric Corporation,,,,
Canunda,SE-SA,high,agree,SE-SA,medium,SE-SA,high,SE-SA,South-East SA REZ corridor (Tailem Bend/Tungkillo/Heywood interconnector),Canunda,46.0,Wind Turbine - Onshore,Wind - Wind,Canunda Power Pty Ltd,,,,
Capital 2 Wind Farm,ILW,medium,no_coord_m1_backstop,ILW,medium,,,ILW,Illawarra REZ corridor (Dapto/Avon/Wollongong),Capital,134.4,Wind Turbine - Onshore,Wind - Wind,Capital Wind Farm 2 Pty Ltd,,,,
Capital East Solar Farm P1,ILW,high,agree,ILW,medium,ILW,high,ILW,Illawarra REZ corridor (Dapto/Avon/Wollongong),Capital,2.0,Solar PV - Fixed,Solar - Solar,IBERDROLA AUSTRALIA HOLDINGS PTY LIMITED,,,,
Capital East Solar Farm P2,ILW,high,agree,ILW,medium,ILW,high,ILW,Illawarra REZ corridor (Dapto/Avon/Wollongong),Capital,,,,,,,,
Capital Solar Farm,ILW,medium,no_coord_m1_backstop,ILW,medium,,,ILW,Illawarra REZ corridor (Dapto/Avon/Wollongong),Capital,,,,,,,,
Capital Wind Farm,ILW,high,agree,ILW,medium,ILW,high,ILW,Illawarra REZ corridor (Dapto/Avon/Wollongong),Capital Wind Farm,140.7,Wind Turbine - Onshore,Wind - Wind,Renewable Power Ventures Pty Ltd,,,,
Cardinia Creek Mini-Hydro,Unclassified,review,no_coord_m1_backstop,Unclassified,review,,,Unclassified,No rule matched — manual review needed,,,,,,,,,
CARINA WEST H2E,Unclassified,review,no_coord_m1_backstop,Unclassified,review,,,Unclassified,No rule matched — manual review needed,,,,,,,,,
Carisbrook Solar Farm,Unclassified,review,no_coord_m1_backstop,Unclassified,review,,,Unclassified,No rule matched — manual review needed,,,,,,,,,
Carmody's Hill,MN,medium,no_coord_m1_backstop,MN,medium,,,MN,Mid-North SA REZ corridor (Robertstown/Davenport/Cultana),Carmody's Hill,,,,,,,,
Carrick Solar Farm,Unclassified,review,no_coord_m1_backstop,Unclassified,review,,,Unclassified,No rule matched — manual review needed,,,,,,,,,
Carwarp Solar Farm - Stage I,MR,medium,no_coord_m1_backstop,MR,medium,,,MR,Murray River REZ corridor (Kerang/Red Cliffs/PEC western feed),Carwarp,150.0,Solar PV - Single axis tracking,Solar - Solar,Canadian Solar (Australia) Pty Ltd,,,,
Carwarp Solar Farm - Stage II,MR,medium,no_coord_m1_backstop,MR,medium,,,MR,Murray River REZ corridor (Kerang/Red Cliffs/PEC western feed),Carwarp,150.0,Solar PV - Single axis tracking,Solar - Solar,Canadian Solar (Australia) Pty Ltd,,,,
Catagunya / Liapootah / Wayatinah,TAS-NW,high,no_coord_m1_backstop,TAS-NW,high,,,TAS-NW,Tasmania single catchment (NW Transmission Devs + Central Highlands hydro) — single user-specified catchment covers all TAS1 sites,(TAS region),55.8,Hydro - Dam,Hydro - Water,Hydro-Electric Corporation,,,,
Cathedral Rocks,EYR,medium,boundary_swap_m1_review,MN,review,EYR,medium,MN,"Mid-North SA REZ corridor (Robertstown/Davenport/Cultana) — shared keyword across REZs: ['EYR', 'MN']; primary assignment based on substation locality",Cathedral Rocks,62.0,Wind Turbine - Onshore,Wind - Wind,JV Cathedral Rock Investments Pty Ltd  - Acciona Energy Australia Global Pty Ltd and EnergyAustralia Pty Ltd,,,,
Cattle Hill Wind Farm,TAS-NW,high,agree,TAS-NW,high,TAS-NW,medium,TAS-NW,Tasmania single catchment (NW Transmission Devs + Central Highlands hydro) — single user-specified catchment covers all TAS1 sites,(TAS region),144.0,Wind Turbine - Onshore,Wind - Wind,Wild Cattle Hill Pty Ltd,,,,
Cedar Meats Solar Geelong,SW-VIC,medium,no_coord_m1_backstop,SW-VIC,medium,,,SW-VIC,South-West Victoria REZ corridor (Mortlake/Moorabool/Heywood),Geelong,,,,,,,,
Cethana,TAS-NW,high,agree,TAS-NW,high,TAS-NW,high,TAS-NW,Tasmania single catchment (NW Transmission Devs + Central Highlands hydro) — single user-specified catchment covers all TAS1 sites,(TAS region),85.0,Hydro - Dam,Hydro - Water,Hydro-Electric Corporation,,,,
Challicum Hills,WV,high,agree,WV,medium,WV,high,WV,Western Victoria REZ corridor (Bulgana/Ararat/WRL),Challicum Hills,52.5,Wind Turbine - Onshore,Wind - Wind,Pacific Hydro Challicum Hills Pty Ltd,,,,
"Channel Nine - Willoughby, NSW",Unclassified,review,no_coord_m1_backstop,Unclassified,review,,,Unclassified,No rule matched — manual review needed,,,,,,,,,
Chepstowe Wind Farm - VIC,WV,medium,agree,WV,medium,WV,medium,WV,Western Victoria REZ corridor (Bulgana/Ararat/WRL),Chepstowe,6.15,Wind Turbine - Onshore,Wind - Wind,Chepstowe Wind Farm Pty Ltd,,,,
Cherry Tree Wind Farm,CN-VIC,high,agree,CN-VIC,medium,CN-VIC,high,CN-VIC,Central North Victoria REZ corridor (Bendigo/Shepparton),Cherry Tree,57.6,Wind Turbine - Onshore,Wind - Wind,Cherry Tree Wind Farm Pty Limited A.T.F. Cherry Tree Project Trust,,,,
Chillamurra,Unclassified,review,no_coord_m1_backstop,Unclassified,review,,,Unclassified,No rule matched — manual review needed,,,,,,,,,
Chipping Norton Waste to Energy,Unclassified,review,no_coord_m1_backstop,Unclassified,review,,,Unclassified,No rule matched — manual review needed,,8.0,Turbine - Steam Sub Critical,Other - Other,Benedict Indistries P/L,,,,
Clayton,CN-VIC,medium,no_coord_m1_backstop,CN-VIC,medium,,,CN-VIC,Central North Victoria REZ corridor (Bendigo/Shepparton),Clayton,12.0,Reciprocating Engine - Spark ignition,Renewable Biomass or Waste - Landfill Gas,EDL LFG Vic Pty Ltd,,,,
Clements Gap Wind Farm,MN,medium,no_coord_m1_backstop,MN,medium,,,MN,Mid-North SA REZ corridor (Robertstown/Davenport/Cultana),Clements Gap,56.7,Wind Turbine - Onshore,Wind - Wind,Pacific Hydro Clements Gap Pty Ltd,,,,
Clover,CN-VIC,high,agree,CN-VIC,medium,CN-VIC,high,CN-VIC,Central North Victoria REZ corridor (Bendigo/Shepparton),Clover,29.0,Hydro - Dam,Hydro - Water,AGL Hydro Partnership,,,,
Club Merrylands,Unclassified,review,no_coord_m1_backstop,Unclassified,review,,,Unclassified,No rule matched — manual review needed,,,,,,,,,
Cluny,TAS-NW,high,agree,TAS-NW,high,TAS-NW,high,TAS-NW,Tasmania single catchment (NW Transmission Devs + Central Highlands hydro) — single user-specified catchment covers all TAS1 sites,(TAS region),19.0,Hydro - Dam,Hydro - Water,Hydro-Electric Corporation,,,,
Codrington Wind Farm,SW-VIC,high,agree,SW-VIC,medium,SW-VIC,high,SW-VIC,South-West Victoria REZ corridor (Mortlake/Moorabool/Heywood),Codrington,18.2,Wind Turbine - Onshore,Wind - Wind,Energy Pacific (Vic) Pty Ltd,,,,
Cohuna Solar Farm,MR,high,agree,MR,medium,MR,high,MR,Murray River REZ corridor (Kerang/Red Cliffs/PEC western feed),Cohuna,31.16,Solar PV - Single axis tracking,Solar - Solar,Cohuna Solar Farm Pty Ltd as trustee for the Cohuna Solar Farm Trust,,,,
Coleambally Solar Farm,SW-NSW,high,agree,SW-NSW,medium,SW-NSW,high,SW-NSW,South-West NSW REZ corridor (Buronga/Dinawan/Wagga/PEC),Coleambally,150.3,Solar PV - Single axis tracking,Solar - Solar,Coleambally Solar Pty Ltd,,,,
Collector,SW-NSW,high,agree,SW-NSW,medium,SW-NSW,high,SW-NSW,South-West NSW REZ corridor (Buronga/Dinawan/Wagga/PEC),Collector,226.8,Wind Turbine - Onshore,Wind - Wind,Ratch Australia,,,,
Colongra,HCC,high,agree,HCC,medium,HCC,high,HCC,Hunter-Central Coast REZ corridor (Bayswater/Eraring/Singleton),Colongra,181.0,Turbine - OCGT,Fossil - Natural Gas Pipeline,Snowy Hydro Ltd,,,,
Condong,Unclassified,review,no_coord_m1_backstop,Unclassified,review,,,Unclassified,No rule matched — manual review needed,,30.0,Turbine - Steam Sub Critical,Renewable Biomass or Waste - Bagasse,Cape Byron Management PTY LTD,,,,
Congupna Solar Farm,Unclassified,review,no_coord_m1_backstop,Unclassified,review,,,Unclassified,No rule matched — manual review needed,,,,,,,,,
Conroys Gap,SW-NSW,medium,no_coord_m1_backstop,SW-NSW,medium,,,SW-NSW,South-West NSW REZ corridor (Buronga/Dinawan/Wagga/PEC),Conroys Gap,,,,,,,,
Coonooer Bridge Wind Farm,WV,medium,agree,WV,medium,WV,review,WV,Western Victoria REZ corridor (Bulgana/Ararat/WRL),Coonooer Bridge,19.8,Wind Turbine - Onshore,Wind - Wind,Coonooer Bridge Wind Farm Pty Ltd,,,,
Coopers Co-gen,Unclassified,review,no_coord_m1_backstop,Unclassified,review,,,Unclassified,No rule matched — manual review needed,,,,,,,,,
Copeton,NEW,high,agree,NEW,medium,NEW,high,NEW,New England REZ corridor (Armidale/Tamworth/Dumaresq),Copeton,20.0,Hydro - Dam,Hydro - Water,AGL,,,,
Corio,Unclassified,review,no_coord_m1_backstop,Unclassified,review,,,Unclassified,No rule matched — manual review needed,,,,,,,,,
Corowa Solar Farm,SW-NSW,high,agree,SW-NSW,medium,SW-NSW,high,SW-NSW,South-West NSW REZ corridor (Buronga/Dinawan/Wagga/PEC),Corowa,36.01,Solar PV - Single axis tracking,Solar - Solar,Corowa Operationsco Pty Ltd as trustee for Corowa Operations Trust,,,,
Crookwell,SW-NSW,high,agree,SW-NSW,medium,SW-NSW,high,SW-NSW,South-West NSW REZ corridor (Buronga/Dinawan/Wagga/PEC),Crookwell,,,,,,,,
Crookwell 2 Wind Farm,SW-NSW,high,agree,SW-NSW,medium,SW-NSW,high,SW-NSW,South-West NSW REZ corridor (Buronga/Dinawan/Wagga/PEC),Crookwell,96.04,Wind Turbine - Onshore,Wind - Wind,Crookwell Development Pty Ltd,,,,
Crookwell 3 Wind Farm,SW-NSW,high,agree,SW-NSW,medium,SW-NSW,high,SW-NSW,South-West NSW REZ corridor (Buronga/Dinawan/Wagga/PEC),Crookwell,57.6,Wind Turbine - Onshore,Wind - Wind,Crookwell 3 Development Pty Ltd,,,,
Crowlands Wind Farm,WV,high,agree,WV,high,WV,high,WV,Western Victoria REZ corridor (Bulgana/Ararat/WRL),Crowlands,79.95,Wind Turbine - Onshore,Wind - Wind,Pacific Hydro Crowlands Pty Ltd,,,,
Crown Melbourne,Unclassified,review,no_coord_m1_backstop,Unclassified,review,,,Unclassified,No rule matched — manual review needed,,,,,,,,,
CRS Canberra,Unclassified,review,no_coord_m1_backstop,Unclassified,review,,,Unclassified,No rule matched — manual review needed,,,,,,,,,
Crudine Ridge Wind Farm,CWO,medium,agree,CWO,medium,CWO,medium,CWO,Central-West Orana REZ corridor (Elong Elong/Merotherie/Wollar),Crudine Ridge,141.71,Wind Turbine - Onshore,Wind - Wind,CRWF Nominees Pty Ltd as trustee of the CRWF Trust,,,,
Crystal Brook Energy Park - BESS,MN,medium,no_coord_m1_backstop,MN,medium,,,MN,Mid-North SA REZ corridor (Robertstown/Davenport/Cultana),Crystal Brook,,,,,,,,
Crystal Brook Energy Park - Solar,MN,medium,no_coord_m1_backstop,MN,medium,,,MN,Mid-North SA REZ corridor (Robertstown/Davenport/Cultana),Crystal Brook,,,,,,,,
Crystal Brook Energy Park - Wind,MN,medium,no_coord_m1_backstop,MN,medium,,,MN,Mid-North SA REZ corridor (Robertstown/Davenport/Cultana),Crystal Brook,,,,,,,,
Cullerin Range Wind Farm,SW-NSW,high,agree,SW-NSW,medium,SW-NSW,high,SW-NSW,South-West NSW REZ corridor (Buronga/Dinawan/Wagga/PEC),Cullerin,30.0,Wind Turbine - Onshore,Wind - Wind,Cullerin Range Wind Farm Pty Ltd,,,,
Cultana Pumped Hydro Energy Storage,MN,high,agree,MN,medium,MN,high,MN,"Mid-North SA REZ corridor (Robertstown/Davenport/Cultana) — shared keyword across REZs: ['EYR', 'MN']; primary assignment based on substation locality",Cultana,,,,,,,,
Currawarra Solar Farm,Unclassified,review,no_coord_m1_backstop,Unclassified,review,,,Unclassified,No rule matched — manual review needed,,,,,,,,,
Dalrymple BESS,SE-SA,high,agree,SE-SA,medium,SE-SA,high,SE-SA,South-East SA REZ corridor (Tailem Bend/Tungkillo/Heywood interconnector),Dalrymple,30.0,Storage - Battery,Other - Other,ElectraNet,,,,
Dalton,Unclassified,review,no_coord_m1_backstop,Unclassified,review,,,Unclassified,No rule matched — manual review needed,,,,,,,,,
Dandenong PEP,Unclassified,review,no_coord_m1_backstop,Unclassified,review,,,Unclassified,No rule matched — manual review needed,,,,,,,,,
Darlington Point Solar Farm,SW-NSW,high,agree,SW-NSW,high,SW-NSW,high,SW-NSW,South-West NSW REZ corridor (Buronga/Dinawan/Wagga/PEC),Darlington Point,274.97,Solar PV - Single axis tracking,Solar - Solar,Darlington Point Solar Farm Pty Ltd,,,,
Darlington Wind Farm,SW-VIC,medium,no_coord_m1_backstop,SW-VIC,medium,,,SW-VIC,South-West Victoria REZ corridor (Mortlake/Moorabool/Heywood),Darlington,,,,,,,,
Dartmouth,CN-VIC,high,agree,CN-VIC,medium,CN-VIC,high,CN-VIC,Central North Victoria REZ corridor (Bendigo/Shepparton),Dartmouth,185.0,Hydro - Dam,Hydro - Water,AGL Hydro Partnership,,,,
De Bortoli Wines,Unclassified,review,no_coord_m1_backstop,Unclassified,review,,,Unclassified,No rule matched — manual review needed,,,,,,,,,
Devils Gate,TAS-NW,high,agree,TAS-NW,high,TAS-NW,high,TAS-NW,Tasmania single catchment (NW Transmission Devs + Central Highlands hydro) — single user-specified catchment covers all TAS1 sites,(TAS region),60.0,Hydro - Dam,Hydro - Water,Hydro-Electric Corporation,,,,
DHL6 Solar Horsley Park,Unclassified,review,no_coord_m1_backstop,Unclassified,review,,,Unclassified,No rule matched — manual review needed,,,,,,,,,
Drayton's Family Wines Solar,Unclassified,review,no_coord_m1_backstop,Unclassified,review,,,Unclassified,No rule matched — manual review needed,,,,,,,,,
Dry Creek GT,MN,medium,no_coord_m1_backstop,MN,medium,,,MN,Mid-North SA REZ corridor (Robertstown/Davenport/Cultana),Dry Creek,52.0,Turbine - OCGT,Fossil - Natural Gas Pipeline,Synergen Power Pty Ltd,,,,
Dundonnell Wind Farm,SW-VIC,high,agree,SW-VIC,high,SW-VIC,high,SW-VIC,South-West Victoria REZ corridor (Mortlake/Moorabool/Heywood),Dundonnell,168.0,Wind Turbine - Onshore,Wind - Wind,Tilt Renewables,,,,
Dunedoo Solar Farm,CWO,medium,no_coord_m1_backstop,CWO,medium,,,CWO,Central-West Orana REZ corridor (Elong Elong/Merotherie/Wollar),Dunedoo,55.0,Solar PV - Single axis tracking,Solar - Solar,ib vogt GmbH / Sun Spot 4,,,,
Earthpower Technologies Sydney,Unclassified,review,no_coord_m1_backstop,Unclassified,review,,,Unclassified,No rule matched — manual review needed,,,,,,,,,
Eastern Creek,Unclassified,review,no_coord_m1_backstop,Unclassified,review,,,Unclassified,No rule matched — manual review needed,,5.06,Reciprocating Engine - Spark ignition,Renewable Biomass or Waste - Landfill Gas,EDL LFG NSW Pty Ltd,,,,
Eastern Creek 2 Gas Utilisation Facility,Unclassified,review,no_coord_m1_backstop,Unclassified,review,,,Unclassified,No rule matched — manual review needed,,4.49,Reciprocating Engine - Spark ignition,Renewable Biomass or Waste - Landfill Gas,LMS Energy Pty Ltd,,,,
Eildon,CN-VIC,high,agree,CN-VIC,medium,CN-VIC,high,CN-VIC,Central North Victoria REZ corridor (Bendigo/Shepparton),Eildon,60.0,Hydro - Dam,Hydro - Water,AGL Hydro Partnership,,,,
Eildon Pondage Power Station (EPPS),CN-VIC,high,agree,CN-VIC,medium,CN-VIC,high,CN-VIC,Central North Victoria REZ corridor (Bendigo/Shepparton),Eildon,4.5,Hydro - Run of River,Hydro - Water,Pacific Hydro Investments Pty Ltd,,,,
Elaine Wind Farm,WV,high,agree,WV,medium,WV,high,WV,Western Victoria REZ corridor (Bulgana/Ararat/WRL),Elaine,83.6,Wind Turbine - Onshore,Wind - Wind,Northleaf /InfraRed/Macquarie Capital,,,,
Eraring,HCC,high,agree,HCC,high,HCC,high,HCC,Hunter-Central Coast REZ corridor (Bayswater/Eraring/Singleton),Eraring,720.0,Turbine - Steam Sub Critical,Fossil - Black Coal,Origin Energy Eraring Pty Ltd,,,,
Eraring GT,HCC,high,no_coord_m1_backstop,HCC,high,,,HCC,Hunter-Central Coast REZ corridor (Bayswater/Eraring/Singleton),Eraring,41.5,Turbine - OCGT,Fossil - Diesel,Origin Energy Eraring Pty Ltd,,,,
Erskine Park,Unclassified,review,no_coord_m1_backstop,Unclassified,review,,,Unclassified,No rule matched — manual review needed,,,,,,,,,
Exmoor,Unclassified,review,no_coord_m1_backstop,Unclassified,review,,,Unclassified,No rule matched — manual review needed,,,,,,,,,
Ferguson Wind Farm,SW-VIC,review,boundary_swap_m1_med_far,WV,medium,SW-VIC,medium,WV,Western Victoria REZ corridor (Bulgana/Ararat/WRL),Ferguson,12.0,Wind Turbine - Onshore,Wind - Wind,Ferguson Wind Farm Pty Ltd,,,,
Finley Solar Farm,SW-NSW,high,agree,SW-NSW,medium,SW-NSW,high,SW-NSW,South-West NSW REZ corridor (Buronga/Dinawan/Wagga/PEC),Finley,162.36,Solar PV - Single axis tracking,Solar - Solar,Finley Solar Farm Pty Ltd as The trustee for Finley Solar Trust,,,,
Finley Solar Project,SW-NSW,medium,no_coord_m1_backstop,SW-NSW,medium,,,SW-NSW,South-West NSW REZ corridor (Buronga/Dinawan/Wagga/PEC),Finley,,,,,,,,
Fisher,TAS-NW,high,agree,TAS-NW,high,TAS-NW,medium,TAS-NW,Tasmania single catchment (NW Transmission Devs + Central Highlands hydro) — single user-specified catchment covers all TAS1 sites,(TAS region),43.2,Hydro - Dam,Hydro - Water,Hydro-Electric Corporation,,,,
Flavorite Marketing,Unclassified,review,no_coord_m1_backstop,Unclassified,review,,,Unclassified,No rule matched — manual review needed,,,,,,,,,
Flyers Creek Wind Farm,CWO,medium,agree,CWO,medium,CWO,medium,CWO,Central-West Orana REZ corridor (Elong Elong/Merotherie/Wollar),Flyers Creek,145.54,Wind Turbine - Onshore,Wind - Wind,Flyers Creek Wind Farm Pty Ltd,,,,
Gannawarra Energy Storage System,MR,high,agree,MR,medium,MR,high,MR,Murray River REZ corridor (Kerang/Red Cliffs/PEC western feed),Gannawarra,25.33,Storage - Battery,Other - Other,GESS ProjectCo,,,,
Gannawarra Solar Farm,MR,high,agree,MR,medium,MR,high,MR,Murray River REZ corridor (Kerang/Red Cliffs/PEC western feed),Gannawarra,55.0,Solar PV - Single axis tracking,Solar - Solar,Gannawarra Solar Farm Pty Ltd,,,,
George Town Solar,TAS-NW,high,no_coord_m1_backstop,TAS-NW,high,,,TAS-NW,Tasmania single catchment (NW Transmission Devs + Central Highlands hydro) — single user-specified catchment covers all TAS1 sites,(TAS region),,,,,,,,
Gidginbung,Unclassified,review,no_coord_m1_backstop,Unclassified,review,,,Unclassified,No rule matched — manual review needed,,,,,,,,,
Gilgandara Solar Farm,Unclassified,review,no_coord_m1_backstop,Unclassified,review,,,Unclassified,No rule matched — manual review needed,,,,,,,,,
Girgarre Solar Farm,CN-VIC,high,agree,CN-VIC,medium,CN-VIC,high,CN-VIC,Central North Victoria REZ corridor (Bendigo/Shepparton),Girgarre,93.48,Solar PV - Single axis tracking,Solar - Solar,Giragarre Solar Farm Pty Ltd as trustee for Giragarre Solar Farm Trust,,,,
Glen Innes Wind Farm,NEW,medium,no_coord_m1_backstop,NEW,medium,,,NEW,New England REZ corridor (Armidale/Tamworth/Dumaresq),Glen Innes,,,,,,,,
Glenbawn,HCC,high,agree,HCC,medium,HCC,high,HCC,Hunter-Central Coast REZ corridor (Bayswater/Eraring/Singleton),Glenbawn,5.0,Hydro - Dam,Hydro - Water,AGL,,,,
Glenmaggie Hydro,GIP,medium,no_coord_m1_backstop,GIP,medium,,,GIP,Gippsland REZ corridor (Latrobe Valley 500 kV),Glenmaggie,1.9,Hydro - Dam,Hydro - Water,Pacific Hydro Investments Pty Ltd,,,,
Glennies Creek,HCC,high,agree,HCC,medium,HCC,high,HCC,Hunter-Central Coast REZ corridor (Bayswater/Eraring/Singleton),Glennies Creek,12.78,Reciprocating Engine - Spark ignition,Fossil - Waste Coal Mine Gas,EDL OCI Pty Ltd,,,,
Glenorchy,TAS-NW,high,no_coord_m1_backstop,TAS-NW,high,,,TAS-NW,Tasmania single catchment (NW Transmission Devs + Central Highlands hydro) — single user-specified catchment covers all TAS1 sites,(TAS region),,,,,,,,
Glenrowan Solar Farm,CN-VIC,medium,no_coord_m1_backstop,CN-VIC,medium,,,CN-VIC,Central North Victoria REZ corridor (Bendigo/Shepparton),Glenrowan,126.0,Solar PV - Single axis tracking,Solar - Solar,Glenrowan Solar Farm Pty Ltd as trustee for Glenrowan Solar Farm Trust,,,,
Glenrowan Sun Farm,CN-VIC,medium,no_coord_m1_backstop,CN-VIC,medium,,,CN-VIC,Central North Victoria REZ corridor (Bendigo/Shepparton),Glenrowan,,,,,,,,
Goat Hill Pumped Hydro,EYR,medium,boundary_swap_m1_med_close,MN,medium,EYR,high,MN,Mid-North SA REZ corridor (Robertstown/Davenport/Cultana),Goat Hill,230.0,Storage - Pumped hydro,Hydro - Water,Altura Group,,,,
Golden Plains Wind Farm,SW-VIC,medium,no_coord_m1_backstop,SW-VIC,medium,,,SW-VIC,South-West Victoria REZ corridor (Mortlake/Moorabool/Heywood),Golden Plains,,,,,,,,
Goonumbla Solar Farm,CWO,high,agree,CWO,medium,CWO,high,CWO,Central-West Orana REZ corridor (Elong Elong/Merotherie/Wollar),Goonumbla,69.75,Solar PV - Single axis tracking,Solar - Solar,Goonumbla Asset Co Pty Ltd as trustee for the Goonumbla Asset Trust,,,,
Goorambat East Solar Farm,CN-VIC,medium,no_coord_m1_backstop,CN-VIC,medium,,,CN-VIC,Central North Victoria REZ corridor (Bendigo/Shepparton),Goorambat,,,,,,,,
Gordon,TAS-NW,high,agree,TAS-NW,high,TAS-NW,review,TAS-NW,Tasmania single catchment (NW Transmission Devs + Central Highlands hydro) — single user-specified catchment covers all TAS1 sites,(TAS region),432.0,Hydro - Dam,Hydro - Water,Hydro-Electric Corporation,,,,
Goulburn Bioenergy,SW-NSW,medium,no_coord_m1_backstop,SW-NSW,medium,,,SW-NSW,South-West NSW REZ corridor (Buronga/Dinawan/Wagga/PEC),Goulburn,,,,,,,,
Goyder South hub - BESS,MN,medium,agree,MN,medium,MN,medium,MN,Mid-North SA REZ corridor (Robertstown/Davenport/Cultana),Goyder South,,,,,,,,
Goyder South hub - Solar,MN,medium,agree,MN,medium,MN,medium,MN,Mid-North SA REZ corridor (Robertstown/Davenport/Cultana),Goyder South,,,,,,,,
Goyder South hub - Wind,MN,medium,agree,MN,medium,MN,medium,MN,Mid-North SA REZ corridor (Robertstown/Davenport/Cultana),Goyder South,,,,,,,,
Grange Avenue,Unclassified,review,no_coord_m1_backstop,Unclassified,review,,,Unclassified,No rule matched — manual review needed,,1.26,Reciprocating Engine - Spark ignition,Renewable Biomass or Waste - Landfill Gas,EDL LFG NSW Pty Ltd,,,,
Granite Hills Wind Farm,NEW,medium,no_coord_m1_backstop,NEW,medium,,,NEW,New England REZ corridor (Armidale/Tamworth/Dumaresq),Granite Hills,121.0,Wind Turbine - Onshore,Wind - Wind,Akuo Energy,,,,
Granville Harbour Wind Farm,TAS-NW,high,agree,TAS-NW,high,TAS-NW,review,TAS-NW,Tasmania single catchment (NW Transmission Devs + Central Highlands hydro) — single user-specified catchment covers all TAS1 sites,(TAS region),111.6,Wind Turbine - Onshore,Wind - Wind,Granville Harbour Operations Pty Ltd as trustee for Granville Harbour Operations Trust,,,,
Gregadoo Solar Farm,SW-NSW,medium,no_coord_m1_backstop,SW-NSW,medium,,,SW-NSW,South-West NSW REZ corridor (Buronga/Dinawan/Wagga/PEC),Gregadoo,45.0,Solar PV - Fixed,Solar - Solar,Gregadoo Solar Farm Pty Ltd,,,,
Griffith Solar Farm,SW-NSW,high,agree,SW-NSW,medium,SW-NSW,high,SW-NSW,South-West NSW REZ corridor (Buronga/Dinawan/Wagga/PEC),Griffith,27.19,Solar PV - Single axis tracking,Solar - Solar,Griffith Solar Farm Pty Ltd,,,,
Guildford Wind Farm,TAS-NW,high,no_coord_m1_backstop,TAS-NW,high,,,TAS-NW,Tasmania single catchment (NW Transmission Devs + Central Highlands hydro) — single user-specified catchment covers all TAS1 sites,(TAS region),525.6,Wind Turbine - Onshore,Wind - Wind,ARK Energy Corporation Pty Ltd,,,,
Gulgong Solar Project,CWO,medium,agree,CWO,medium,CWO,medium,CWO,Central-West Orana REZ corridor (Elong Elong/Merotherie/Wollar),Gulgong,,,,,,,,
Gullen Range Solar Farm,SW-NSW,medium,no_coord_m1_backstop,SW-NSW,medium,,,SW-NSW,South-West NSW REZ corridor (Buronga/Dinawan/Wagga/PEC),Gullen Range,10.0,Solar PV - Fixed,Solar - Solar,New Gullen Range Wind Farm Pty Ltd,,,,
Gullen Range Wind Farm,SW-NSW,high,agree,SW-NSW,medium,SW-NSW,high,SW-NSW,South-West NSW REZ corridor (Buronga/Dinawan/Wagga/PEC),Gullen Range,140.0,Wind Turbine - Onshore,Wind - Wind,New Gullen Range Wind Farm Pty Ltd,,,,
Gunning Solar Farm,SW-NSW,medium,no_coord_m1_backstop,SW-NSW,medium,,,SW-NSW,South-West NSW REZ corridor (Buronga/Dinawan/Wagga/PEC),Gunning,,,,,,,,
Gunning Wind Farm,SW-NSW,high,agree,SW-NSW,medium,SW-NSW,high,SW-NSW,South-West NSW REZ corridor (Buronga/Dinawan/Wagga/PEC),Gunning,30.0,Wind Turbine - Onshore,Wind - Wind,Gunning Wind Energy Developments,,,,
Guthega,SW-NSW,high,agree,SW-NSW,medium,SW-NSW,high,SW-NSW,South-West NSW REZ corridor (Buronga/Dinawan/Wagga/PEC),Guthega,60.0,Hydro - Dam,Hydro - Water,Snowy Hydro Ltd,,,,
Guunedah Solar Farm,Unclassified,review,no_coord_m1_backstop,Unclassified,review,,,Unclassified,No rule matched — manual review needed,,,,,,,,,
GV Community Energy,Unclassified,review,no_coord_m1_backstop,Unclassified,review,,,Unclassified,No rule matched — manual review needed,,,,,,,,,
Hallam Road,Unclassified,review,no_coord_m1_backstop,Unclassified,review,,,Unclassified,No rule matched — manual review needed,,8.98,Reciprocating Engine - Spark ignition,Renewable Biomass or Waste - Landfill Gas,LMS Energy Pty Ltd,,,,
Hallett 4 North Brown Hill,MN,high,no_coord_m1_backstop,MN,high,,,MN,Mid-North SA REZ corridor (Robertstown/Davenport/Cultana),North Brown Hill,132.3,Wind Turbine - Onshore,Wind - Wind,Brown Hill North Pty Ltd,,,,
Hallett 5 The Bluff WF,MN,high,no_coord_m1_backstop,MN,high,,,MN,Mid-North SA REZ corridor (Robertstown/Davenport/Cultana),Hallett,52.5,Wind Turbine - Onshore,Wind - Wind,Eurus Energy,,,,
Hallett GT,MN,high,no_coord_m1_backstop,MN,high,,,MN,Mid-North SA REZ corridor (Robertstown/Davenport/Cultana),Hallett,51.0,Turbine - OCGT,Fossil - Natural Gas Pipeline,EnergyAustralia Hallett Pty Ltd,,,,
Hallett Stage 1 Brown Hill,MN,high,no_coord_m1_backstop,MN,high,,,MN,Mid-North SA REZ corridor (Robertstown/Davenport/Cultana),Hallett,94.5,Wind Turbine - Onshore,Wind - Wind,Palisade Investment Partner Limited,,,,
Hallett Stage 2 Hallett Hill,MN,high,no_coord_m1_backstop,MN,high,,,MN,Mid-North SA REZ corridor (Robertstown/Davenport/Cultana),Hallett,71.4,Wind Turbine - Onshore,Wind - Wind,Infrastructure Capital Group Limited,,,,
Hawkesdale Wind Farm,SW-VIC,medium,no_coord_m1_backstop,SW-VIC,medium,,,SW-VIC,South-West Victoria REZ corridor (Mortlake/Moorabool/Heywood),Hawkesdale,96.6,Wind Turbine - Onshore,Wind - Wind,Hawkesdale Asset Pty Ltd as trustee for Hawkesdale Asset Trust,,,,
Hay Sun Farm,SW-NSW,medium,no_coord_m1_backstop,SW-NSW,medium,,,SW-NSW,South-West NSW REZ corridor (Buronga/Dinawan/Wagga/PEC),Hay,110.0,Solar PV - Single axis tracking,Solar - Solar,Plains SF No1 Pty Ltd,,,,
Heathgate Resources Beverley mine - BESS,Unclassified,review,no_coord_m1_backstop,Unclassified,review,,,Unclassified,No rule matched — manual review needed,,,,,,,,,
Hexham,GIP,medium,no_coord_m1_backstop,GIP,medium,,,GIP,Gippsland REZ corridor (Latrobe Valley 500 kV),Hexham,763.0,Wind Turbine - Onshore,Wind - Wind,Wind Prospect WA Pty Ltd,,,,
Highbury Pumped Hydro Energy Storage,MN,high,excluded_m1,Unclassified,review,MN,high,Unclassified,No rule matched — manual review needed,,,,,,,,,
Hills of Gold Wind Farm,NEW,high,agree,NEW,medium,NEW,high,NEW,New England REZ corridor (Armidale/Tamworth/Dumaresq),Hills of Gold,400.0,Wind Turbine - Onshore,Wind - Wind,Hills of Gold Wind Farm Pty Ltd,,,,
Hillston Sun Farm,SW-NSW,high,agree,SW-NSW,medium,SW-NSW,high,SW-NSW,South-West NSW REZ corridor (Buronga/Dinawan/Wagga/PEC),Hillston,110.0,Solar PV - Single axis tracking,Solar - Solar,Hillston Sun Farm Operations Pty Ltd ATF Hillston,,,,
Hobart,TAS-NW,high,no_coord_m1_backstop,TAS-NW,high,,,TAS-NW,Tasmania single catchment (NW Transmission Devs + Central Highlands hydro) — single user-specified catchment covers all TAS1 sites,(TAS region),,,,,,,,
Hornsdale Power Reserve Unit 1,MN,high,agree,MN,high,MN,high,MN,Mid-North SA REZ corridor (Robertstown/Davenport/Cultana),Hornsdale,100.0,Storage - Battery,Other - Other,Hornsdale Power Reserve Pty Ltd,,,,
Hornsdale Wind Farm Stage 1,MN,high,no_coord_m1_backstop,MN,high,,,MN,Mid-North SA REZ corridor (Robertstown/Davenport/Cultana),Hornsdale,102.4,Wind Turbine - Onshore,Wind - Wind,HWF 1 Pty Ltd,,,,
Hornsdale Wind Farm Stage 2,MN,high,no_coord_m1_backstop,MN,high,,,MN,Mid-North SA REZ corridor (Robertstown/Davenport/Cultana),Hornsdale,102.4,Wind Turbine - Onshore,Wind - Wind,HWF 2 Pty Ltd,,,,
Hornsdale Wind Farm Stage 3,MN,high,no_coord_m1_backstop,MN,high,,,MN,Mid-North SA REZ corridor (Robertstown/Davenport/Cultana),Hornsdale,112.0,Wind Turbine - Onshore,Wind - Wind,HWF 3 Pty Ltd,,,,
Horsham Solar Farm,WV,medium,no_coord_m1_backstop,WV,medium,,,WV,Western Victoria REZ corridor (Bulgana/Ararat/WRL),Horsham,118.8,Solar PV - Single axis tracking,Solar - Solar,ESCO SOLAR FARM 7 PTY LTD,,,,
Hume Dam NSW,SW-NSW,medium,no_coord_m1_backstop,SW-NSW,medium,,,SW-NSW,South-West NSW REZ corridor (Buronga/Dinawan/Wagga/PEC),Hume Dam,29.0,Hydro - Dam,Hydro - Water,GSPOWER,,,,
Hume Dam VIC,CN-VIC,medium,no_coord_m1_backstop,CN-VIC,medium,,,CN-VIC,Central North Victoria REZ corridor (Bendigo/Shepparton),Hume,29.0,Hydro - Dam,Hydro - Water,GSP Energy Pty Ltd,,,,
Hunter EconomicZone,HCC,medium,no_coord_m1_backstop,HCC,medium,,,HCC,Hunter-Central Coast REZ corridor (Bayswater/Eraring/Singleton),Hunter,20.8,Reciprocating Engine - Compression ignition,Fossil - Diesel,Snowy Hydro Ltd,,,,
Hunter Valley GT,HCC,medium,no_coord_m1_backstop,HCC,medium,,,HCC,Hunter-Central Coast REZ corridor (Bayswater/Eraring/Singleton),Hunter,,,,,,,,
HYMIVC06 Belgrave-Hallam Rd Micro Hydro,Unclassified,review,no_coord_m1_backstop,Unclassified,review,,,Unclassified,No rule matched — manual review needed,,0.25,Hydro - Dam,Hydro - Water,South East Water Corporation,,,,
Inverleigh Solar Farm,SW-VIC,medium,no_coord_m1_backstop,SW-VIC,medium,,,SW-VIC,South-West Victoria REZ corridor (Mortlake/Moorabool/Heywood),Inverleigh,22.0,Solar PV - Fixed,Solar - Solar,TBA,,,,
Inverleigh Wind Farm,SW-VIC,medium,no_coord_m1_backstop,SW-VIC,medium,,,SW-VIC,South-West Victoria REZ corridor (Mortlake/Moorabool/Heywood),Inverleigh,91.5,Wind Turbine - Onshore,Wind - Wind,Inverleigh Wind Farm Pty Ltd,,,,
Inverliegh Wind Farm Storage,Unclassified,review,no_coord_m1_backstop,Unclassified,review,,,Unclassified,No rule matched — manual review needed,,,,,,,,,
Jacks Gully,Unclassified,review,no_coord_m1_backstop,Unclassified,review,,,Unclassified,No rule matched — manual review needed,,2.3,Reciprocating Engine - Spark ignition,Renewable Biomass or Waste - Landfill Gas,EDL LFG NSW Pty Ltd,,,,
Jeeralang A,GIP,medium,no_coord_m1_backstop,GIP,medium,,,GIP,Gippsland REZ corridor (Latrobe Valley 500 kV),Jeeralang,53.0,Turbine - OCGT,Fossil - Natural Gas Pipeline,EnergyAustralia Ecogen Py Ltd,,,,
Jeeralang B,GIP,medium,no_coord_m1_backstop,GIP,medium,,,GIP,Gippsland REZ corridor (Latrobe Valley 500 kV),Jeeralang,76.0,Turbine - OCGT,Fossil - Natural Gas Pipeline,EnergyAustralia Ecogen Pty Ltd,,,,
Jemalong Solar,CWO,high,agree,CWO,medium,CWO,high,CWO,Central-West Orana REZ corridor (Elong Elong/Merotherie/Wollar),Jemalong,55.0,Solar PV - Single axis tracking,Solar - Solar,Genex Power,,,,
Jessica Way Truganina Solar,Unclassified,review,no_coord_m1_backstop,Unclassified,review,,,Unclassified,No rule matched — manual review needed,,,,,,,,,
Jindabyne,Unclassified,review,no_coord_m1_backstop,Unclassified,review,,,Unclassified,No rule matched — manual review needed,,1.1,Hydro - Dam,Hydro - Water,Snowy Hydro Ltd,,,,
JL King & Co 150kW- Solar-,Unclassified,review,no_coord_m1_backstop,Unclassified,review,,,Unclassified,No rule matched — manual review needed,,,,,,,,,
John Butters,TAS-NW,high,agree,TAS-NW,high,TAS-NW,review,TAS-NW,Tasmania single catchment (NW Transmission Devs + Central Highlands hydro) — single user-specified catchment covers all TAS1 sites,(TAS region),144.0,Hydro - Dam,Hydro - Water,Hydro-Electric Corporation,,,,
Jounama,SW-NSW,high,agree,SW-NSW,medium,SW-NSW,high,SW-NSW,South-West NSW REZ corridor (Buronga/Dinawan/Wagga/PEC),Jounama,14.4,Hydro - Dam,Hydro - Water,Snowy Hydro Ltd,,,,
Junee Solar Farm,SW-NSW,high,agree,SW-NSW,medium,SW-NSW,high,SW-NSW,South-West NSW REZ corridor (Buronga/Dinawan/Wagga/PEC),Junee,36.01,Solar PV - Single axis tracking,Solar - Solar,Junee Operationsco Pty Ltd as trustee for Junee Operations Trust,,,,
Kanmantoo,SE-SA,medium,excluded_m1,Unclassified,review,SE-SA,medium,Unclassified,No rule matched — manual review needed,,,,,,,,,
Kanowna Solar Farm,Unclassified,review,no_coord_m1_backstop,Unclassified,review,,,Unclassified,No rule matched — manual review needed,,,,,,,,,
Karadoc Solar Farm,MR,high,agree,MR,medium,MR,high,MR,Murray River REZ corridor (Kerang/Red Cliffs/PEC western feed),Karadoc,104.5,Solar PV - Single axis tracking,Solar - Solar,Iraak Sun Farm Pty Ltd,,,,
Keepit,NEW,high,agree,NEW,medium,NEW,high,NEW,New England REZ corridor (Armidale/Tamworth/Dumaresq),Keepit,7.2,Hydro - Dam,Hydro - Water,GSP Energy Pty Ltd,,,,
Kentbruck Green Power Hub,SW-VIC,review,boundary_swap_m1_med_far,GIP,medium,SW-VIC,medium,GIP,Gippsland REZ corridor (Latrobe Valley 500 kV),Kentbruck,600.0,Wind Turbine - Onshore,Wind - Wind,Neoen Australia Pty Ltd,,,,
Kerang Solar Farm,MR,high,no_coord_m1_backstop,MR,high,,,MR,Murray River REZ corridor (Kerang/Red Cliffs/PEC western feed),Kerang,,,,,,,,
Keyneton Wind Farm,Unclassified,review,no_coord_m1_backstop,Unclassified,review,,,Unclassified,No rule matched — manual review needed,,,,,,,,,
Kiamal Solar Farm - Stage 1,MR,high,agree,MR,medium,MR,high,MR,Murray River REZ corridor (Kerang/Red Cliffs/PEC western feed),Kiamal,199.95,Solar PV - Single axis tracking,Solar - Solar,KSF Project Nominees Pty Ltd ATF KSF Project Trust,,,,
Kiamal Solar Farm - Stage 2,MR,medium,no_coord_m1_backstop,MR,medium,,,MR,Murray River REZ corridor (Kerang/Red Cliffs/PEC western feed),Kiamal,,,,,,,,
Kiata Wind Farm,WV,medium,agree,WV,medium,WV,review,WV,Western Victoria REZ corridor (Bulgana/Ararat/WRL),Kiata,31.05,Wind Turbine - Onshore,Wind - Wind,Kiata ProjectCo Pty Ltd atf Kiata Project Trust,,,,
Kingfisher Solar Storage - Solar,MN,medium,no_coord_m1_backstop,MN,medium,,,MN,Mid-North SA REZ corridor (Robertstown/Davenport/Cultana),Kingfisher,,Solar PV - Single axis tracking,Solar - Solar,Lyon Solar,,,,
Kingfisher Solar Storage - Storage,MN,medium,no_coord_m1_backstop,MN,medium,,,MN,Mid-North SA REZ corridor (Robertstown/Davenport/Cultana),Kingfisher,100.0,Storage - Battery,Other - Other,Lyon Solar,,,,
Kingscote Power Station,Unclassified,review,no_coord_m1_backstop,Unclassified,review,,,Unclassified,No rule matched — manual review needed,,,,,,,,,
Ladbroke Grove,SE-SA,medium,agree,SE-SA,medium,SE-SA,medium,SE-SA,South-East SA REZ corridor (Tailem Bend/Tungkillo/Heywood interconnector),Ladbroke Grove,40.0,Turbine - OCGT,Fossil - Natural Gas Pipeline,Origin Energy Power Limited,,,,
Lake Bonney 1 Wind Farm,SE-SA,medium,no_coord_m1_backstop,SE-SA,medium,,,SE-SA,"South-East SA REZ corridor (Tailem Bend/Tungkillo/Heywood interconnector) — shared keyword across REZs: ['MN', 'SE-SA']; primary assignment based on substation locality",Lake Bonney,80.5,Wind Turbine - Onshore,Wind - Wind,Lake Bonney Wind Power Pty Ltd,,,,
Lake Bonney 2 Wind Farm,SE-SA,medium,no_coord_m1_backstop,SE-SA,medium,,,SE-SA,"South-East SA REZ corridor (Tailem Bend/Tungkillo/Heywood interconnector) — shared keyword across REZs: ['MN', 'SE-SA']; primary assignment based on substation locality",Lake Bonney,159.0,Wind Turbine - Onshore,Wind - Wind,Lake Bonney Wind Power Pty Ltd,,,,
Lake Bonney 3 Wind Farm,SE-SA,medium,no_coord_m1_backstop,SE-SA,medium,,,SE-SA,"South-East SA REZ corridor (Tailem Bend/Tungkillo/Heywood interconnector) — shared keyword across REZs: ['MN', 'SE-SA']; primary assignment based on substation locality",Lake Bonney,39.0,Wind Turbine - Onshore,Wind - Wind,Lake Bonney Wind Power Pty Ltd,,,,
Lake Bonney BESS1,SE-SA,medium,no_coord_m1_backstop,SE-SA,medium,,,SE-SA,"South-East SA REZ corridor (Tailem Bend/Tungkillo/Heywood interconnector) — shared keyword across REZs: ['MN', 'SE-SA']; primary assignment based on substation locality",Lake Bonney,,,,,,,,
Lake Echo,TAS-NW,high,agree,TAS-NW,high,TAS-NW,high,TAS-NW,Tasmania single catchment (NW Transmission Devs + Central Highlands hydro) — single user-specified catchment covers all TAS1 sites,(TAS region),32.4,Hydro - Dam,Hydro - Water,Hydro-Electric Corporation,,,,
Lake Margaret,TAS-NW,high,agree,TAS-NW,high,TAS-NW,review,TAS-NW,Tasmania single catchment (NW Transmission Devs + Central Highlands hydro) — single user-specified catchment covers all TAS1 sites,(TAS region),,,,,,,,
Laverton North,SW-VIC,high,excluded_m1,Unclassified,review,SW-VIC,high,Unclassified,No rule matched — manual review needed,,156.0,Turbine - OCGT,Fossil - Natural Gas Pipeline,Snowy Hydro Ltd,,,,
Leigh Creek Energy Project,MN,medium,no_coord_m1_backstop,MN,medium,,,MN,Mid-North SA REZ corridor (Robertstown/Davenport/Cultana),Leigh Creek,45.0,Turbine - Steam Sub Critical,Other - Other,Leigh Creek Energy,,,,
Lemonthyme / Wilmot,TAS-NW,high,no_coord_m1_backstop,TAS-NW,high,,,TAS-NW,Tasmania single catchment (NW Transmission Devs + Central Highlands hydro) — single user-specified catchment covers all TAS1 sites,(TAS region),51.0,Hydro - Dam,Hydro - Water,Hydro-Electric Corporation,,,,
Leonards Hill,WV,medium,no_coord_m1_backstop,WV,medium,,,WV,Western Victoria REZ corridor (Bulgana/Ararat/WRL),Leonards Hill,4.1,Wind Turbine - Onshore,Wind - Wind,Hepburn Community Wind Park Co-operative Limited,,,,
Liddell,HCC,high,agree,HCC,high,HCC,high,HCC,Hunter-Central Coast REZ corridor (Bayswater/Eraring/Singleton),Liddell,,,,,,,,
Limondale Solar Farm 1,SW-NSW,high,agree,SW-NSW,medium,SW-NSW,high,SW-NSW,South-West NSW REZ corridor (Buronga/Dinawan/Wagga/PEC),Limondale,230.0,Solar PV - Single axis tracking,Solar - Solar,Limondale Sun Farm Pty Ltd,,,,
Limondale Solar Farm 2,SW-NSW,high,agree,SW-NSW,medium,SW-NSW,high,SW-NSW,South-West NSW REZ corridor (Buronga/Dinawan/Wagga/PEC),Limondale,28.98,Solar PV - Single axis tracking,Solar - Solar,Limondale Sun Farm Pty Ltd,,,,
Lincoln Gap Wind Farm - BESS,EYR,high,agree,EYR,medium,EYR,high,EYR,EYR,Lincoln Gap,,,,,,,,
Lincoln Gap Wind Farm - stage 1,EYR,high,agree,EYR,medium,EYR,high,EYR,EYR,Lincoln Gap,126.0,Wind Turbine - Onshore,Wind - Wind,Lincoln Gap Wind Farm Pty Ltd,,,,
Lincoln Gap Wind Farm - stage 2,EYR,high,agree,EYR,medium,EYR,high,EYR,EYR,Lincoln Gap,,,,,,,,
Liverpool Range Wind Farm,NEW,medium,no_coord_m1_backstop,NEW,medium,,,NEW,New England REZ corridor (Armidale/Tamworth/Dumaresq),Liverpool Range,1332.0,Wind Turbine - Onshore,Wind - Wind,Liverpool Range Wind Farm Pty Ltd,,,,
LMCC - Works Depot Power Station,Unclassified,review,no_coord_m1_backstop,Unclassified,review,,,Unclassified,No rule matched — manual review needed,,,,,,,,,
Longford,Unclassified,review,no_coord_m1_backstop,Unclassified,review,,,Unclassified,No rule matched — manual review needed,,,,,,,,,
Lonsdale,MN,high,agree,MN,medium,MN,high,MN,Mid-North SA REZ corridor (Robertstown/Davenport/Cultana),Lonsdale,20.16,Reciprocating Engine - Compression ignition,Fossil - Diesel,Lumo Generation SA Pty Ltd,,,,
Low Head Wind Farm,TAS-NW,high,no_coord_m1_backstop,TAS-NW,high,,,TAS-NW,Tasmania single catchment (NW Transmission Devs + Central Highlands hydro) — single user-specified catchment covers all TAS1 sites,(TAS region),,,,,,,,
Lower Lake Margaret,TAS-NW,high,agree,TAS-NW,high,TAS-NW,review,TAS-NW,Tasmania single catchment (NW Transmission Devs + Central Highlands hydro) — single user-specified catchment covers all TAS1 sites,(TAS region),,,,,,,,
Loy Yang A Power Station,GIP,high,agree,GIP,high,GIP,high,GIP,Gippsland REZ corridor (Latrobe Valley 500 kV),Loy Yang,560.0,Turbine - Steam Sub Critical,Fossil - Brown Coal,AGL Loy Yang Marketing Pty Ltd,,,,
Loy Yang B,GIP,high,agree,GIP,high,GIP,high,GIP,Gippsland REZ corridor (Latrobe Valley 500 kV),Loy Yang,580.0,Turbine - Steam Sub Critical,Fossil - Brown Coal,Gippsland Power Pty Ltd ABN 30 077 851 079 / LYB Ventures Australia Pty Ltd ABN 57 055 984 499 / Traralgon Power Pty Ltd ABN 64 056 292 623 / Latrobe Power Pty Ltd ABN 42 055 983 563 / LYB Australia Limited ABN 87 055 563 785,,,,
Loy Yang B Upgrade,GIP,high,no_coord_m1_backstop,GIP,high,,,GIP,Gippsland REZ corridor (Latrobe Valley 500 kV),Loy Yang,,,,,,,,
Lucas Heights 2,Unclassified,review,no_coord_m1_backstop,Unclassified,review,,,Unclassified,No rule matched — manual review needed,,12.65,Reciprocating Engine - Spark ignition,Renewable Biomass or Waste - Landfill Gas,EDL LFG NSW Pty Ltd,,,,
Lucas Heights I,Unclassified,review,no_coord_m1_backstop,Unclassified,review,,,Unclassified,No rule matched — manual review needed,,,,,,,,,
Macarthur Wind Farm,SW-VIC,high,agree,SW-VIC,medium,SW-VIC,high,SW-VIC,South-West Victoria REZ corridor (Mortlake/Moorabool/Heywood),Macarthur,420.0,Wind Turbine - Onshore,Wind - Wind,Macarthur Wind Farm Pty Ltd and Meridian Wind Macarthur Pty Ltd,,,,
Mackintosh,TAS-NW,high,agree,TAS-NW,high,TAS-NW,medium,TAS-NW,Tasmania single catchment (NW Transmission Devs + Central Highlands hydro) — single user-specified catchment covers all TAS1 sites,(TAS region),79.9,Hydro - Dam,Hydro - Water,Hydro-Electric Corporation,,,,
Mallee Solar Farm,Unclassified,review,no_coord_m1_backstop,Unclassified,review,,,Unclassified,No rule matched — manual review needed,,,,,,,,,
Manildra Solar Farm,CWO,high,agree,CWO,medium,CWO,high,CWO,Central-West Orana REZ corridor (Elong Elong/Merotherie/Wollar),Manildra,50.0,Solar PV - Single axis tracking,Solar - Solar,Manildra Prop Pty Ltd as trustee for the Manildra Asset Trust,,,,
Mannum Solar Farm,SE-SA,medium,boundary_swap_m1_med_close,MN,medium,SE-SA,high,MN,Mid-North SA REZ corridor (Robertstown/Davenport/Cultana),Mannum,,,,,,,,
Maroona Wind Farm,WV,medium,no_coord_m1_backstop,WV,medium,,,WV,Western Victoria REZ corridor (Bulgana/Ararat/WRL),Maroona,6.9,Wind Turbine - Onshore,Wind - Wind,Myamba Developments Pty Ltd,,,,
Marulan,ILW,high,agree,ILW,medium,ILW,high,ILW,Illawarra REZ corridor (Dapto/Avon/Wollongong),Marulan,,,,,,,,
Maryvale Solar Farm,CWO,medium,no_coord_m1_backstop,CWO,medium,,,CWO,Central-West Orana REZ corridor (Elong Elong/Merotherie/Wollar),Maryvale,,,,,,,,
Maxwell Solar Farm,HCC,high,boundary_swap_m1_review,CWO,review,HCC,high,CWO,"Central-West Orana REZ corridor (Elong Elong/Merotherie/Wollar) — shared keyword across REZs: ['CWO', 'HCC']; primary assignment based on substation locality",Maxwell,,,,,,,,
Meadowbank,TAS-NW,high,agree,TAS-NW,high,TAS-NW,high,TAS-NW,Tasmania single catchment (NW Transmission Devs + Central Highlands hydro) — single user-specified catchment covers all TAS1 sites,(TAS region),40.0,Hydro - Dam,Hydro - Water,Hydro-Electric Corporation,,,,
Metz Solar Farm,NEW,high,agree,NEW,high,NEW,high,NEW,New England REZ corridor (Armidale/Tamworth/Dumaresq),Metz,135.0,Solar PV - Single axis tracking,Solar - Solar,Metz ProjectCo Pty Ltd as trustee for Metz ProjectCo Trust ,,,,
Middleback Ranges Pumped Hydro,Unclassified,review,no_coord_m1_backstop,Unclassified,review,,,Unclassified,No rule matched — manual review needed,,,,,,,,,
Midland Highway Orrvale,Unclassified,review,no_coord_m1_backstop,Unclassified,review,,,Unclassified,No rule matched — manual review needed,,,,,,,,,
Midlands Hydro,TAS-NW,high,no_coord_m1_backstop,TAS-NW,high,,,TAS-NW,Tasmania single catchment (NW Transmission Devs + Central Highlands hydro) — single user-specified catchment covers all TAS1 sites,(TAS region),6.0,Hydro - Dam,Hydro - Water,TBA,,,,
Mildura Power Station,MR,medium,no_coord_m1_backstop,MR,medium,,,MR,Murray River REZ corridor (Kerang/Red Cliffs/PEC western feed),Mildura,9.6,Solar PV - Single axis tracking,Solar - Solar,Ceramet,,,,
Mintaro GT,MN,medium,no_coord_m1_backstop,MN,medium,,,MN,Mid-North SA REZ corridor (Robertstown/Davenport/Cultana),Mintaro,90.0,Turbine - OCGT,Fossil - Natural Gas Pipeline,Synergen Power Pty Ltd,,,,
Moama Solar Farm,SW-NSW,medium,no_coord_m1_backstop,SW-NSW,medium,,,SW-NSW,South-West NSW REZ corridor (Buronga/Dinawan/Wagga/PEC),Moama,36.01,Solar PV - Single axis tracking,Solar - Solar,Moama Propertyco Pty Ltd as trustee for the Moama Property Trust,,,,
Moira Solar Farm,Unclassified,review,no_coord_m1_backstop,Unclassified,review,,,Unclassified,No rule matched — manual review needed,,,,,,,,,
Molong Solar Farm,CWO,high,agree,CWO,medium,CWO,high,CWO,Central-West Orana REZ corridor (Elong Elong/Merotherie/Wollar),Molong,36.08,Solar PV - Single axis tracking,Solar - Solar,Molong Operations co Pty Ltd ATF Molong Operations Trust,,,,
Moorabool Wind Farm,SW-VIC,high,agree,SW-VIC,high,SW-VIC,high,SW-VIC,South-West Victoria REZ corridor (Mortlake/Moorabool/Heywood),Moorabool,312.0,Wind Turbine - Onshore,Wind - Wind,Moorabool Wind Farm Interface Company Pty Ltd,,,,
Moorambilla Solar Farm,Unclassified,review,no_coord_m1_backstop,Unclassified,review,,,Unclassified,No rule matched — manual review needed,,,,,,,,,
Moree Solar Farm,NEW,high,agree,NEW,medium,NEW,high,NEW,New England REZ corridor (Armidale/Tamworth/Dumaresq),Moree,56.0,Solar PV - Single axis tracking,Solar - Solar,Moree Solar Farm Pty Ltd,,,,
Mornington Waste Disposal Facility,SW-VIC,medium,no_coord_m1_backstop,SW-VIC,medium,,,SW-VIC,South-West Victoria REZ corridor (Mortlake/Moorabool/Heywood),Mornington,,,,,,,,
Mortlake,SW-VIC,high,agree,SW-VIC,high,SW-VIC,high,SW-VIC,South-West Victoria REZ corridor (Mortlake/Moorabool/Heywood),Mortlake,292.0,Turbine - OCGT,Fossil - Natural Gas Pipeline,Origin Energy Power Limited,,,,
Mortlake South Wind Farm,SW-VIC,high,agree,SW-VIC,high,SW-VIC,high,SW-VIC,South-West Victoria REZ corridor (Mortlake/Moorabool/Heywood),Mortlake,157.5,Wind Turbine - Onshore,Wind - Wind,Mortlake South Wind Farm Pty Ltd,,,,
Mortons Lane Wind Farm,SW-VIC,high,agree,SW-VIC,medium,SW-VIC,high,SW-VIC,South-West Victoria REZ corridor (Mortlake/Moorabool/Heywood),Mortons Lane,19.5,Wind Turbine - Onshore,Wind - Wind,Mortons Lane Windfarm Pty Ltd,,,,
Mount Fyans,SW-VIC,medium,no_coord_m1_backstop,SW-VIC,medium,,,SW-VIC,South-West Victoria REZ corridor (Mortlake/Moorabool/Heywood),Mount Fyans,459.0,Wind Turbine - Onshore,Wind - Wind,Woolnorth Wind Farm Holding,,,,
Mount Majura,Unclassified,review,no_coord_m1_backstop,Unclassified,review,,,Unclassified,No rule matched — manual review needed,,,,,,,,,
Mount Waverley Mini Hydro,Unclassified,review,no_coord_m1_backstop,Unclassified,review,,,Unclassified,No rule matched — manual review needed,,,,,,,,,
Mt Gellibrand Wind Farm,SW-VIC,medium,no_coord_m1_backstop,SW-VIC,medium,,,SW-VIC,South-West Victoria REZ corridor (Mortlake/Moorabool/Heywood),Mt Gellibrand,138.6,Wind Turbine - Onshore,Wind - Wind,ACCIONA Energy,,,,
Mt Mercer Wind Farm,WV,medium,no_coord_m1_backstop,WV,medium,,,WV,Western Victoria REZ corridor (Bulgana/Ararat/WRL),Mt Mercer,131.2,Wind Turbine - Onshore,Wind - Wind,Mt Mercer Windfarm Pty Ltd,,,,
Mt Millar,EYR,medium,no_coord_m1_backstop,EYR,medium,,,EYR,EYR,Mt Millar,,,,,,,,
Mt Piper,CWO,high,agree,CWO,medium,CWO,high,CWO,Central-West Orana REZ corridor (Elong Elong/Merotherie/Wollar),Mt Piper,730.0,Turbine - Steam Sub Critical,Fossil - Black Coal,EnergyAustralia NSW Pty Ltd,,,,
Mugga Lane,ILW,medium,excluded_m1,Unclassified,review,ILW,medium,Unclassified,No rule matched — manual review needed,,,,,,,,,
Mugga Lane Solar Park,Unclassified,review,no_coord_m1_backstop,Unclassified,review,,,Unclassified,No rule matched — manual review needed,,,,,,,,,
Mumbil Solar Farm,Unclassified,review,no_coord_m1_backstop,Unclassified,review,,,Unclassified,No rule matched — manual review needed,,,,,,,,,
Murra Warra Solar Farm,WV,medium,agree,WV,medium,WV,medium,WV,Western Victoria REZ corridor (Bulgana/Ararat/WRL),Murra Warra,,,,,,,,
Murra Warra Wind Farm - stage 1,WV,medium,agree,WV,medium,WV,medium,WV,Western Victoria REZ corridor (Bulgana/Ararat/WRL),Murra Warra,225.7,Wind Turbine - Onshore,Wind - Wind,Murra Warra Project Co Pty Ltd,,,,
Murra Warra Wind Farm - stage 2,WV,medium,agree,WV,medium,WV,medium,WV,Western Victoria REZ corridor (Bulgana/Ararat/WRL),Murra Warra,209.0,Wind Turbine - Onshore,Wind - Wind,Murra Warra II Project Co Pty Ltd as Trustee for the Murra Warra II Project Trust,,,,
Murray 1,MR,medium,boundary_swap_m1_med_close,CN-VIC,medium,MR,high,CN-VIC,Central North Victoria REZ corridor (Bendigo/Shepparton),Murray 1,950.0,Hydro - Dam,Hydro - Water,Snowy Hydro Ltd,,,,
Murray 2,MR,medium,boundary_swap_m1_med_close,CN-VIC,medium,MR,high,CN-VIC,Central North Victoria REZ corridor (Bendigo/Shepparton),Murray 2,600.0,Hydro - Dam,Hydro - Water,Snowy Hydro Ltd,,,,
Musselroe Wind Farm,TAS-NW,high,excluded_m2,TAS-NW,high,Unclassified,Unclassified,TAS-NW,Tasmania single catchment (NW Transmission Devs + Central Highlands hydro) — single user-specified catchment covers all TAS1 sites,(TAS region),168.0,Wind Turbine - Onshore,Wind - Wind,Musselroe Wind Farm Pty Ltd,,,,M2 >100km from any substation (coverage gap); kept M1 keyword assignment
Naring Solar Farm,Unclassified,review,no_coord_m1_backstop,Unclassified,review,,,Unclassified,No rule matched — manual review needed,,,,,,,,,
Naroghid,Unclassified,review,no_coord_m1_backstop,Unclassified,review,,,Unclassified,No rule matched — manual review needed,,,,,,,,,
Narrabri South Solar Farm,NEW,medium,no_coord_m1_backstop,NEW,medium,,,NEW,New England REZ corridor (Armidale/Tamworth/Dumaresq),Narrabri,50.0,Solar PV - Fixed,Solar - Solar,Canadian Solar,,,,
Narromine Solar Farm,CWO,high,agree,CWO,medium,CWO,high,CWO,Central-West Orana REZ corridor (Elong Elong/Merotherie/Wollar),Narromine,9.2,Solar PV - Single axis tracking,Solar - Solar,Dubbo Solar Hub Pty Ltd,,,,
NAWMA - LFG - SOLAR,Unclassified,review,no_coord_m1_backstop,Unclassified,review,,,Unclassified,No rule matched — manual review needed,,,,,,,,,
NAWMA Balefill Site Uleybury,Unclassified,review,no_coord_m1_backstop,Unclassified,review,,,Unclassified,No rule matched — manual review needed,,,,,,,,,
Nevertire Solar Farm,CWO,medium,agree,CWO,medium,CWO,review,CWO,Central-West Orana REZ corridor (Elong Elong/Merotherie/Wollar),Nevertire,104.64,Solar PV - Single axis tracking,Solar - Solar,Nevertire Solar Pty Ltd as Trustee for the Nevertire Solar Trust,,,,
New England Solar Farm,NEW,high,agree,NEW,high,NEW,high,NEW,New England REZ corridor (Armidale/Tamworth/Dumaresq),New England,320.0,Solar PV - Single axis tracking,Solar - Solar,ACEN AUSTRALIA,,,,
Newcastle Gas Peaker,HCC,high,agree,HCC,medium,HCC,high,HCC,Hunter-Central Coast REZ corridor (Bayswater/Eraring/Singleton),Newcastle,,,,,,,,
Newhaven College,Unclassified,review,no_coord_m1_backstop,Unclassified,review,,,Unclassified,No rule matched — manual review needed,,,,,,,,,
Newport,SW-VIC,high,agree,SW-VIC,medium,SW-VIC,high,SW-VIC,South-West Victoria REZ corridor (Mortlake/Moorabool/Heywood),Newport,500.0,Turbine - Steam Sub Critical,Fossil - Natural Gas Pipeline,EnergyAustralia Ecogen Pty Ltd,,,,
Nhill Wind Farm,WV,review,excluded_m1,Unclassified,review,WV,review,Unclassified,No rule matched — manual review needed,,,,,,,,,
Nowingi Solar Storage - Solar,MR,high,agree,MR,medium,MR,high,MR,Murray River REZ corridor (Kerang/Red Cliffs/PEC western feed),Nowingi,250.0,Solar PV - Single axis tracking,Solar - Solar,Lyon Solar,,,,
Nowingi Solar Storage - Storage,MR,medium,no_coord_m1_backstop,MR,medium,,,MR,Murray River REZ corridor (Kerang/Red Cliffs/PEC western feed),Nowingi,80.0,Storage - Battery,Other - Other,Lyon Solar,,,,
NSW Energy Cluster,Unclassified,review,no_coord_m1_backstop,Unclassified,review,,,Unclassified,No rule matched — manual review needed,,,,,,,,,
NSW Gas Peaker,SW-NSW,medium,excluded_m2,SW-NSW,medium,Unclassified,Unclassified,SW-NSW,South-West NSW REZ corridor (Buronga/Dinawan/Wagga/PEC),NSW Gas Peaker,500.0,Reciprocating Engine - Compression ignition,Fossil - Natural Gas,AGL Energy Limited,,,,M2 >100km from any substation (coverage gap); kept M1 keyword assignment
Numurkah Solar Farm,CN-VIC,high,agree,CN-VIC,medium,CN-VIC,high,CN-VIC,Central North Victoria REZ corridor (Bendigo/Shepparton),Numurkah,101.08,Solar PV - Single axis tracking,Solar - Solar,Numurkah Solar Farm Pty Ltd,,,,
Nymboida,NEW,medium,excluded_m1,Unclassified,review,NEW,medium,Unclassified,No rule matched — manual review needed,,,,,,,,,
Nyngan Solar Plant,SW-NSW,medium,excluded_m2,SW-NSW,medium,Unclassified,Unclassified,SW-NSW,South-West NSW REZ corridor (Buronga/Dinawan/Wagga/PEC),Nyngan,102.03,Solar PV - Fixed,Solar - Solar,PARF Company 6 Pty Limited,,,,M2 >100km from any substation (coverage gap); kept M1 keyword assignment
Oaklands Hill Wind Farm,WV,high,agree,WV,medium,WV,high,WV,Western Victoria REZ corridor (Bulgana/Ararat/WRL),Oaklands Hill,67.2,Wind Turbine - Onshore,Wind - Wind,Oaklands Hill Wind farm pty ltd,,,,
Oaky,NEW,medium,excluded_m1,Unclassified,review,NEW,medium,Unclassified,No rule matched — manual review needed,,,,,,,,,
Orange Grove Sun Farm,CWO,medium,no_coord_m1_backstop,CWO,medium,,,CWO,Central-West Orana REZ corridor (Elong Elong/Merotherie/Wollar),Orange,80.0,Solar PV - Single axis tracking,Solar - Solar,Overland Sun Farm Holdings Pty Ltd,,,,
Osborne,MN,high,agree,MN,medium,MN,high,MN,Mid-North SA REZ corridor (Robertstown/Davenport/Cultana),Osborne,118.0,Turbine - CCGT,Fossil - Natural Gas Pipeline,Osborne Cogeneration Pty Ltd,,,,
Ouyen Solar Farm,MR,medium,no_coord_m1_backstop,MR,medium,,,MR,Murray River REZ corridor (Kerang/Red Cliffs/PEC western feed),Ouyen,,,,,,,,
Oven Mountain Pumped Storage,NEW,medium,agree,NEW,medium,NEW,medium,NEW,New England REZ corridor (Armidale/Tamworth/Dumaresq),Oven Mountain,900.0,Storage - Pumped hydro,Hydro - Water,Oven Mountain Pumped Storage,,,,
Oxley Solar Farm,NEW,medium,boundary_swap_m1_med_close,CWO,medium,NEW,high,CWO,Central-West Orana REZ corridor (Elong Elong/Merotherie/Wollar),Oxley,300.0,Solar PV - Fixed,Solar - Solar,Oxley Solar Development Pty Ltd,,,,
Paling Yards Wind Farm,SW-NSW,medium,no_coord_m1_backstop,SW-NSW,medium,,,SW-NSW,South-West NSW REZ corridor (Buronga/Dinawan/Wagga/PEC),Paling Yards,286.7,Wind Turbine - Onshore,Wind - Wind,Paling Yards Development Pty Ltd,,,,
Pallamana Solar Farm,Unclassified,review,no_coord_m1_backstop,Unclassified,review,,,Unclassified,No rule matched — manual review needed,,,,,,,,,
Palmer Wind Farm,SE-SA,medium,no_coord_m1_backstop,SE-SA,medium,,,SE-SA,South-East SA REZ corridor (Tailem Bend/Tungkillo/Heywood interconnector),Palmer,274.0,Wind Turbine - Onshore,Wind - Wind,Tilt Renewables Australia Pty Ltd,,,,
Paloona,TAS-NW,high,agree,TAS-NW,high,TAS-NW,high,TAS-NW,Tasmania single catchment (NW Transmission Devs + Central Highlands hydro) — single user-specified catchment covers all TAS1 sites,(TAS region),28.0,Hydro - Dam,Hydro - Water,Hydro-Electric Corporation,,,,
Parkes Shire Council STP,CWO,medium,no_coord_m1_backstop,CWO,medium,,,CWO,Central-West Orana REZ corridor (Elong Elong/Merotherie/Wollar),Parkes,,,,,,,,
Parkes Shire Council WTP,CWO,medium,no_coord_m1_backstop,CWO,medium,,,CWO,Central-West Orana REZ corridor (Elong Elong/Merotherie/Wollar),Parkes,,,,,,,,
Parkes Solar Farm,CWO,high,agree,CWO,medium,CWO,high,CWO,Central-West Orana REZ corridor (Elong Elong/Merotherie/Wollar),Parkes,49.5,Solar PV - Single axis tracking,Solar - Solar,Parkes Solar Farm Pty Ltd,,,,
Pedler Creek,Unclassified,review,no_coord_m1_backstop,Unclassified,review,,,Unclassified,No rule matched — manual review needed,,,,,,,,,
Pelican Point,MN,high,agree,MN,medium,MN,high,MN,Mid-North SA REZ corridor (Robertstown/Davenport/Cultana),Pelican Point,358.0,Turbine - CCGT,Fossil - Natural Gas Pipeline,Pelican Point Power Limited,,,,
Pelican Point S2,MN,high,agree,MN,medium,MN,high,MN,Mid-North SA REZ corridor (Robertstown/Davenport/Cultana),Pelican Point,,,,,,,,
Penrith RSL Solar,Unclassified,review,no_coord_m1_backstop,Unclassified,review,,,Unclassified,No rule matched — manual review needed,,,,,,,,,
Penshurst,SW-VIC,medium,no_coord_m1_backstop,SW-VIC,medium,,,SW-VIC,South-West Victoria REZ corridor (Mortlake/Moorabool/Heywood),Penshurst,,,,,,,,
Peterborough Solar Farm,MN,medium,excluded_m1,Unclassified,review,MN,medium,Unclassified,No rule matched — manual review needed,,,,,,,,,
Photon Energy Leeton,Unclassified,review,no_coord_m1_backstop,Unclassified,review,,,Unclassified,No rule matched — manual review needed,,,,,,,,,
Pindari,NEW,medium,excluded_m1,Unclassified,review,NEW,medium,Unclassified,No rule matched — manual review needed,,5.77,Hydro - Dam,Hydro - Water,AGL Hydro Partnership,,,,
Planet Ark Power and Schneider Electric - PV and Battery Microgrid,Unclassified,review,no_coord_m1_backstop,Unclassified,review,,,Unclassified,No rule matched — manual review needed,,,,,,,,,
Poatina,TAS-NW,high,agree,TAS-NW,high,TAS-NW,high,TAS-NW,Tasmania single catchment (NW Transmission Devs + Central Highlands hydro) — single user-specified catchment covers all TAS1 sites,(TAS region),200.0,Hydro - Dam,Hydro - Water,Hydro-Electric Corporation,,,,
Port Augusta Renewable Energy Park - Solar,MN,high,agree,MN,review,MN,high,MN,"Mid-North SA REZ corridor (Robertstown/Davenport/Cultana) — shared keyword across REZs: ['EYR', 'MN']; primary assignment based on substation locality",Port Augusta,99.0,Solar PV - Fixed,Solar - Solar,PAREP 1 Pty Ltd,,,,
Port Augusta Renewable Energy Park - Wind,MN,high,agree,MN,review,MN,high,MN,"Mid-North SA REZ corridor (Robertstown/Davenport/Cultana) — shared keyword across REZs: ['EYR', 'MN']; primary assignment based on substation locality",Port Augusta,201.0,Wind Turbine - Onshore,Wind - Wind,PAREP 1 Pty Ltd,,,,
Port Lincoln GT,EYR,medium,no_coord_m1_backstop,EYR,medium,,,EYR,EYR,Port Lincoln,50.0,Turbine - OCGT,Fossil - Diesel,Synergen Power Pty Ltd,,,,
Port Phillip Heads Tidal Energy Project,Unclassified,review,no_coord_m1_backstop,Unclassified,review,,,Unclassified,No rule matched — manual review needed,,,,,,,,,
Port Stanvac 1,MN,medium,no_coord_m1_backstop,MN,medium,,,MN,Mid-North SA REZ corridor (Robertstown/Davenport/Cultana),Port Stanvac,56.52,Reciprocating Engine - Compression ignition,Fossil - Diesel,Snowy Hydro Ltd,,,,
Portland Wind Farm,SW-VIC,high,no_coord_m1_backstop,SW-VIC,high,,,SW-VIC,South-West Victoria REZ corridor (Mortlake/Moorabool/Heywood),Portland,151.7,Wind Turbine - Onshore,Wind - Wind,Pacific Hydro Portland Wind Farm Pty Ltd,,,,
Prairie Solar Farm,MR,review,boundary_swap_m1_med_far,CN-VIC,medium,MR,medium,CN-VIC,Central North Victoria REZ corridor (Bendigo/Shepparton),Prairie,250.0,Solar PV - Single axis tracking,Solar - Solar,Pacific Hydro Australia Developments Pty Ltd,,,,
Proten - Farm 60,Unclassified,review,no_coord_m1_backstop,Unclassified,review,,,Unclassified,No rule matched — manual review needed,,,,,,,,,
Proten - Farm 61,Unclassified,review,no_coord_m1_backstop,Unclassified,review,,,Unclassified,No rule matched — manual review needed,,,,,,,,,
Proten - Farm 74,Unclassified,review,no_coord_m1_backstop,Unclassified,review,,,Unclassified,No rule matched — manual review needed,,,,,,,,,
Proten - Farm 75 - 79,Unclassified,review,no_coord_m1_backstop,Unclassified,review,,,Unclassified,No rule matched — manual review needed,,,,,,,,,
Qenos Cogeneration Facility,Unclassified,review,no_coord_m1_backstop,Unclassified,review,,,Unclassified,No rule matched — manual review needed,,,,,,,,,
Quarantine,MN,high,agree,MN,medium,MN,high,MN,Mid-North SA REZ corridor (Robertstown/Davenport/Cultana),Quarantine,165.0,Turbine - OCGT,Fossil - Natural Gas Pipeline,Origin Energy Power Limited,,,,
Quorn Park Solar Farm,CWO,high,excluded_m1,Unclassified,review,CWO,high,Unclassified,No rule matched — manual review needed,,,,,,,,,
Redbank,HCC,high,agree,HCC,medium,HCC,high,HCC,Hunter-Central Coast REZ corridor (Bayswater/Eraring/Singleton),Redbank,151.0,Turbine - Steam Sub Critical,Renewable Biomass or Waste - Wood Waste,Verdant Earth Technologies Limited,,,,
Redmud Green Energy 10,Unclassified,review,no_coord_m1_backstop,Unclassified,review,,,Unclassified,No rule matched — manual review needed,,,,,,,,,
Redmud Green Energy 11,Unclassified,review,no_coord_m1_backstop,Unclassified,review,,,Unclassified,No rule matched — manual review needed,,,,,,,,,
Redmud Green Energy 12,Unclassified,review,no_coord_m1_backstop,Unclassified,review,,,Unclassified,No rule matched — manual review needed,,,,,,,,,
Redmud Green Energy 13,Unclassified,review,no_coord_m1_backstop,Unclassified,review,,,Unclassified,No rule matched — manual review needed,,,,,,,,,
Redmud Green Energy 14,Unclassified,review,no_coord_m1_backstop,Unclassified,review,,,Unclassified,No rule matched — manual review needed,,,,,,,,,
Redmud Green Energy 4,Unclassified,review,no_coord_m1_backstop,Unclassified,review,,,Unclassified,No rule matched — manual review needed,,,,,,,,,
Redmud Green Energy 5,Unclassified,review,no_coord_m1_backstop,Unclassified,review,,,Unclassified,No rule matched — manual review needed,,,,,,,,,
Redmud Green Energy 6,Unclassified,review,no_coord_m1_backstop,Unclassified,review,,,Unclassified,No rule matched — manual review needed,,,,,,,,,
Redmud Green Energy 7,Unclassified,review,no_coord_m1_backstop,Unclassified,review,,,Unclassified,No rule matched — manual review needed,,,,,,,,,
Redmud Green Energy 8,Unclassified,review,no_coord_m1_backstop,Unclassified,review,,,Unclassified,No rule matched — manual review needed,,,,,,,,,
Redmud Green Energy 9,Unclassified,review,no_coord_m1_backstop,Unclassified,review,,,Unclassified,No rule matched — manual review needed,,,,,,,,,
Reece,TAS-NW,high,agree,TAS-NW,high,TAS-NW,review,TAS-NW,Tasmania single catchment (NW Transmission Devs + Central Highlands hydro) — single user-specified catchment covers all TAS1 sites,(TAS region),115.6,Hydro - Dam,Hydro - Water,Hydro-Electric Corporation,,,,
Reeves Plains OCGT - stage 1,MN,medium,no_coord_m1_backstop,MN,medium,,,MN,Mid-North SA REZ corridor (Robertstown/Davenport/Cultana),Reeves Plains,150.0,Turbine - OCGT,Fossil - Natural Gas Pipeline,Alinta Energy Reeves Plains Pty Ltd,,,,
Reeves Plains OCGT - stage 2,MN,medium,no_coord_m1_backstop,MN,medium,,,MN,Mid-North SA REZ corridor (Robertstown/Davenport/Cultana),Reeves Plains,150.0,Turbine - OCGT,Fossil - Natural Gas Pipeline,Alinta Energy Reeves Plains Pty Ltd,,,,
Remount,TAS-NW,high,no_coord_m1_backstop,TAS-NW,high,,,TAS-NW,Tasmania single catchment (NW Transmission Devs + Central Highlands hydro) — single user-specified catchment covers all TAS1 sites,(TAS region),,,,,,,,
Repulse,TAS-NW,high,agree,TAS-NW,high,TAS-NW,high,TAS-NW,Tasmania single catchment (NW Transmission Devs + Central Highlands hydro) — single user-specified catchment covers all TAS1 sites,(TAS region),28.0,Hydro - Dam,Hydro - Water,Hydro-Electric Corporation,,,,
Revesby Workers Club,Unclassified,review,no_coord_m1_backstop,Unclassified,review,,,Unclassified,No rule matched — manual review needed,,,,,,,,,
REWASTE WOLLERT,CN-VIC,medium,no_coord_m1_backstop,CN-VIC,medium,,,CN-VIC,Central North Victoria REZ corridor (Bendigo/Shepparton),Wollert,,,,,,,,
Rifle Butts Wind Farm,MR,medium,no_coord_m1_backstop,MR,medium,,,MR,Murray River REZ corridor (Kerang/Red Cliffs/PEC western feed),Rifle Butts,40.0,Wind Turbine - Onshore,Wind - Wind,NewEn,,,,
Riverina Solar Farm,SW-NSW,medium,no_coord_m1_backstop,SW-NSW,medium,,,SW-NSW,South-West NSW REZ corridor (Buronga/Dinawan/Wagga/PEC),Riverina,32.4,Solar PV - Single axis tracking,Solar - Solar,Riverina Solar Pty Ltd,,,,
Riverland Solar Storage - Solar,RIV,high,boundary_swap_m1_high,RIV,high,MN,medium,RIV,Riverland REZ corridor (Renmark/Berri/Loxton),Riverland,330.0,Solar PV - Single axis tracking,Solar - Solar,Lyon Solar,,,,
Riverland Solar Storage - Storage,RIV,high,no_coord_m1_backstop,RIV,high,,,RIV,Riverland REZ corridor (Renmark/Berri/Loxton),Riverland,100.0,Storage - Battery,Other - Other,Lyon Solar,,,,
Robbins Island Wind Farm,TAS-NW,high,agree,TAS-NW,high,TAS-NW,medium,TAS-NW,Tasmania single catchment (NW Transmission Devs + Central Highlands hydro) — single user-specified catchment covers all TAS1 sites,(TAS region),929.0,Wind Turbine - Onshore,Wind - Wind,ACEN Robbins Island PTY LTD,,,,
Rowallan,TAS-NW,high,agree,TAS-NW,high,TAS-NW,medium,TAS-NW,Tasmania single catchment (NW Transmission Devs + Central Highlands hydro) — single user-specified catchment covers all TAS1 sites,(TAS region),10.5,Hydro - Dam,Hydro - Water,Hydro-Electric Corporation,,,,
Royalla Solar Farm,ILW,high,excluded_m1,Unclassified,review,ILW,high,Unclassified,No rule matched — manual review needed,,20.0,Solar PV - Fixed,Solar - Solar,Royalla Asset Pty Ltd ATF Royalla Asset Trust,,,,
Rubicon Mountain Streams,CN-VIC,medium,no_coord_m1_backstop,CN-VIC,medium,,,CN-VIC,Central North Victoria REZ corridor (Bendigo/Shepparton),Rubicon,13.5,Hydro - Dam,Hydro - Water,AGL Hydro Partnership,,,,
Ryan Corner Wind Farm,SW-VIC,medium,no_coord_m1_backstop,SW-VIC,medium,,,SW-VIC,South-West Victoria REZ corridor (Mortlake/Moorabool/Heywood),Ryan Corner,218.4,Wind Turbine - Onshore,Wind - Wind,Ryan Corner Development Pty Ltd,,,,
Rye Park Wind Farm,SW-NSW,high,agree,SW-NSW,medium,SW-NSW,high,SW-NSW,South-West NSW REZ corridor (Buronga/Dinawan/Wagga/PEC),Rye Park,396.0,Wind Turbine - Onshore,Wind - Wind,Tilt Renewables Australia Pty Ltd,,,,
SA Aquatic & Leasure Centre,Unclassified,review,no_coord_m1_backstop,Unclassified,review,,,Unclassified,No rule matched — manual review needed,,,,,,,,,
SA Government Virtual Power Plant - stage 1,Unclassified,review,no_coord_m1_backstop,Unclassified,review,,,Unclassified,No rule matched — manual review needed,,,,,,,,,
SA Government Virtual Power Plant - stage 2,Unclassified,review,no_coord_m1_backstop,Unclassified,review,,,Unclassified,No rule matched — manual review needed,,,,,,,,,
SA Government Virtual Power Plant - stage 3,Unclassified,review,no_coord_m1_backstop,Unclassified,review,,,Unclassified,No rule matched — manual review needed,,,,,,,,,
SA Water PV Plant,Unclassified,review,no_coord_m1_backstop,Unclassified,review,,,Unclassified,No rule matched — manual review needed,,,,,,,,,
SALE HOSPITAL - SOLAR,GIP,medium,no_coord_m1_backstop,GIP,medium,,,GIP,Gippsland REZ corridor (Latrobe Valley 500 kV),Sale,,,,,,,,
Salt Creek Wind Farm,SW-VIC,high,boundary_swap_m1_review,WV,review,SW-VIC,high,WV,"Western Victoria REZ corridor (Bulgana/Ararat/WRL) — shared keyword across REZs: ['SW-VIC', 'WV']; primary assignment based on substation locality",Salt Creek Wind Farm,54.0,Wind Turbine - Onshore,Wind - Wind,Salt Creek Wind Farm Pty Ltd,,,,
Sandigo Solar Farm,SW-NSW,medium,no_coord_m1_backstop,SW-NSW,medium,,,SW-NSW,South-West NSW REZ corridor (Buronga/Dinawan/Wagga/PEC),Sandigo,300.0,Solar PV - Fixed,Solar - Solar,ESCO Pacific,,,,
Sapphire Wind Farm,NEW,high,agree,NEW,high,NEW,high,NEW,New England REZ corridor (Armidale/Tamworth/Dumaresq),Sapphire,270.0,Wind Turbine - Onshore,Wind - Wind,SWF1 Operations Holdings Pty Ltd as trustee for SWF1 Hold Trust,,,,
SCS Shepparton,CN-VIC,high,no_coord_m1_backstop,CN-VIC,high,,,CN-VIC,Central North Victoria REZ corridor (Bendigo/Shepparton),Shepparton,,,,,,,,
Seacliff Mini Hydro,Unclassified,review,no_coord_m1_backstop,Unclassified,review,,,Unclassified,No rule matched — manual review needed,,,,,,,,,
Sebastopol Solar Farm,SW-NSW,medium,agree,SW-NSW,medium,SW-NSW,medium,SW-NSW,South-West NSW REZ corridor (Buronga/Dinawan/Wagga/PEC),Sebastopol,90.0,Solar PV - Single axis tracking,Solar - Solar,Sebastopol Asset Co Pty Ltd ATF Sebastopol Asset Trust,,,,
Shamic Sheetmetal,Unclassified,review,no_coord_m1_backstop,Unclassified,review,,,Unclassified,No rule matched — manual review needed,,,,,,,,,
Shepparton,CN-VIC,high,no_coord_m1_backstop,CN-VIC,high,,,CN-VIC,Central North Victoria REZ corridor (Bendigo/Shepparton),Shepparton,,,,,,,,
Shepparton Solar Farm,CN-VIC,high,no_coord_m1_backstop,CN-VIC,high,,,CN-VIC,Central North Victoria REZ corridor (Bendigo/Shepparton),Shepparton,,,,,,,,
Shepparton Wastewater Treatment Facility,CN-VIC,high,no_coord_m1_backstop,CN-VIC,high,,,CN-VIC,Central North Victoria REZ corridor (Bendigo/Shepparton),Shepparton,1.1,Reciprocating Engine - Spark ignition,Renewable Biomass or Waste - Biogas,Diamond Energy Pty Ltd,,,,
Shoalhaven,HCC,medium,no_coord_m1_backstop,HCC,medium,,,HCC,Hunter-Central Coast REZ corridor (Bayswater/Eraring/Singleton),Shoalhaven,165.0,Storage - Pumped hydro,Hydro - Water,Origin Energy Eraring Pty Ltd,,,,
Shoalhaven Expansion,ILW,high,agree,ILW,review,ILW,high,ILW,"Illawarra REZ corridor (Dapto/Avon/Wollongong) — shared keyword across REZs: ['HCC', 'ILW']; primary assignment based on substation locality",Shoalhaven Expansion,235.0,Storage - Pumped hydro,Hydro - Water,Origin Energy,,,,
Silverton Wind Farm,SW-NSW,medium,agree,SW-NSW,medium,SW-NSW,medium,SW-NSW,South-West NSW REZ corridor (Buronga/Dinawan/Wagga/PEC),Silverton,198.94,Wind Turbine - Onshore,Wind - Wind,PARF Company 8 Pty Ltd as trustee for the Silverton Project Trust,,,,
Simply Energy VPP,Unclassified,review,no_coord_m1_backstop,Unclassified,review,,,Unclassified,No rule matched — manual review needed,,,,,,,,,
Smithfield Energy Facility,Unclassified,review,no_coord_m1_backstop,Unclassified,review,,,Unclassified,No rule matched — manual review needed,,125.7,Turbine - OCGT,Fossil - Natural Gas Pipeline,Smithfield Power Generation Pty Ltd,,,,
Snowtown North Solar Farm,MN,high,no_coord_m1_backstop,MN,high,,,MN,Mid-North SA REZ corridor (Robertstown/Davenport/Cultana),Snowtown,44.0,Solar PV - Fixed,Solar - Solar,Tilt Renewables,,,,
Snowtown North Solar Farm - BESS,MN,high,no_coord_m1_backstop,MN,high,,,MN,Mid-North SA REZ corridor (Robertstown/Davenport/Cultana),Snowtown,100.0,Storage - Battery,Other - Other,Tilt Renewables,,,,
Snowtown S2 Wind Farm,MN,high,no_coord_m1_backstop,MN,high,,,MN,Mid-North SA REZ corridor (Robertstown/Davenport/Cultana),Snowtown,144.0,Wind Turbine - Onshore,Wind - Wind,Snowtown Wind Farm Stage 2 Pty Ltd,,,,
Snowtown Wind Farm,MN,high,agree,MN,high,MN,high,MN,Mid-North SA REZ corridor (Robertstown/Davenport/Cultana),Snowtown,98.7,Wind Turbine - Onshore,Wind - Wind,Snowtown Wind Farm Pty Ltd,,,,
Snowy 2.0,SW-NSW,high,agree,SW-NSW,medium,SW-NSW,high,SW-NSW,South-West NSW REZ corridor (Buronga/Dinawan/Wagga/PEC),Snowy 2.0,,,,,,,,
Snuggery,SE-SA,medium,no_coord_m1_backstop,SE-SA,medium,,,SE-SA,South-East SA REZ corridor (Tailem Bend/Tungkillo/Heywood interconnector),Snuggery,63.0,Turbine - OCGT,Fossil - Diesel,Synergen Power Pty Ltd,,,,
Somerton,CN-VIC,high,excluded_m1,Unclassified,review,CN-VIC,high,Unclassified,No rule matched — manual review needed,,170.0,Turbine - OCGT,Fossil - Natural Gas Pipeline,AGL Hydro partnership,,,,
South Keswick Solar Farm,CWO,high,excluded_m1,Unclassified,review,CWO,high,Unclassified,No rule matched — manual review needed,,13.9,Solar PV - Single axis tracking,Solar - Solar,Dubbo Solar Hub Pty Ltd,,,,
Springdale Solar Farm,NEW,medium,no_coord_m1_backstop,NEW,medium,,,NEW,New England REZ corridor (Armidale/Tamworth/Dumaresq),Springdale,100.0,Solar PV - Single axis tracking,Solar - Solar,Utilacor Pty Ltd,,,,
Springvale,CN-VIC,medium,no_coord_m1_backstop,CN-VIC,medium,,,CN-VIC,Central North Victoria REZ corridor (Bendigo/Shepparton),Springvale,,,,,,,,
SSE Whyalla Solar Farm,MN,high,agree,MN,review,MN,high,MN,"Mid-North SA REZ corridor (Robertstown/Davenport/Cultana) — shared keyword across REZs: ['EYR', 'MN']; primary assignment based on substation locality",Whyalla,,,,,,,,
"St George Leagues Club - Kogarah, NSW",Unclassified,review,no_coord_m1_backstop,Unclassified,review,,,Unclassified,No rule matched — manual review needed,,,,,,,,,
St Patrick's College Launceston,TAS-NW,high,no_coord_m1_backstop,TAS-NW,high,,,TAS-NW,Tasmania single catchment (NW Transmission Devs + Central Highlands hydro) — single user-specified catchment covers all TAS1 sites,(TAS region),,,,,,,,
St Patricks Plains Wind Farm,TAS-NW,high,no_coord_m1_backstop,TAS-NW,high,,,TAS-NW,Tasmania single catchment (NW Transmission Devs + Central Highlands hydro) — single user-specified catchment covers all TAS1 sites,(TAS region),291.4,Wind Turbine - Onshore,Wind - Wind,ARK Energy Corporation Pty Ltd,,,,
Star of The South,GIP,medium,no_coord_m1_backstop,GIP,medium,,,GIP,Gippsland REZ corridor (Latrobe Valley 500 kV),Star of the South,,,,,,,,
Starfish Hill,MN,review,boundary_swap_m1_med_far,SE-SA,medium,MN,review,SE-SA,South-East SA REZ corridor (Tailem Bend/Tungkillo/Heywood interconnector),Starfish Hill,33.0,Wind Turbine - Onshore,Wind - Wind,Ratch Australia,,,,
Stockland Development Wetherill Park,Unclassified,review,no_coord_m1_backstop,Unclassified,review,,,Unclassified,No rule matched — manual review needed,,,,,,,,,
Stockyard Hill Wind Farm,WV,high,agree,WV,high,WV,medium,WV,Western Victoria REZ corridor (Bulgana/Ararat/WRL),Stockyard Hill,456.96,Wind Turbine - Onshore,Wind - Wind,Stockyard Hill Wind Farm Pty Ltd,,,,
Stony Gap,Unclassified,review,no_coord_m1_backstop,Unclassified,review,,,Unclassified,No rule matched — manual review needed,,,,,,,,,
Summer Hill,Unclassified,review,no_coord_m1_backstop,Unclassified,review,,,Unclassified,No rule matched — manual review needed,,,,,,,,,
Summerhill Solar Farm,HCC,high,excluded_m1,Unclassified,review,HCC,high,Unclassified,No rule matched — manual review needed,,,,,,,,,
Sundown Solar Farm,NEW,medium,no_coord_m1_backstop,NEW,medium,,,NEW,New England REZ corridor (Armidale/Tamworth/Dumaresq),Sundown,,,,,,,,
Sunraysia Solar Farm,SW-NSW,high,agree,SW-NSW,medium,SW-NSW,high,SW-NSW,South-West NSW REZ corridor (Buronga/Dinawan/Wagga/PEC),Sunraysia,228.8,Solar PV - Single axis tracking,Solar - Solar,Sunraysia Solar Project Pty Ltd,,,,
Suntop Solar Farm Pty Ltd,CWO,high,agree,CWO,medium,CWO,high,CWO,Central-West Orana REZ corridor (Elong Elong/Merotherie/Wollar),Suntop,,,,,,,,
Swan Hill Solar Farm 1 Unit 1,MR,high,agree,MR,medium,MR,high,MR,Murray River REZ corridor (Kerang/Red Cliffs/PEC western feed),Swan Hill,,,,,,,,
Swan Hill Solar Farm 2 Unit 1,MR,high,agree,MR,medium,MR,high,MR,Murray River REZ corridor (Kerang/Red Cliffs/PEC western feed),Swan Hill,,,,,,,,
Symex,Unclassified,review,no_coord_m1_backstop,Unclassified,review,,,Unclassified,No rule matched — manual review needed,,,,,,,,,
Tahmoor,Unclassified,review,no_coord_m1_backstop,Unclassified,review,,,Unclassified,No rule matched — manual review needed,,7.46,Reciprocating Engine - Spark ignition,Fossil - Waste Coal Mine Gas,EDL TT Pty Ltd,,,,
Tailem Bend - Solar,SE-SA,high,agree,SE-SA,high,SE-SA,high,SE-SA,South-East SA REZ corridor (Tailem Bend/Tungkillo/Heywood interconnector),Tailem Bend,108.0,Solar PV - Fixed,Solar - Solar,Vena Energy,,,,
Tailem Bend Battery Project,SE-SA,high,no_coord_m1_backstop,SE-SA,high,,,SE-SA,South-East SA REZ corridor (Tailem Bend/Tungkillo/Heywood interconnector),Tailem Bend,41.5,Storage - Battery,Other - Other,Vena Energy,,,,
Tailem Bend Stage 2 Solar Project,SE-SA,high,no_coord_m1_backstop,SE-SA,high,,,SE-SA,South-East SA REZ corridor (Tailem Bend/Tungkillo/Heywood interconnector),Tailem Bend,105.0,Solar PV - Single axis tracking,Solar - Solar,Vena Energy,,,,
Tallawarra,ILW,high,agree,ILW,medium,ILW,high,ILW,Illawarra REZ corridor (Dapto/Avon/Wollongong),Tallawarra,400.0,Turbine - CCGT,Fossil - Natural Gas Pipeline,EnergyAustralia Tallawarra Pty Ltd,,,,
Tallawarra B,ILW,high,agree,ILW,medium,ILW,high,ILW,Illawarra REZ corridor (Dapto/Avon/Wollongong),Tallawarra,320.0,Turbine - OCGT,Fossil - Natural Gas Pipeline,EnergyAustralia Tallawarra Pty Ltd ,,,,
Tamar Valley Combined Cycle,TAS-NW,high,no_coord_m1_backstop,TAS-NW,high,,,TAS-NW,Tasmania single catchment (NW Transmission Devs + Central Highlands hydro) — single user-specified catchment covers all TAS1 sites,(TAS region),140.0,Turbine - CCGT,Fossil - Natural Gas Pipeline,AETV Pty Ltd,,,,
Tamar Valley Peaking,TAS-NW,high,no_coord_m1_backstop,TAS-NW,high,,,TAS-NW,Tasmania single catchment (NW Transmission Devs + Central Highlands hydro) — single user-specified catchment covers all TAS1 sites,(TAS region),58.0,Turbine - OCGT,Fossil - Natural Gas Pipeline,AETV Pty Ltd,,,,
Taralga Wind Farm,SW-NSW,high,agree,SW-NSW,medium,SW-NSW,high,SW-NSW,South-West NSW REZ corridor (Buronga/Dinawan/Wagga/PEC),Taralga,42.0,Wind Turbine - Onshore,Wind - Wind,Energy Pacific Vic Pty Ltd,,,,
Tarleigh Park Solar Farm,Unclassified,review,no_coord_m1_backstop,Unclassified,review,,,Unclassified,No rule matched — manual review needed,,,,,,,,,
Taronga Western Plains Zoo,Unclassified,review,no_coord_m1_backstop,Unclassified,review,,,Unclassified,No rule matched — manual review needed,,,,,,,,,
Tarraleah,TAS-NW,high,agree,TAS-NW,high,TAS-NW,high,TAS-NW,Tasmania single catchment (NW Transmission Devs + Central Highlands hydro) — single user-specified catchment covers all TAS1 sites,(TAS region),90.0,Hydro - Dam,Hydro - Water,Hydro-Electric Corporation,,,,
Tarrone GT,SW-VIC,high,agree,SW-VIC,high,SW-VIC,high,SW-VIC,South-West Victoria REZ corridor (Mortlake/Moorabool/Heywood),Tarrone,600.0,Turbine - OCGT,Fossil - Natural Gas Pipeline,AGL Energy Limited,,,,
Tarrone Wind Farm,SW-VIC,high,no_coord_m1_backstop,SW-VIC,high,,,SW-VIC,South-West Victoria REZ corridor (Mortlake/Moorabool/Heywood),Tarrone,,,,,,,,
Tatura Biomass Generator,CN-VIC,medium,no_coord_m1_backstop,CN-VIC,medium,,,CN-VIC,Central North Victoria REZ corridor (Bendigo/Shepparton),Tatura,1.1,Reciprocating Engine - Spark ignition,Renewable Biomass or Waste - Biogas,Diamond Energy Pty Ltd,,,,
Temporary Generation North,Unclassified,review,no_coord_m1_backstop,Unclassified,review,,,Unclassified,No rule matched — manual review needed,,,,,,,,,
Temporary Generation South,Unclassified,review,no_coord_m1_backstop,Unclassified,review,,,Unclassified,No rule matched — manual review needed,,,,,,,,,
Teralba,HCC,high,excluded_m1,Unclassified,review,HCC,high,Unclassified,No rule matched — manual review needed,,,,,,,,,
Terminal Storage MinI Hydro,Unclassified,review,no_coord_m1_backstop,Unclassified,review,,,Unclassified,No rule matched — manual review needed,,,,,,,,,
The Drop,Unclassified,review,no_coord_m1_backstop,Unclassified,review,,,Unclassified,No rule matched — manual review needed,,2.5,Hydro - Run of River,Hydro - Water,Pacific Hydro Investments Pty Ltd,,,,
The Solar River Project - Stage 1,MN,medium,agree,MN,medium,MN,medium,MN,Mid-North SA REZ corridor (Robertstown/Davenport/Cultana),Solar River,200.0,Solar PV - Fixed,Solar - Solar,The Solar River Project Pty Ltd,,,,
The Solar River Project - Stage 2,MN,medium,agree,MN,medium,MN,medium,MN,Mid-North SA REZ corridor (Robertstown/Davenport/Cultana),Solar River,200.0,Solar PV - Fixed,Solar - Solar,The Solar River Project Pty Ltd,,,,
Tilbuster Solar Farm,NEW,medium,no_coord_m1_backstop,NEW,medium,,,NEW,New England REZ corridor (Armidale/Tamworth/Dumaresq),Tilbuster,248.82,Solar PV - Fixed,Solar - Solar,Enerparc Australia Pty Ltd,,,,
Timboon West Wind Farm,SW-VIC,medium,agree,SW-VIC,medium,SW-VIC,medium,SW-VIC,South-West Victoria REZ corridor (Mortlake/Moorabool/Heywood),Timboon West,7.2,Wind Turbine - Onshore,Wind - Wind,Timboon West Wind Farm Pty Ltd,,,,
Todae Solar – La Trobe University Bendigo,CN-VIC,high,no_coord_m1_backstop,CN-VIC,high,,,CN-VIC,Central North Victoria REZ corridor (Bendigo/Shepparton),Bendigo,,,,,,,,
Todae Solar – La Trobe University Wodonga,CN-VIC,medium,no_coord_m1_backstop,CN-VIC,medium,,,CN-VIC,Central North Victoria REZ corridor (Bendigo/Shepparton),Wodonga,,,,,,,,
Todae Solar - Nillumbik,Unclassified,review,no_coord_m1_backstop,Unclassified,review,,,Unclassified,No rule matched — manual review needed,,,,,,,,,
Todae Solar CSU,Unclassified,review,no_coord_m1_backstop,Unclassified,review,,,Unclassified,No rule matched — manual review needed,,,,,,,,,
Todae Solar PE - Llandilo,Unclassified,review,no_coord_m1_backstop,Unclassified,review,,,Unclassified,No rule matched — manual review needed,,,,,,,,,
Todae Solar- PF Minchinbury,Unclassified,review,no_coord_m1_backstop,Unclassified,review,,,Unclassified,No rule matched — manual review needed,,,,,,,,,
Todae Solar SV - Eltham,Unclassified,review,no_coord_m1_backstop,Unclassified,review,,,Unclassified,No rule matched — manual review needed,,,,,,,,,
Todae Solar SV - Mater Clinic,Unclassified,review,no_coord_m1_backstop,Unclassified,review,,,Unclassified,No rule matched — manual review needed,,,,,,,,,
Todae Solar SV - Mater Hospital,Unclassified,review,no_coord_m1_backstop,Unclassified,review,,,Unclassified,No rule matched — manual review needed,,,,,,,,,
Tods Corner,TAS-NW,high,no_coord_m1_backstop,TAS-NW,high,,,TAS-NW,Tasmania single catchment (NW Transmission Devs + Central Highlands hydro) — single user-specified catchment covers all TAS1 sites,(TAS region),,,,,,,,
Tomago GT,HCC,high,no_coord_m1_backstop,HCC,high,,,HCC,Hunter-Central Coast REZ corridor (Bayswater/Eraring/Singleton),Tomago,,,,,,,,
Toora,GIP,medium,agree,GIP,medium,GIP,medium,GIP,Gippsland REZ corridor (Latrobe Valley 500 kV),Toora,21.0,Wind Turbine - Onshore,Wind - Wind,Ratch Australia,,,,
Torrens Island A,MN,medium,no_coord_m1_backstop,MN,medium,,,MN,Mid-North SA REZ corridor (Robertstown/Davenport/Cultana),Torrens Island,,,,,,,,
Torrens Island B,MN,medium,agree,MN,medium,MN,medium,MN,Mid-North SA REZ corridor (Robertstown/Davenport/Cultana),Torrens Island,200.0,Turbine - Steam Sub Critical,Fossil - Natural Gas Pipeline,AGL SA Generation Pty Limited ,,,,
Tower,SW-NSW,medium,no_coord_m1_backstop,SW-NSW,medium,,,SW-NSW,South-West NSW REZ corridor (Buronga/Dinawan/Wagga/PEC),Tower,41.2,Reciprocating Engine - Spark ignition,Fossil - Waste Coal Mine Gas,EDL CSM NSW Pty Ltd,,,,
Trevallyn,TAS-NW,high,agree,TAS-NW,high,TAS-NW,high,TAS-NW,Tasmania single catchment (NW Transmission Devs + Central Highlands hydro) — single user-specified catchment covers all TAS1 sites,(TAS region),53.0,Hydro - Dam,Hydro - Water,Hydro-Electric Corporation,,,,
Tribute,TAS-NW,high,agree,TAS-NW,high,TAS-NW,review,TAS-NW,Tasmania single catchment (NW Transmission Devs + Central Highlands hydro) — single user-specified catchment covers all TAS1 sites,(TAS region),82.8,Hydro - Dam,Hydro - Water,Hydro-Electric Corporation,,,,
Tumut 3,SW-NSW,high,agree,SW-NSW,medium,SW-NSW,high,SW-NSW,South-West NSW REZ corridor (Buronga/Dinawan/Wagga/PEC),Tumut,1500.0,Hydro - Dam,Hydro - Water,Snowy Hydro Ltd,,,,
Tumut Pulp and Paper Mill,SW-NSW,medium,no_coord_m1_backstop,SW-NSW,medium,,,SW-NSW,South-West NSW REZ corridor (Buronga/Dinawan/Wagga/PEC),Tumut,,,,,,,,
Tungatinah,TAS-NW,high,agree,TAS-NW,high,TAS-NW,high,TAS-NW,Tasmania single catchment (NW Transmission Devs + Central Highlands hydro) — single user-specified catchment covers all TAS1 sites,(TAS region),125.0,Hydro - Dam,Hydro - Water,Hydro-Electric Corporation,,,,
Twin Creek Wind Farm,Unclassified,review,no_coord_m1_backstop,Unclassified,review,,,Unclassified,No rule matched — manual review needed,,,,,,,,,
UniSA Solar project,Unclassified,review,no_coord_m1_backstop,Unclassified,review,,,Unclassified,No rule matched — manual review needed,,,,,,,,,
University of Melbourne Archives Brunswick,Unclassified,review,no_coord_m1_backstop,Unclassified,review,,,Unclassified,No rule matched — manual review needed,,,,,,,,,
University of Melbourne McCoy Carlton,Unclassified,review,no_coord_m1_backstop,Unclassified,review,,,Unclassified,No rule matched — manual review needed,,,,,,,,,
University of Melbourne Performing Arts Centre Southbank,Unclassified,review,no_coord_m1_backstop,Unclassified,review,,,Unclassified,No rule matched — manual review needed,,,,,,,,,
University of Melbourne Peter Hall Parkville,Unclassified,review,no_coord_m1_backstop,Unclassified,review,,,Unclassified,No rule matched — manual review needed,,,,,,,,,
University of Melbourne Sports Centre Parkville,Unclassified,review,no_coord_m1_backstop,Unclassified,review,,,Unclassified,No rule matched — manual review needed,,,,,,,,,
University of Melbourne The Spot Carlton,Unclassified,review,no_coord_m1_backstop,Unclassified,review,,,Unclassified,No rule matched — manual review needed,,,,,,,,,
UNSW C25,Unclassified,review,no_coord_m1_backstop,Unclassified,review,,,Unclassified,No rule matched — manual review needed,,,,,,,,,
Upper Hunter Energy Park - Solar,HCC,medium,no_coord_m1_backstop,HCC,medium,,,HCC,Hunter-Central Coast REZ corridor (Bayswater/Eraring/Singleton),Upper Hunter,10.0,Solar PV - Fixed,Solar - Solar,Upper Hunter Energy Park Pty Ltd,,,,
Upper Hunter Energy Park - Wind,HCC,medium,no_coord_m1_backstop,HCC,medium,,,HCC,Hunter-Central Coast REZ corridor (Bayswater/Eraring/Singleton),Upper Hunter,75.6,Wind Turbine - Onshore,Wind - Wind,Upper Hunter Energy Park Pty Ltd,,,,
Upper Tumut,SW-NSW,medium,no_coord_m1_backstop,SW-NSW,medium,,,SW-NSW,South-West NSW REZ corridor (Buronga/Dinawan/Wagga/PEC),Tumut,328.0,Hydro - Dam,Hydro - Water,Snowy Hydro Ltd,,,,
Uranquinty,SW-NSW,high,agree,SW-NSW,medium,SW-NSW,high,SW-NSW,South-West NSW REZ corridor (Buronga/Dinawan/Wagga/PEC),Uranquinty,173.0,Turbine - OCGT,Fossil - Natural Gas Pipeline,Origin Energy Uranquinty Power Pty Ltd,,,,
Uungula Wind Farm,CWO,medium,no_coord_m1_backstop,CWO,medium,,,CWO,Central-West Orana REZ corridor (Elong Elong/Merotherie/Wollar),Uungula,414.0,Wind Turbine - Onshore,Wind - Wind,Uungula Wind Farm Pty Ltd,,,,
Vales Point B,HCC,high,agree,HCC,high,HCC,high,HCC,Hunter-Central Coast REZ corridor (Bayswater/Eraring/Singleton),Vales Point,660.0,Turbine - Steam Sub Critical,Fossil - Black Coal,Delta Electricity,,,,
Vales Point Solar,HCC,high,no_coord_m1_backstop,HCC,high,,,HCC,Hunter-Central Coast REZ corridor (Bayswater/Eraring/Singleton),Vales Point,55.0,Solar PV - Fixed,Solar - Solar,Delta Electricity,,,,
Valley Power,GIP,high,agree,GIP,medium,GIP,high,GIP,Gippsland REZ corridor (Latrobe Valley 500 kV),Valley Power,50.0,Turbine - OCGT,Fossil - Natural Gas Pipeline,Snowy Hydro Ltd,,,,
Vawdrey Manufacturing,Unclassified,review,no_coord_m1_backstop,Unclassified,review,,,Unclassified,No rule matched — manual review needed,,,,,,,,,
"Vibe Energy - Bordertown Power Station Gen - Bordertown, SA",SE-SA,medium,no_coord_m1_backstop,SE-SA,medium,,,SE-SA,South-East SA REZ corridor (Tailem Bend/Tungkillo/Heywood interconnector),Bordertown,,,,,,,,
"Vibe Energy - Tatiara Meat Gen - Borderdown, SA",SE-SA,medium,no_coord_m1_backstop,SE-SA,medium,,,SE-SA,South-East SA REZ corridor (Tailem Bend/Tungkillo/Heywood interconnector),Tatiara,,,,,,,,
Wagga North Solar Farm,SW-NSW,high,no_coord_m1_backstop,SW-NSW,high,,,SW-NSW,South-West NSW REZ corridor (Buronga/Dinawan/Wagga/PEC),Wagga,36.01,Solar PV - Single axis tracking,Solar - Solar,Wagga Wagga Operationsco Pty Ltd as trustree for Wagga Wagga Operations Trust,,,,
Wagga Wagga Solar Project,SW-NSW,high,no_coord_m1_backstop,SW-NSW,high,,,SW-NSW,South-West NSW REZ corridor (Buronga/Dinawan/Wagga/PEC),Wagga Wagga,,,,,,,,
Walcha Energy Project - Ruby Hills Wind Farm,NEW,high,agree,NEW,medium,NEW,high,NEW,New England REZ corridor (Armidale/Tamworth/Dumaresq),Ruby Hills,,,,,,,,
Walcha Energy Project - Salisbury East Solar,NEW,medium,agree,NEW,medium,NEW,medium,NEW,New England REZ corridor (Armidale/Tamworth/Dumaresq),Salisbury,,,,,,,,
Walcha Energy Project - Salisbury West Solar,NEW,medium,agree,NEW,medium,NEW,medium,NEW,New England REZ corridor (Armidale/Tamworth/Dumaresq),Salisbury,,,,,,,,
Walcha Energy Project - Winterbourne Wind Farm,NEW,high,agree,NEW,medium,NEW,high,NEW,New England REZ corridor (Armidale/Tamworth/Dumaresq),Winterbourne,,,,,,,,
Walcha Energy Project Storage - Dungowan PHES,NEW,medium,no_coord_m1_backstop,NEW,medium,,,NEW,New England REZ corridor (Armidale/Tamworth/Dumaresq),Dungowan,,,,,,,,
Walcha Energy Project Storage - Salisbury BESS,NEW,medium,no_coord_m1_backstop,NEW,medium,,,NEW,New England REZ corridor (Armidale/Tamworth/Dumaresq),Salisbury,,,,,,,,
Walgett Solar Farm,Unclassified,review,no_coord_m1_backstop,Unclassified,review,,,Unclassified,No rule matched — manual review needed,,,,,,,,,
Walla Walla Solar Farm,SW-NSW,high,agree,SW-NSW,medium,SW-NSW,high,SW-NSW,South-West NSW REZ corridor (Buronga/Dinawan/Wagga/PEC),Walla Walla,151.97,Solar PV - Single axis tracking,Solar - Solar,FRV Australia (Walla Walla Asset Co Pty Ltd (ACN 634 728 868) as trustee for the Walla Walla Asset Trust),,,,
Wangaratta Solar Farm,Unclassified,review,no_coord_m1_backstop,Unclassified,review,,,Unclassified,No rule matched — manual review needed,,,,,,,,,
Wantirna Mini Hydro,Unclassified,review,no_coord_m1_backstop,Unclassified,review,,,Unclassified,No rule matched — manual review needed,,,,,,,,,
Warracknabeal Wind Farm,WV,medium,no_coord_m1_backstop,WV,medium,,,WV,Western Victoria REZ corridor (Bulgana/Ararat/WRL),Warracknabeal,1500.0,Wind Turbine - Onshore,Wind - Wind,WestWind Energy Pty Ltd,,,,
Waterloo Wind Farm,MN,high,agree,MN,high,MN,high,MN,Mid-North SA REZ corridor (Robertstown/Davenport/Cultana),Waterloo,111.0,Wind Turbine - Onshore,Wind - Wind,Waterloo Windfarm Pty Ltd,,,,
Wattle Point,MN,high,agree,MN,medium,MN,high,MN,Mid-North SA REZ corridor (Robertstown/Davenport/Cultana),Wattle Point,90.75,Wind Turbine - Onshore,Wind - Wind,Infrastructure Capital Group,,,,
Waubra,WV,high,agree,WV,medium,WV,high,WV,Western Victoria REZ corridor (Bulgana/Ararat/WRL),Waubra,93.0,Wind Turbine - Onshore,Wind - Wind,Pyrenees Wind Energy Developments,,,,
Wee Waa Solar Farm,Unclassified,review,no_coord_m1_backstop,Unclassified,review,,,Unclassified,No rule matched — manual review needed,,,,,,,,,
Wellington North Solar Farm,CWO,high,agree,CWO,medium,CWO,high,CWO,Central-West Orana REZ corridor (Elong Elong/Merotherie/Wollar),Wellington,300.0,Solar PV - Fixed,Solar - Solar,AGL Hydro Partnership,,,,
Wellington Solar Farm,CWO,high,agree,CWO,medium,CWO,high,CWO,Central-West Orana REZ corridor (Elong Elong/Merotherie/Wollar),Wellington,216.08,Solar PV - Single axis tracking,Solar - Solar,Lightsource Australia SPV 4 Pty Ltd,,,,
Wemen Solar Farm,MR,high,agree,MR,high,MR,high,MR,Murray River REZ corridor (Kerang/Red Cliffs/PEC western feed),Wemen,97.5,Solar PV - Single axis tracking,Solar - Solar,Wemen Asset Co Pty Ltd as Trustee to Wemen Solar Unit Trust,,,,
Wesley Vale Solar,TAS-NW,high,no_coord_m1_backstop,TAS-NW,high,,,TAS-NW,Tasmania single catchment (NW Transmission Devs + Central Highlands hydro) — single user-specified catchment covers all TAS1 sites,(TAS region),,,,,,,,
West Kiewa,CN-VIC,high,agree,CN-VIC,medium,CN-VIC,high,CN-VIC,Central North Victoria REZ corridor (Bendigo/Shepparton),West Kiewa,34.0,Hydro - Dam,Hydro - Water,AGL Hydro Partnership,,,,
West Nowra Landfill Gas Power Generation Facility,Unclassified,review,no_coord_m1_backstop,Unclassified,review,,,Unclassified,No rule matched — manual review needed,,,,,,,,,
Western Plains Wind Farm,TAS-NW,high,no_coord_m1_backstop,TAS-NW,high,,,TAS-NW,Tasmania single catchment (NW Transmission Devs + Central Highlands hydro) — single user-specified catchment covers all TAS1 sites,(TAS region),50.4,Wind Turbine - Onshore,Wind - Wind,ARK Energy Corporation Pty Ltd,,,,
"Western Suburbs Leagues Club - Campbelltown, NSW",Unclassified,review,no_coord_m1_backstop,Unclassified,review,,,Unclassified,No rule matched — manual review needed,,,,,,,,,
"Western Suburbs Leagues Club - Illawarra - Unanderra, NSW",ILW,high,no_coord_m1_backstop,ILW,high,,,ILW,Illawarra REZ corridor (Dapto/Avon/Wollongong),Illawarra,,,,,,,,
White Rock Solar Farm,NEW,high,agree,NEW,medium,NEW,high,NEW,New England REZ corridor (Armidale/Tamworth/Dumaresq),White Rock,20.0,Solar PV - Fixed,Solar - Solar,White Rock Wind Farm Pty Ltd,,,,
White Rock Wind Farm - Stage 1,NEW,high,agree,NEW,medium,NEW,high,NEW,New England REZ corridor (Armidale/Tamworth/Dumaresq),White Rock,175.0,Wind Turbine - Onshore,Wind - Wind,CECEP Wind Power Australia Pty Ltd,,,,
White Rock Wind Farm - Stage 2,NEW,high,agree,NEW,medium,NEW,high,NEW,New England REZ corridor (Armidale/Tamworth/Dumaresq),White Rock,352.5,Wind Turbine - Onshore,Wind - Wind,White Rock Wind Farm Pty Ltd,,,,
Whyalla,MN,high,agree,MN,review,MN,high,MN,"Mid-North SA REZ corridor (Robertstown/Davenport/Cultana) — shared keyword across REZs: ['EYR', 'MN']; primary assignment based on substation locality",Whyalla,140.0,Solar PV - Fixed,Solar - Solar,Adani,,,,
Whyalla Solar Farm,MN,high,agree,MN,review,MN,high,MN,"Mid-North SA REZ corridor (Robertstown/Davenport/Cultana) — shared keyword across REZs: ['EYR', 'MN']; primary assignment based on substation locality",Whyalla,,,,,,,,
Wilga Park Power Station A,NEW,high,excluded_m1,Unclassified,review,NEW,high,Unclassified,No rule matched — manual review needed,,6.0,Reciprocating Engine - Spark ignition,Fossil - Coal Seam Methane,Santos,,,,
Wilga Park Power Station B,NEW,high,excluded_m1,Unclassified,review,NEW,high,Unclassified,No rule matched — manual review needed,,6.0,Reciprocating Engine - Spark ignition,Fossil - Coal Seam Methane,Santos,,,,
Willatook,SW-VIC,medium,no_coord_m1_backstop,SW-VIC,medium,,,SW-VIC,South-West Victoria REZ corridor (Mortlake/Moorabool/Heywood),Willatook,354.0,Wind Turbine - Onshore,Wind - Wind,Wind Prospect WA Pty Ltd,,,,
William Hovel,CN-VIC,medium,no_coord_m1_backstop,CN-VIC,medium,,,CN-VIC,Central North Victoria REZ corridor (Bendigo/Shepparton),William Hovel,1.8,Hydro - Run of River,Hydro - Water,Pacific Hydro Investments Pty Ltd,,,,
Williamsdale Solar Farm,ILW,medium,no_coord_m1_backstop,ILW,medium,,,ILW,Illawarra REZ corridor (Dapto/Avon/Wollongong),Williamsdale,,,,,,,,
Willogoleche Wind Farm,MN,high,agree,MN,medium,MN,high,MN,Mid-North SA REZ corridor (Robertstown/Davenport/Cultana),Willogoleche,95.75,Wind Turbine - Onshore,Wind - Wind,Willogoleche Power Pty Ltd,,,,
Wingfield 1,MN,medium,no_coord_m1_backstop,MN,medium,,,MN,Mid-North SA REZ corridor (Robertstown/Davenport/Cultana),Wingfield,4.1,Reciprocating Engine - Spark ignition,Renewable Biomass or Waste - Landfill Gas,EDL LFG SA Pty Ltd,,,,
Wingfield 2,MN,medium,no_coord_m1_backstop,MN,medium,,,MN,Mid-North SA REZ corridor (Robertstown/Davenport/Cultana),Wingfield,4.1,Reciprocating Engine - Spark ignition,Renewable Biomass or Waste - Landfill Gas,EDL LFG SA Pty Ltd,,,,
Winton Solar Farm,CN-VIC,high,agree,CN-VIC,medium,CN-VIC,high,CN-VIC,Central North Victoria REZ corridor (Bendigo/Shepparton),Winton,85.0,Solar PV - Single axis tracking,Solar - Solar,Winton Asset Co. Pty Ltd as Trustee of the Winton Asset Trust,,,,
Woakwine Wind Farm,Unclassified,review,no_coord_m1_backstop,Unclassified,review,,,Unclassified,No rule matched — manual review needed,,,,,,,,,
Wollar Solar Farm,CWO,high,agree,CWO,high,CWO,high,CWO,Central-West Orana REZ corridor (Elong Elong/Merotherie/Wollar),Wollar,280.0,Solar PV - Single axis tracking,Solar - Solar,Wollar Solar Development Pty Ltd,,,,
Wollert,CN-VIC,high,agree,CN-VIC,medium,CN-VIC,high,CN-VIC,Central North Victoria REZ corridor (Bendigo/Shepparton),Wollert,7.86,Reciprocating Engine - Spark ignition,Renewable Biomass or Waste - Landfill Gas,LMS Energy Pty Ltd,,,,
Wonthaggi Wind Farm,GIP,high,agree,GIP,medium,GIP,high,GIP,Gippsland REZ corridor (Latrobe Valley 500 kV),Wonthaggi,12.0,Wind Turbine - Onshore,Wind - Wind,Vision Super Pty Ltd,,,,
Woodlawn Bioreactor Energy Generation,SW-NSW,medium,no_coord_m1_backstop,SW-NSW,medium,,,SW-NSW,South-West NSW REZ corridor (Buronga/Dinawan/Wagga/PEC),Woodlawn,7.46,Reciprocating Engine - Spark ignition,Renewable Biomass or Waste - Biogas,Veolia Environmental Services Aust P/L,,,,
Woodlawn Wind Farm,SW-NSW,high,agree,SW-NSW,medium,SW-NSW,high,SW-NSW,South-West NSW REZ corridor (Buronga/Dinawan/Wagga/PEC),Woodlawn,48.3,Wind Turbine - Onshore,Wind - Wind,Woodlawn Wind Pty Ltd,,,,
Woolnorth Studland Bay / Bluff Point,TAS-NW,high,no_coord_m1_backstop,TAS-NW,high,,,TAS-NW,Tasmania single catchment (NW Transmission Devs + Central Highlands hydro) — single user-specified catchment covers all TAS1 sites,(TAS region),75.0,Wind Turbine - Onshore,Wind - Wind,Woolnorth Wind Farm Finance Pty Ltd,,,,
Woolsthorpe Wind Farm,SW-VIC,medium,no_coord_m1_backstop,SW-VIC,medium,,,SW-VIC,South-West Victoria REZ corridor (Mortlake/Moorabool/Heywood),Woolsthorpe,72.0,Wind Turbine - Onshore,Wind - Wind,Woolsthorpe Wind Farm Pty Ltd,,,,
Wunghnu Solar Farm,CN-VIC,high,agree,CN-VIC,medium,CN-VIC,high,CN-VIC,Central North Victoria REZ corridor (Bendigo/Shepparton),Wunghnu,93.5,Solar PV - Single axis tracking,Solar - Solar,Sun Spot 3 Pty Ltd,,,,
Wyalong Solar Farm,SW-NSW,high,agree,SW-NSW,medium,SW-NSW,high,SW-NSW,South-West NSW REZ corridor (Buronga/Dinawan/Wagga/PEC),Wyalong,62.32,Solar PV - Single axis tracking,Solar - Solar,Wyalong Solar Farm Pty Ltd as the trustee for the Wyalong Solar Farm Unit Trust,,,,
Wyangala A,CWO,medium,no_coord_m1_backstop,CWO,medium,,,CWO,Central-West Orana REZ corridor (Elong Elong/Merotherie/Wollar),Wyangala,20.0,Hydro - Dam,Hydro - Water,Hydro Power Pty Ltd,,,,
Wyangala B,CWO,medium,no_coord_m1_backstop,CWO,medium,,,CWO,Central-West Orana REZ corridor (Elong Elong/Merotherie/Wollar),Wyangala,4.0,Hydro - Dam,Hydro - Water,AGL,,,,
Wyndham Renewable Energy Facility,Unclassified,review,no_coord_m1_backstop,Unclassified,review,,,Unclassified,No rule matched — manual review needed,,,,,,,,,
Wyong,Unclassified,review,no_coord_m1_backstop,Unclassified,review,,,Unclassified,No rule matched — manual review needed,,,,,,,,,
Yallourn W,GIP,high,agree,GIP,high,GIP,high,GIP,Gippsland REZ corridor (Latrobe Valley 500 kV),Yallourn,375.0,Turbine - Steam Sub Critical,Fossil - Brown Coal,EnergyAustralia Yallourn Pty Ltd,,,,
Yaloak South Wind Farm,SW-VIC,high,agree,SW-VIC,medium,SW-VIC,high,SW-VIC,South-West Victoria REZ corridor (Mortlake/Moorabool/Heywood),Yaloak South,28.7,Wind Turbine - Onshore,Wind - Wind,Pacific Hydro Yaloak South Pty Ltd,,,,
Yalumba Winery Solar system (Angaston),MN,medium,no_coord_m1_backstop,MN,medium,,,MN,Mid-North SA REZ corridor (Robertstown/Davenport/Cultana),Angaston,,,,,,,,
Yalumba Winery Solar system (Oxford Landing),Unclassified,review,no_coord_m1_backstop,Unclassified,review,,,Unclassified,No rule matched — manual review needed,,,,,,,,,
Yambuk,SW-VIC,high,agree,SW-VIC,medium,SW-VIC,high,SW-VIC,South-West Victoria REZ corridor (Mortlake/Moorabool/Heywood),Yambuk,30.0,Wind Turbine - Onshore,Wind - Wind,Energy Pacific Vic Pty Ltd,,,,
Yanco Solar Farm,SW-NSW,medium,no_coord_m1_backstop,SW-NSW,medium,,,SW-NSW,South-West NSW REZ corridor (Buronga/Dinawan/Wagga/PEC),Yanco,60.0,Solar PV - Single axis tracking,Solar - Solar,Origin Energy,,,,
Yarrabee Solar Power Project,SW-NSW,medium,boundary_swap_m1_review,CWO,review,SW-NSW,medium,CWO,"Central-West Orana REZ corridor (Elong Elong/Merotherie/Wollar) — shared keyword across REZs: ['CWO', 'HCC']; primary assignment based on substation locality",Yarrabee Solar,584.43,Solar PV - Single axis tracking,Solar - Solar,Origin Energy,,,,
Yarrawonga,CN-VIC,medium,agree,CN-VIC,medium,CN-VIC,medium,CN-VIC,Central North Victoria REZ corridor (Bendigo/Shepparton),Yarrawonga,9.5,Hydro - Dam,Hydro - Water,AGL Hydro Partnership,,,,
Yatpool Solar Farm,MR,high,agree,MR,medium,MR,high,MR,Murray River REZ corridor (Kerang/Red Cliffs/PEC western feed),Yatpool,50.0,Solar PV - Single axis tracking,Solar - Solar,Yatpool Sun Farm Pty Ltd,,,,
Yawong Wind Farm,WV,medium,agree,WV,medium,WV,review,WV,Western Victoria REZ corridor (Bulgana/Ararat/WRL),Yawong,7.2,Wind Turbine - Onshore,Wind - Wind,Yawong Wind Farm Pty Ltd,,,,
Yendon Wind Farm,WV,high,agree,WV,medium,WV,high,WV,Western Victoria REZ corridor (Bulgana/Ararat/WRL),Yendon,144.4,Wind Turbine - Onshore,Wind - Wind,Northleaf /InfraRed/Macquarie Capital,,,,
YES Sunlands,Unclassified,review,no_coord_m1_backstop,Unclassified,review,,,Unclassified,No rule matched — manual review needed,,,,,,,,,
Yorke Peninsula Wind Farm,MN,medium,no_coord_m1_backstop,MN,medium,,,MN,Mid-North SA REZ corridor (Robertstown/Davenport/Cultana),Yorke Peninsula,748.8,Wind Turbine - Onshore,Wind - Wind,Yorke Peninsula Wind Farm Project Pty Ltd,,,,
Zero Cost Energy Future,Unclassified,review,no_coord_m1_backstop,Unclassified,review,,,Unclassified,No rule matched — manual review needed,,,,,,,,,
Zilzie Winery Solar System,Unclassified,review,no_coord_m1_backstop,Unclassified,review,,,Unclassified,No rule matched — manual review needed,,,,,,,,,
Adelaide Desalination Plant,MN,medium,no_coord_m1_backstop,MN,medium,,,MN,Mid-North SA REZ corridor (Robertstown/Davenport/Cultana),Adelaide,13.75,Storage - Battery,Other - Other,South Australian Water Corporation,,,,
Bango 973 Wind Farm,SW-NSW,medium,no_coord_m1_backstop,SW-NSW,medium,,,SW-NSW,South-West NSW REZ corridor (Buronga/Dinawan/Wagga/PEC),Bango,159.0,Wind Turbine - Onshore,Wind - Wind,BWF Nominees Pty Ltd as trustee for the BWF Trust,,,,
Bango 999 Wind Farm,SW-NSW,medium,no_coord_m1_backstop,SW-NSW,medium,,,SW-NSW,South-West NSW REZ corridor (Buronga/Dinawan/Wagga/PEC),Bango,84.8,Wind Turbine - Onshore,Wind - Wind,BWF Nominees Pty Ltd as trustee for the BWF Trust,,,,
Bells Mountain,HCC,high,excluded_m1,Unclassified,review,HCC,high,Unclassified,No rule matched — manual review needed,,,,,,,,,
Christies Beach Wastewater Treatment Plant,MN,medium,no_coord_m1_backstop,MN,medium,,,MN,Mid-North SA REZ corridor (Robertstown/Davenport/Cultana),Christies Beach,3.0,Storage - Battery,Other - Other,South Australian Water Corporation,,,,
Glenrowan West Sun Farm,CN-VIC,medium,no_coord_m1_backstop,CN-VIC,medium,,,CN-VIC,Central North Victoria REZ corridor (Bendigo/Shepparton),Glenrowan,,,,,,,,
Happy Valley Reservoir,MN,medium,no_coord_m1_backstop,MN,medium,,,MN,Mid-North SA REZ corridor (Robertstown/Davenport/Cultana),Happy Valley,11.0,Storage - Battery,Other - Other,South Australian Water Corporation,,,,
Mannum Adelaide Pumping Station No 2 - MAPL2 (Palmer),MN,review,no_coord_m1_backstop,MN,review,,,MN,"Mid-North SA REZ corridor (Robertstown/Davenport/Cultana) — shared keyword across REZs: ['MN', 'SE-SA']; primary assignment based on substation locality",Adelaide,16.5,Solar PV - Single axis tracking,Solar - Solar,South Australian Water Corporation,,,,
Mannum Adelaide Pumping Station No 3 - MAPL3 (Kanmantoo),MN,medium,no_coord_m1_backstop,MN,medium,,,MN,Mid-North SA REZ corridor (Robertstown/Davenport/Cultana),Adelaide,,,,,,,,
Maoneng Battery,Unclassified,review,no_coord_m1_backstop,Unclassified,review,,,Unclassified,No rule matched — manual review needed,,,,,,,,,
Morgan To Whyalla Pipeline No 1 PS And Water Filtration Plant,MN,review,no_coord_m1_backstop,MN,review,,,MN,"Mid-North SA REZ corridor (Robertstown/Davenport/Cultana) — shared keyword across REZs: ['EYR', 'MN']; primary assignment based on substation locality",Whyalla,5.5,Solar PV - Single axis tracking,Solar - Solar,South Australian Water Corporation,,,,
Morgan To Whyalla Pipeline No 2 PS,MN,review,no_coord_m1_backstop,MN,review,,,MN,"Mid-North SA REZ corridor (Robertstown/Davenport/Cultana) — shared keyword across REZs: ['EYR', 'MN']; primary assignment based on substation locality",Whyalla,5.5,Solar PV - Single axis tracking,Solar - Solar,South Australian Water Corporation,,,,
Morgan To Whyalla Pipeline No 3 PS,MN,review,no_coord_m1_backstop,MN,review,,,MN,"Mid-North SA REZ corridor (Robertstown/Davenport/Cultana) — shared keyword across REZs: ['EYR', 'MN']; primary assignment based on substation locality",Whyalla,7.5,Solar PV - Single axis tracking,Solar - Solar,South Australian Water Corporation,,,,
Morgan To Whyalla Pipeline No 4 PS,MN,review,no_coord_m1_backstop,MN,review,,,MN,"Mid-North SA REZ corridor (Robertstown/Davenport/Cultana) — shared keyword across REZs: ['EYR', 'MN']; primary assignment based on substation locality",Whyalla,5.5,Solar PV - Single axis tracking,Solar - Solar,South Australian Water Corporation,,,,
Mt Millar Wind Farm,EYR,medium,no_coord_m1_backstop,EYR,medium,,,EYR,EYR,Mt Millar,72.28,Wind Turbine - Onshore,Wind - Wind,MT MILLAR WIND FARM PTY LTD,,,,
Murray Bridge - Onkaparinga Pipeline Pump 2,SE-SA,medium,no_coord_m1_backstop,SE-SA,medium,,,SE-SA,South-East SA REZ corridor (Tailem Bend/Tungkillo/Heywood interconnector),Murray Bridge,13.75,Solar PV - Single axis tracking,Solar - Solar,South Australian Water Corporation,,,,
Snapper Point Power Station,MN,high,agree,MN,medium,MN,high,MN,Mid-North SA REZ corridor (Robertstown/Davenport/Cultana),Snapper Point,123.2,Turbine - OCGT,Fossil - Natural Gas,Port Adelaide Energy Pty Ltd,,,,
Temporary Generation South (Bolivar),MN,medium,no_coord_m1_backstop,MN,medium,,,MN,Mid-North SA REZ corridor (Robertstown/Davenport/Cultana),Bolivar,,,,,,,,
Victorian Big Battery,SW-VIC,high,agree,SW-VIC,medium,SW-VIC,high,SW-VIC,South-West Victoria REZ corridor (Mortlake/Moorabool/Heywood),Victorian Big Battery,300.0,Storage - Battery,Other - Other,Victorian Big Battery Pty Ltd,,,,
Walcha Energy Project - Salisbury East Solar 350MW,NEW,medium,agree,NEW,medium,NEW,medium,NEW,New England REZ corridor (Armidale/Tamworth/Dumaresq),Salisbury,,,,,,,,
Eraring Big Battery – Stage 1,HCC,high,agree,HCC,high,HCC,high,HCC,Hunter-Central Coast REZ corridor (Bayswater/Eraring/Singleton),Eraring,,,,,,,,
Eraring Big Battery – Stage 2,HCC,high,agree,HCC,high,HCC,high,HCC,Hunter-Central Coast REZ corridor (Bayswater/Eraring/Singleton),Eraring,,,,,,,,
Eraring Big Battery – Stage 3,HCC,high,agree,HCC,high,HCC,high,HCC,Hunter-Central Coast REZ corridor (Bayswater/Eraring/Singleton),Eraring,,,,,,,,
Ferguson North Wind Farm,WV,medium,no_coord_m1_backstop,WV,medium,,,WV,Western Victoria REZ corridor (Bulgana/Ararat/WRL),Ferguson,,,,,,,,
Ferguson South Wind Farm,WV,medium,no_coord_m1_backstop,WV,medium,,,WV,Western Victoria REZ corridor (Bulgana/Ararat/WRL),Ferguson,,,,,,,,
Great Western Battery Project,CWO,review,boundary_swap_m1_med_far,SW-NSW,medium,CWO,medium,SW-NSW,South-West NSW REZ corridor (Buronga/Dinawan/Wagga/PEC),Great Western,500.0,Storage - Battery,Other - Other,Neoen Australia Pty Ltd,,,,
Kurri Kurri OCGT,HCC,high,agree,HCC,medium,HCC,high,HCC,Hunter-Central Coast REZ corridor (Bayswater/Eraring/Singleton),Kurri Kurri,,,,,,,,
Remount Power Station,TAS-NW,high,no_coord_m1_backstop,TAS-NW,high,,,TAS-NW,Tasmania single catchment (NW Transmission Devs + Central Highlands hydro) — single user-specified catchment covers all TAS1 sites,(TAS region),,,,,,,,
Winterbourne Wind Farm,NEW,medium,no_coord_m1_backstop,NEW,medium,,,NEW,New England REZ corridor (Armidale/Tamworth/Dumaresq),Winterbourne,731.6,Wind Turbine - Onshore,Wind - Wind,WinterbourneWind Pty Ltd,,,,
Aquila Wind Farm,CWO,review,boundary_swap_m1_med_far,NEW,medium,CWO,medium,NEW,New England REZ corridor (Armidale/Tamworth/Dumaresq),Aquila,,,,,,,,
Armidale BESS (100),NEW,high,no_coord_m1_backstop,NEW,high,,,NEW,New England REZ corridor (Armidale/Tamworth/Dumaresq),Armidale,,,,,,,,
Armidale BESS (300),NEW,high,no_coord_m1_backstop,NEW,high,,,NEW,New England REZ corridor (Armidale/Tamworth/Dumaresq),Armidale,,,,,,,,
Australia Plains Solar Farm,MN,medium,agree,MN,medium,MN,medium,MN,Mid-North SA REZ corridor (Robertstown/Davenport/Cultana),Australia Plains,200.0,Solar PV - Single axis tracking,Solar - Solar,Gree,,,,
Avonbank Load Connection,Unclassified,review,no_coord_m1_backstop,Unclassified,review,,,Unclassified,No rule matched — manual review needed,,,,,,,,,
Ballarat Base Hospital,WV,medium,no_coord_m1_backstop,WV,medium,,,WV,Western Victoria REZ corridor (Bulgana/Ararat/WRL),Ballarat,,,,,,,,
Blind Creek SF,ILW,medium,boundary_swap_m1_med_close,SW-NSW,medium,ILW,high,SW-NSW,South-West NSW REZ corridor (Buronga/Dinawan/Wagga/PEC),Blind Creek,,,,,,,,
Bonshaw Solar Farm,NEW,medium,no_coord_m1_backstop,NEW,medium,,,NEW,New England REZ corridor (Armidale/Tamworth/Dumaresq),Bonshaw,100.0,Solar PV - Single axis tracking,Solar - Solar,GAIA Australia Pty Ltd,,,,
Bordertown Power Station Gen,SE-SA,medium,no_coord_m1_backstop,SE-SA,medium,,,SE-SA,South-East SA REZ corridor (Tailem Bend/Tungkillo/Heywood interconnector),Bordertown,,,,,,,,
Bungama BESS,MN,high,agree,MN,high,MN,medium,MN,Mid-North SA REZ corridor (Robertstown/Davenport/Cultana),Bungama,,,,,,,,
Chaff Mill (Mintaro) Solar Farm,MN,medium,no_coord_m1_backstop,MN,medium,,,MN,Mid-North SA REZ corridor (Robertstown/Davenport/Cultana),Mintaro,,,,,,,,
Coleambally BESS,SW-NSW,medium,no_coord_m1_backstop,SW-NSW,medium,,,SW-NSW,South-West NSW REZ corridor (Buronga/Dinawan/Wagga/PEC),Coleambally,100.0,Storage - Battery,Other - Other,Coleambally BESS Trust ,,,,
Combined Cycle Gas,Unclassified,review,no_coord_m1_backstop,Unclassified,review,,,Unclassified,No rule matched — manual review needed,,,,,,,,,
Cooma Solar Farm (Lightsource),SW-NSW,medium,no_coord_m1_backstop,SW-NSW,medium,,,SW-NSW,South-West NSW REZ corridor (Buronga/Dinawan/Wagga/PEC),Cooma,100.0,Solar PV - Fixed,Solar - Solar, Lightsource Development Services Australia Pty Ltd,,,,
Cooma Solar Farm (Risen),SW-NSW,medium,no_coord_m1_backstop,SW-NSW,medium,,,SW-NSW,South-West NSW REZ corridor (Buronga/Dinawan/Wagga/PEC),Cooma,,,,,,,,
Coppabella Wind Farm,SW-NSW,medium,no_coord_m1_backstop,SW-NSW,medium,,,SW-NSW,South-West NSW REZ corridor (Buronga/Dinawan/Wagga/PEC),Coppabella,289.8,Wind Turbine - Onshore,Wind - Wind,Coppabella Wind Farm Pty Ltd,,,,
Cranbourne BESS (Macquarie),Unclassified,review,no_coord_m1_backstop,Unclassified,review,,,Unclassified,No rule matched — manual review needed,,150.0,Storage - Battery,Other - Other, Macquarie Corporate Holdings Pty Ltd,,,,
Cranbourne BESS (Maoneng),SW-VIC,high,excluded_m1,Unclassified,review,SW-VIC,high,Unclassified,No rule matched — manual review needed,,,,,,,,,
Cultana Solar Farm,MN,medium,no_coord_m1_backstop,MN,medium,,,MN,"Mid-North SA REZ corridor (Robertstown/Davenport/Cultana) — shared keyword across REZs: ['EYR', 'MN']; primary assignment based on substation locality",Cultana,357.45,Solar PV - Single axis tracking,Solar - Solar,Cultana Solar Project Company Pty Ltd as trustee for the Cultana Solar Farm Trust,,,,
Daroobalgie Solar Farm,CWO,medium,no_coord_m1_backstop,CWO,medium,,,CWO,Central-West Orana REZ corridor (Elong Elong/Merotherie/Wollar),Daroobalgie,100.0,Solar PV - Single axis tracking,Solar - Solar,Pacific Hydro Australia Developments Pty Ltd,,,,
Deer Park Battery Energy Storage System,Unclassified,review,no_coord_m1_backstop,Unclassified,review,,,Unclassified,No rule matched — manual review needed,,,,,,,,,
Dumaresq Solar Farm,NEW,high,no_coord_m1_backstop,NEW,high,,,NEW,New England REZ corridor (Armidale/Tamworth/Dumaresq),Dumaresq,188.0,Solar PV - Single axis tracking,Solar - Solar,Dumaresq Solar Farm Pty Limited,,,,
"Dungowan 3,000 MWH PHES",NEW,medium,no_coord_m1_backstop,NEW,medium,,,NEW,New England REZ corridor (Armidale/Tamworth/Dumaresq),Dungowan,300.0,Storage - Pumped hydro,Hydro - Water,Dungowan Pumped Hydro Pty Ltd,,,,
Eglington Solar Farm,CWO,medium,excluded_m1,Unclassified,review,CWO,medium,Unclassified,No rule matched — manual review needed,,,,,,,,,
Elaine Battery Energy Storage System,WV,high,agree,WV,medium,WV,high,WV,Western Victoria REZ corridor (Bulgana/Ararat/WRL),Elaine,,,,,,,,
Gilgandra Solar Farm,Unclassified,review,no_coord_m1_backstop,Unclassified,review,,,Unclassified,No rule matched — manual review needed,,,,,,,,,
Glenellen Solar Farm,SW-NSW,high,agree,SW-NSW,medium,SW-NSW,high,SW-NSW,South-West NSW REZ corridor (Buronga/Dinawan/Wagga/PEC),Glenellen,200.0,Solar PV - Fixed,Solar - Solar, Glenellen Solar Farm Pty Ltd,,,,
Gnarwarre BESS Facility,SW-VIC,medium,no_coord_m1_backstop,SW-VIC,medium,,,SW-VIC,South-West Victoria REZ corridor (Mortlake/Moorabool/Heywood),Gnarwarre,290.0,Storage - Battery,Other - Other,FRV SA Pty Ltd,,,,
Goldwind battery,Unclassified,review,no_coord_m1_backstop,Unclassified,review,,,Unclassified,No rule matched — manual review needed,,,,,,,,,
Goldwind reciprocating engine,Unclassified,review,no_coord_m1_backstop,Unclassified,review,,,Unclassified,No rule matched — manual review needed,,,,,,,,,
Gunning Solar Farm (Canadian),SW-NSW,medium,no_coord_m1_backstop,SW-NSW,medium,,,SW-NSW,South-West NSW REZ corridor (Buronga/Dinawan/Wagga/PEC),Gunning,294.0,Solar PV - Fixed,Solar - Solar, Canadian Solar,,,,
Gunning Solar Farm (Photon),SW-NSW,medium,agree,SW-NSW,medium,SW-NSW,medium,SW-NSW,South-West NSW REZ corridor (Buronga/Dinawan/Wagga/PEC),Gunning,,,,,,,,
Hazelwood Battery Energy Storage System Facility,GIP,high,agree,GIP,high,GIP,medium,GIP,Gippsland REZ corridor (Latrobe Valley 500 kV),Hazelwood,,,,,,,,
Hellyer Wind Farm,TAS-NW,high,no_coord_m1_backstop,TAS-NW,high,,,TAS-NW,Tasmania single catchment (NW Transmission Devs + Central Highlands hydro) — single user-specified catchment covers all TAS1 sites,(TAS region),155.0,Wind Turbine - Onshore,Wind - Wind,ARK Energy Corporation Pty Ltd,,,,
Hume BESS,SW-NSW,medium,no_coord_m1_backstop,SW-NSW,medium,,,SW-NSW,South-West NSW REZ corridor (Buronga/Dinawan/Wagga/PEC),Hume,10.0,Storage - Battery,Other - Other,GSP Energy Pty Ltd,,,,
Jeeralang Battery,GIP,high,agree,GIP,medium,GIP,high,GIP,Gippsland REZ corridor (Latrobe Valley 500 kV),Jeeralang,,,,,,,,
Jeeralang BESS (Maoneng),GIP,medium,agree,GIP,medium,GIP,medium,GIP,Gippsland REZ corridor (Latrobe Valley 500 kV),Jeeralang,,,,,,,,
Latrobe Solar Farm,GIP,medium,agree,GIP,medium,GIP,medium,GIP,Gippsland REZ corridor (Latrobe Valley 500 kV),Latrobe,400.0,Solar PV - Single axis tracking,Solar - Solar,Canadian Solar (Australia) Pty Ltd,,,,
LaTrobe Valley BESS,GIP,medium,no_coord_m1_backstop,GIP,medium,,,GIP,Gippsland REZ corridor (Latrobe Valley 500 kV),Latrobe Valley,100.0,Storage - Battery,Other - Other,Tilt Renewables Australia Pty Ltd,,,,
Lincoln Gap Wind Farm stage 3,EYR,high,agree,EYR,medium,EYR,high,EYR,EYR,Lincoln Gap,277.2,Wind Turbine - Onshore,Wind - Wind,Lincoln Gap 3 Wind Farm Pty Ltd,,,,
Lismore BESS,Unclassified,review,no_coord_m1_backstop,Unclassified,review,,,Unclassified,No rule matched — manual review needed,,,,,,,,,
Little River Solar Farm,SW-VIC,medium,no_coord_m1_backstop,SW-VIC,medium,,,SW-VIC,South-West Victoria REZ corridor (Mortlake/Moorabool/Heywood),Little River,,,,,,,,
Lovely Banks Renewable Energy Hub,SW-VIC,medium,boundary_swap_m1_med_close,WV,medium,SW-VIC,high,WV,Western Victoria REZ corridor (Bulgana/Ararat/WRL),Lovely Banks,,,,,,,,
Loy Yang BESS,GIP,high,agree,GIP,high,GIP,high,GIP,Gippsland REZ corridor (Latrobe Valley 500 kV),Loy Yang,,,,,,,,
Lubeck Wind Farm,Unclassified,review,no_coord_m1_backstop,Unclassified,review,,,Unclassified,No rule matched — manual review needed,,,,,,,,,
Mansfield Solar Farm,CN-VIC,medium,no_coord_m1_backstop,CN-VIC,medium,,,CN-VIC,Central North Victoria REZ corridor (Bendigo/Shepparton),Mansfield,,,,,,,,
Melbourne Solar Farm,Unclassified,review,no_coord_m1_backstop,Unclassified,review,,,Unclassified,No rule matched — manual review needed,,,,,,,,,
Melton Renewable Energy Hub,WV,high,excluded_m1,Unclassified,review,WV,high,Unclassified,No rule matched — manual review needed,,,,,,,,,
Meredith Wind Farm,WV,medium,no_coord_m1_backstop,WV,medium,,,WV,Western Victoria REZ corridor (Bulgana/Ararat/WRL),Meredith,,,,,,,,
Monaro Solar Farm,Unclassified,review,no_coord_m1_backstop,Unclassified,review,,,Unclassified,No rule matched — manual review needed,,,,,,,,,
Monash Solar Farm,RIV,medium,no_coord_m1_backstop,RIV,medium,,,RIV,Riverland REZ corridor (Renmark/Berri/Loxton),Monash,,,,,,,,
Mornington BESS,SW-VIC,high,agree,SW-VIC,medium,SW-VIC,high,SW-VIC,South-West Victoria REZ corridor (Mortlake/Moorabool/Heywood),Mornington,240.0,Storage - Battery,Other - Other,Mornington BESS Project Pty Ltd as Trustee of Mornington BESS Project Trust,,,,
Mortlake Battery,SW-VIC,high,agree,SW-VIC,high,SW-VIC,high,SW-VIC,South-West Victoria REZ corridor (Mortlake/Moorabool/Heywood),Mortlake,300.0,Storage - Battery,Other - Other,BORAL,,,,
Mortlake BESS,SW-VIC,high,agree,SW-VIC,high,SW-VIC,high,SW-VIC,South-West Victoria REZ corridor (Mortlake/Moorabool/Heywood),Mortlake,,,,,,,,
Morwell Battery Energy Storage System,GIP,medium,no_coord_m1_backstop,GIP,medium,,,GIP,Gippsland REZ corridor (Latrobe Valley 500 kV),Morwell,,,,,,,,
Murray Bridge Hahndorf Pumping Station 2 Solar,SE-SA,medium,no_coord_m1_backstop,SE-SA,medium,,,SE-SA,South-East SA REZ corridor (Tailem Bend/Tungkillo/Heywood interconnector),Murray Bridge,,,,,,,,
Navarre Wind Farm,WV,medium,excluded_m1,Unclassified,review,WV,medium,Unclassified,No rule matched — manual review needed,,,,,,,,,
New England Solar Farm BESS,NEW,high,agree,NEW,high,NEW,high,NEW,New England REZ corridor (Armidale/Tamworth/Dumaresq),New England,100.0,Storage - Battery,Other - Other,ACEN RENEWABLES,,,,
Nine Network Willoughby,Unclassified,review,no_coord_m1_backstop,Unclassified,review,,,Unclassified,No rule matched — manual review needed,,,,,,,,,
North West Bend Substation,Unclassified,review,no_coord_m1_backstop,Unclassified,review,,,Unclassified,No rule matched — manual review needed,,,,,,,,,
Para Substation/Gould Creek BESS,MN,high,agree,MN,high,MN,medium,MN,Mid-North SA REZ corridor (Robertstown/Davenport/Cultana),Para,,,,,,,,
Port Latta Wind Farm,TAS-NW,high,no_coord_m1_backstop,TAS-NW,high,,,TAS-NW,Tasmania single catchment (NW Transmission Devs + Central Highlands hydro) — single user-specified catchment covers all TAS1 sites,(TAS region),21.0,Wind Turbine - Onshore,Wind - Wind,Oz Green Energy I Pty Ltd,,,,
Queanbeyan BESS (Global Power),Unclassified,review,no_coord_m1_backstop,Unclassified,review,,,Unclassified,No rule matched — manual review needed,,,,,,,,,
Queanbeyan BESS (Neoen),Unclassified,review,no_coord_m1_backstop,Unclassified,review,,,Unclassified,No rule matched — manual review needed,,,,,,,,,
Rangoon Wind Farm,NEW,medium,no_coord_m1_backstop,NEW,medium,,,NEW,New England REZ corridor (Armidale/Tamworth/Dumaresq),Rangoon,114.0,Wind Turbine - Onshore,Wind - Wind,Rangoon Energy Park Pty Ltd,,,,
Riverina Energy Storage System,SW-NSW,high,agree,SW-NSW,medium,SW-NSW,high,SW-NSW,South-West NSW REZ corridor (Buronga/Dinawan/Wagga/PEC),Riverina,,,,,,,,
Rosedale SF,Unclassified,review,no_coord_m1_backstop,Unclassified,review,,,Unclassified,No rule matched — manual review needed,,,,,,,,,
Ruby Hills Wind Farm 700MW,NEW,high,agree,NEW,medium,NEW,high,NEW,New England REZ corridor (Armidale/Tamworth/Dumaresq),Ruby Hills,,,,,,,,
Salisbury BESS,NEW,high,agree,NEW,medium,NEW,high,NEW,New England REZ corridor (Armidale/Tamworth/Dumaresq),Salisbury,200.0,Storage - Battery,Other - Other,Origin Energy Pty Ltd,,,,
Salisbury East Solar 350MW,NEW,medium,agree,NEW,medium,NEW,medium,NEW,New England REZ corridor (Armidale/Tamworth/Dumaresq),Salisbury,,,,,,,,
Salisbury West Solar 350MW,NEW,medium,agree,NEW,medium,NEW,medium,NEW,New England REZ corridor (Armidale/Tamworth/Dumaresq),Salisbury,,,,,,,,
Sapphire Solar Farm,NEW,high,no_coord_m1_backstop,NEW,high,,,NEW,New England REZ corridor (Armidale/Tamworth/Dumaresq),Sapphire,,,,,,,,
South Morang Battery Energy Storage System,Unclassified,review,no_coord_m1_backstop,Unclassified,review,,,Unclassified,No rule matched — manual review needed,,,,,,,,,
St George Leagues Club,Unclassified,review,no_coord_m1_backstop,Unclassified,review,,,Unclassified,No rule matched — manual review needed,,,,,,,,,
Stonehaven Gas Turbines,SW-VIC,medium,agree,SW-VIC,medium,SW-VIC,medium,SW-VIC,South-West Victoria REZ corridor (Mortlake/Moorabool/Heywood),Stonehaven,,,,,,,,
Stubbo Solar Farm,CWO,high,agree,CWO,medium,CWO,high,CWO,Central-West Orana REZ corridor (Elong Elong/Merotherie/Wollar),Stubbo,202.0,Solar PV - Single axis tracking,Solar - Solar,ACEN AUSTRALIA,,,,
Tamworth Solar Farm,NEW,high,no_coord_m1_backstop,NEW,high,,,NEW,New England REZ corridor (Armidale/Tamworth/Dumaresq),Tamworth,,,,,,,,
Tara Springs Wind Farm,Unclassified,review,no_coord_m1_backstop,Unclassified,review,,,Unclassified,No rule matched — manual review needed,,,,,,,,,
Tatiara Meats,SE-SA,medium,no_coord_m1_backstop,SE-SA,medium,,,SE-SA,South-East SA REZ corridor (Tailem Bend/Tungkillo/Heywood interconnector),Tatiara,0.5,Reciprocating Engine - Compression ignition,Fossil - Diesel,Vibe Energy Pty Ltd,,,,
Templers BESS,MN,high,agree,MN,high,MN,high,MN,Mid-North SA REZ corridor (Robertstown/Davenport/Cultana),Templers,111.0,Storage - Battery,Other - Other,ZEN Energy Future Pty Ltd,,,,
Tenterfield Solar Farm,NEW,medium,no_coord_m1_backstop,NEW,medium,,,NEW,New England REZ corridor (Armidale/Tamworth/Dumaresq),Tenterfield,29.4,Solar PV - Fixed,Solar - Solar,Enerparc Australia Pty Ltd,,,,
Terang Battery Energy Storage System,SW-VIC,medium,no_coord_m1_backstop,SW-VIC,medium,,,SW-VIC,South-West Victoria REZ corridor (Mortlake/Moorabool/Heywood),Terang,,,,,,,,
Terang Terminal Station,SW-VIC,medium,no_coord_m1_backstop,SW-VIC,medium,,,SW-VIC,South-West Victoria REZ corridor (Mortlake/Moorabool/Heywood),Terang,,,,,,,,
Torrens Island BESS,MN,medium,no_coord_m1_backstop,MN,medium,,,MN,Mid-North SA REZ corridor (Robertstown/Davenport/Cultana),Torrens Island,250.7,Storage - Battery,Other - Other,TIPSCO,,,,
Triabunna Wind Farm,TAS-NW,high,no_coord_m1_backstop,TAS-NW,high,,,TAS-NW,Tasmania single catchment (NW Transmission Devs + Central Highlands hydro) — single user-specified catchment covers all TAS1 sites,(TAS region),32.0,Wind Turbine - Onshore,Wind - Wind,Triabunna Wind Pty Ltd,,,,
Tulkara Wind Farm,WV,medium,excluded_m1,Unclassified,review,WV,medium,Unclassified,No rule matched — manual review needed,,,,,,,,,
Tyabb Terminal Station,Unclassified,review,no_coord_m1_backstop,Unclassified,review,,,Unclassified,No rule matched — manual review needed,,,,,,,,,
Wallaroo Solar Farm,SW-NSW,medium,no_coord_m1_backstop,SW-NSW,medium,,,SW-NSW,South-West NSW REZ corridor (Buronga/Dinawan/Wagga/PEC),Wallaroo,122.4,Solar PV - Single axis tracking,Solar - Solar,New Energy development and Univergy Solar Joint venture (SPV) Wallaroo Solar Farm Pty Ltd,,,,
Wallerawang BESS,CWO,high,agree,CWO,medium,CWO,high,CWO,Central-West Orana REZ corridor (Elong Elong/Merotherie/Wollar),Wallerawang,,,,,,,,
Wallgrove Grid Battery project,Unclassified,review,no_coord_m1_backstop,Unclassified,review,,,Unclassified,No rule matched — manual review needed,,50.0,Storage - Battery,Other - Other,TransGrid,,,,
Wandoona Solar Farm,Unclassified,review,no_coord_m1_backstop,Unclassified,review,,,Unclassified,No rule matched — manual review needed,,,,,,,,,
Watta Wella Power Station,SW-VIC,medium,no_coord_m1_backstop,SW-VIC,medium,,,SW-VIC,South-West Victoria REZ corridor (Mortlake/Moorabool/Heywood),Watta Wella,306.0,Wind Turbine - Onshore,Wind - Wind, RES Australia Pty Ltd,,,,
Wellington North Solar Farm (AGL),CWO,high,agree,CWO,medium,CWO,high,CWO,Central-West Orana REZ corridor (Elong Elong/Merotherie/Wollar),Wellington,,,,,,,,
Wellington North Solar Farm (Lightsource),CWO,high,agree,CWO,medium,CWO,high,CWO,Central-West Orana REZ corridor (Elong Elong/Merotherie/Wollar),Wellington,436.8,Solar PV - Single axis tracking,Solar - Solar,Wellington North Solar Farm Pty Ltd,,,,
West Illawarra Leagues Club,ILW,high,no_coord_m1_backstop,ILW,high,,,ILW,Illawarra REZ corridor (Dapto/Avon/Wollongong),Illawarra,1.43,Reciprocating Engine - Compression ignition,Fossil - Diesel,Western Suburbs Leagues Club,,,,
Western Sydney Energy & Resource Recovery Centre,ILW,medium,no_coord_m1_backstop,ILW,medium,,,ILW,Illawarra REZ corridor (Dapto/Avon/Wollongong),Western Sydney,58.0,Other - Other,Other - Other, Western Sydney Energy & Resource Recovery Centre ,,,,
Winchelsea Gas Turbines,SW-VIC,medium,agree,SW-VIC,medium,SW-VIC,medium,SW-VIC,South-West Victoria REZ corridor (Mortlake/Moorabool/Heywood),Winchelsea,,,,,,,,
Winton Energy Reserve 1,CN-VIC,high,agree,CN-VIC,medium,CN-VIC,high,CN-VIC,Central North Victoria REZ corridor (Bendigo/Shepparton),Winton,200.0,Storage - Battery,Other - Other,Lochard Energy,,,,
Wollert Gas Turbine,CN-VIC,medium,agree,CN-VIC,medium,CN-VIC,medium,CN-VIC,Central North Victoria REZ corridor (Bendigo/Shepparton),Wollert,,,,,,,,
Yallourn 220kV Connection Gas Turbine,GIP,high,agree,GIP,high,GIP,high,GIP,Gippsland REZ corridor (Latrobe Valley 500 kV),Yallourn,,,,,,,,
Yallourn 500kV Connection Gas Turbine,GIP,high,agree,GIP,high,GIP,high,GIP,Gippsland REZ corridor (Latrobe Valley 500 kV),Yallourn,,,,,,,,
Yass Solar Farm,SW-NSW,medium,no_coord_m1_backstop,SW-NSW,medium,,,SW-NSW,South-West NSW REZ corridor (Buronga/Dinawan/Wagga/PEC),Yass,,,,,,,,
ACT Renewables Battery Storage,Unclassified,review,no_coord_m1_backstop,Unclassified,review,,,Unclassified,No rule matched — manual review needed,,,,,,,,,
Bass Offshore Wind Energy Project,TAS-NW,high,no_coord_m1_backstop,TAS-NW,high,,,TAS-NW,Tasmania single catchment (NW Transmission Devs + Central Highlands hydro) — single user-specified catchment covers all TAS1 sites,(TAS region),500.0,Wind Turbine - Offshore,Wind - Wind, Nexsphere Pty Ltd,,,,
Bass Strait,Unclassified,review,no_coord_m1_backstop,Unclassified,review,,,Unclassified,No rule matched — manual review needed,,,,,,,,,
Birkins Solar Farm,Unclassified,review,no_coord_m1_backstop,Unclassified,review,,,Unclassified,No rule matched — manual review needed,,,,,,,,,
Bridgewater BESS,TAS-NW,high,no_coord_m1_backstop,TAS-NW,high,,,TAS-NW,Tasmania single catchment (NW Transmission Devs + Central Highlands hydro) — single user-specified catchment covers all TAS1 sites,(TAS region),,,,,,,,
Carag Solar Farm,Unclassified,review,no_coord_m1_backstop,Unclassified,review,,,Unclassified,No rule matched — manual review needed,,16.0,Solar PV - Fixed,Solar - Solar,Enerparc Australia Pty Ltd,,,,
Darlington Point BESS,SW-NSW,high,agree,SW-NSW,high,SW-NSW,medium,SW-NSW,South-West NSW REZ corridor (Buronga/Dinawan/Wagga/PEC),Darlington Point,,,,,,,,
Epworth Hospital - Geelong - Waurn Ponds,SW-VIC,medium,no_coord_m1_backstop,SW-VIC,medium,,,SW-VIC,South-West Victoria REZ corridor (Mortlake/Moorabool/Heywood),Geelong,,,,,,,,
George Town Wind Farm,TAS-NW,high,agree,TAS-NW,high,TAS-NW,high,TAS-NW,Tasmania single catchment (NW Transmission Devs + Central Highlands hydro) — single user-specified catchment covers all TAS1 sites,(TAS region),232.0,Wind Turbine - Onshore,Wind - Wind, West Coast Renewables,,,,
Geranium Plains Solar and BESS,MN,medium,agree,MN,medium,MN,medium,MN,Mid-North SA REZ corridor (Robertstown/Davenport/Cultana),Geranium Plains,250.0,Solar PV - Single axis tracking,Solar - Solar, Risen Energy (Australia) Pty Ltd,,,,
Gippsland offshore wind farm,GIP,high,no_coord_m1_backstop,GIP,high,,,GIP,Gippsland REZ corridor (Latrobe Valley 500 kV),Gippsland,,,,,,,,
Goulburn River BESS,HCC,high,boundary_swap_m1_review,CWO,review,HCC,high,CWO,"Central-West Orana REZ corridor (Elong Elong/Merotherie/Wollar) — shared keyword across REZs: ['CWO', 'SW-NSW']; primary assignment based on substation locality",Goulburn River,,,,,,,,
Goulburn River SF,HCC,high,boundary_swap_m1_review,CWO,review,HCC,high,CWO,"Central-West Orana REZ corridor (Elong Elong/Merotherie/Wollar) — shared keyword across REZs: ['CWO', 'SW-NSW']; primary assignment based on substation locality",Goulburn River,,,,,,,,
Gullen Range Wind Farm 2,SW-NSW,high,agree,SW-NSW,medium,SW-NSW,high,SW-NSW,South-West NSW REZ corridor (Buronga/Dinawan/Wagga/PEC),Gullen Range,110.67,Wind Turbine - Onshore,Wind - Wind,BEIJING JINGNENG CLEAN ENERGY (AUSTRALIA) HOLDING PTY LTD,,,,
Gunnedah Solar Farm,NEW,high,agree,NEW,medium,NEW,high,NEW,New England REZ corridor (Armidale/Tamworth/Dumaresq),Gunnedah,110.0,Solar PV - Single axis tracking,Solar - Solar,Gunnedah SF Pty Ltd atf Gunnedah Asset Trust,,,,
Kerang Solar Farm Green Switch,MR,high,no_coord_m1_backstop,MR,high,,,MR,Murray River REZ corridor (Kerang/Red Cliffs/PEC western feed),Kerang,,,,,,,,
Kerrs Creek Wind Farm,CWO,medium,no_coord_m1_backstop,CWO,medium,,,CWO,Central-West Orana REZ corridor (Elong Elong/Merotherie/Wollar),Kerrs Creek,330.0,Wind Turbine - Onshore,Wind - Wind, RES Australia Pty Ltd,,,,
Mannum BESS,MN,medium,no_coord_m1_backstop,MN,medium,,,MN,Mid-North SA REZ corridor (Robertstown/Davenport/Cultana),Mannum,100.0,Storage - Battery,Other - Other,Mannum Stage 2 Battery SubCo Pty Ltd as Trustee for The Mannum Stage 2 Battery Unit Trust,,,,
Monash BESS,Unclassified,review,no_coord_m1_backstop,Unclassified,review,,,Unclassified,No rule matched — manual review needed,,,,,,,,,
Newcastle Offshore Wind,HCC,medium,no_coord_m1_backstop,HCC,medium,,,HCC,Hunter-Central Coast REZ corridor (Bayswater/Eraring/Singleton),Newcastle,,,,,,,,
Newport Battery Energy Storage System,SW-VIC,medium,agree,SW-VIC,medium,SW-VIC,medium,SW-VIC,South-West Victoria REZ corridor (Mortlake/Moorabool/Heywood),Newport,,,,,,,,
Port Kembla Power Station,ILW,high,agree,ILW,medium,ILW,high,ILW,Illawarra REZ corridor (Dapto/Avon/Wollongong),Port Kembla,660.0,Other - Other,Other - Other, Australian Industrial Power,,,,
Port Kembla/Wollongong Offshore Wind,ILW,medium,no_coord_m1_backstop,ILW,medium,,,ILW,Illawarra REZ corridor (Dapto/Avon/Wollongong),Port Kembla,,,,,,,,
Queanbeyan Battery,Unclassified,review,no_coord_m1_backstop,Unclassified,review,,,Unclassified,No rule matched — manual review needed,,,,,,,,,
Rowallan Pumped Hydro Option,TAS-NW,high,no_coord_m1_backstop,TAS-NW,high,,,TAS-NW,Tasmania single catchment (NW Transmission Devs + Central Highlands hydro) — single user-specified catchment covers all TAS1 sites,(TAS region),750.0,Storage - Pumped hydro,Hydro - Water,Hydro-Electric Corporation,,,,
Southern Ocean,Unclassified,review,no_coord_m1_backstop,Unclassified,review,,,Unclassified,No rule matched — manual review needed,,,,,,,,,
Sundown SF(Canadian Solar),NEW,high,agree,NEW,medium,NEW,high,NEW,New England REZ corridor (Armidale/Tamworth/Dumaresq),Sundown,,,,,,,,
Suntop Solar Farm,CWO,high,agree,CWO,medium,CWO,high,CWO,Central-West Orana REZ corridor (Elong Elong/Merotherie/Wollar),Suntop,150.0,Solar PV - Single axis tracking,Solar - Solar,Suntop SF Pty Ltd As Trustee For The Suntop Asset,,,,
Templers BESS(GreenPower),MN,high,agree,MN,high,MN,high,MN,Mid-North SA REZ corridor (Robertstown/Davenport/Cultana),Templers,,,,,,,,
Tribute Pumped Hydro Option,TAS-NW,high,no_coord_m1_backstop,TAS-NW,high,,,TAS-NW,Tasmania single catchment (NW Transmission Devs + Central Highlands hydro) — single user-specified catchment covers all TAS1 sites,(TAS region),750.0,Storage - Pumped hydro,Hydro - Water,Hydro-Electric Corporation,,,,
Waubra North Wind Farm,WV,medium,agree,WV,medium,WV,medium,WV,Western Victoria REZ corridor (Bulgana/Ararat/WRL),Waubra,,,,,,,,
Wellington North BESS,CWO,high,agree,CWO,medium,CWO,high,CWO,Central-West Orana REZ corridor (Elong Elong/Merotherie/Wollar),Wellington,,,,,,,,
West Wyalong Solar Farm,SW-NSW,high,agree,SW-NSW,medium,SW-NSW,high,SW-NSW,South-West NSW REZ corridor (Buronga/Dinawan/Wagga/PEC),West Wyalong,105.27,Solar PV - Single axis tracking,Solar - Solar,West Wyalong Fund Pty Ltd,,,,
Acacia SF,NEW,high,excluded_m1,Unclassified,review,NEW,high,Unclassified,No rule matched — manual review needed,,,,,,,,,
Apsley BESS Project,NEW,medium,no_coord_m1_backstop,NEW,medium,,,NEW,New England REZ corridor (Armidale/Tamworth/Dumaresq),Apsley,120.0,Storage - Battery,Other - Other, ACENergy Pty Ltd ,,,,
Argyle Solar Farm,SW-NSW,medium,no_coord_m1_backstop,SW-NSW,medium,,,SW-NSW,South-West NSW REZ corridor (Buronga/Dinawan/Wagga/PEC),Argyle,59.8,Solar PV - Single axis tracking,Solar - Solar,Argyle Solar Farm Pty Ltd,,,,
Armidale BESS (150),NEW,high,no_coord_m1_backstop,NEW,high,,,NEW,New England REZ corridor (Armidale/Tamworth/Dumaresq),Armidale,,,,,,,,
Ballarat North BESS,WV,medium,no_coord_m1_backstop,WV,medium,,,WV,Western Victoria REZ corridor (Bulgana/Ararat/WRL),Ballarat,,,,,,,,
Blind Creek Solar Farm,SW-NSW,medium,no_coord_m1_backstop,SW-NSW,medium,,,SW-NSW,South-West NSW REZ corridor (Buronga/Dinawan/Wagga/PEC),Blind Creek,,,,,,,,
Blyth West BESS,MN,high,agree,MN,high,MN,high,MN,Mid-North SA REZ corridor (Robertstown/Davenport/Cultana),Blyth,,,,,,,,
Bowmans Creek Wind Farm,HCC,high,boundary_swap_m1_review,NEW,review,HCC,high,NEW,"New England REZ corridor (Armidale/Tamworth/Dumaresq) — shared keyword across REZs: ['HCC', 'NEW']; primary assignment based on substation locality",Bowmans Creek,346.64,Wind Turbine - Onshore,Wind - Wind,ARK Energy Corporation Pty Ltd,,,,
Broken Hill Energy Storage Centre,SW-NSW,high,agree,SW-NSW,medium,SW-NSW,high,SW-NSW,South-West NSW REZ corridor (Buronga/Dinawan/Wagga/PEC),Broken Hill,,,,,,,,
Bungala BESS,MN,medium,no_coord_m1_backstop,MN,medium,,,MN,Mid-North SA REZ corridor (Robertstown/Davenport/Cultana),Bungala,,,,,,,,
Burrendong WF,CWO,medium,agree,CWO,medium,CWO,medium,CWO,Central-West Orana REZ corridor (Elong Elong/Merotherie/Wollar),Burrendong,,,,,,,,
Campbells Forest Solar Farm,CN-VIC,medium,agree,CN-VIC,medium,CN-VIC,medium,CN-VIC,Central North Victoria REZ corridor (Bendigo/Shepparton),Campbells Forest,205.0,Solar PV - Single axis tracking,Solar - Solar,4067 Pyramid Development Pty Ltd,,,,
Central West Pumped Hydro,CWO,medium,agree,CWO,medium,CWO,medium,CWO,Central-West Orana REZ corridor (Elong Elong/Merotherie/Wollar),Central West,325.0,Hydro - Dam,Hydro - Water, ATCO Australia Pumped Hydro Pty Ltd,,,,
Clements Gap - BESS,MN,medium,no_coord_m1_backstop,MN,medium,,,MN,Mid-North SA REZ corridor (Robertstown/Davenport/Cultana),Clements Gap,60.0,Storage - Battery,Other - Other,Pacific Hydro Clements Gap Pty Ltd,,,,
Connewarren BESS,SW-VIC,medium,no_coord_m1_backstop,SW-VIC,medium,,,SW-VIC,South-West Victoria REZ corridor (Mortlake/Moorabool/Heywood),Connewarren,549.84,Storage - Battery,Other - Other,Akaysha Energy Pty Ltd,,,,
Cooba Solar Farm,CN-VIC,review,boundary_swap_m1_med_far,WV,medium,CN-VIC,medium,WV,Western Victoria REZ corridor (Bulgana/Ararat/WRL),Cooba,,,,,,,,
Cooma Solar Farm,SW-NSW,medium,no_coord_m1_backstop,SW-NSW,medium,,,SW-NSW,South-West NSW REZ corridor (Buronga/Dinawan/Wagga/PEC),Cooma,,,,,,,,
Deer Park BESS,Unclassified,review,no_coord_m1_backstop,Unclassified,review,,,Unclassified,No rule matched — manual review needed,,,,,,,,,
Delburn Wind Farm,GIP,medium,no_coord_m1_backstop,GIP,medium,,,GIP,Gippsland REZ corridor (Latrobe Valley 500 kV),Delburn,217.8,Wind Turbine - Onshore,Wind - Wind,Delburn Wind Farm Pty Ltd,,,,
Derwent Valley Wind Farm,TAS-NW,high,no_coord_m1_backstop,TAS-NW,high,,,TAS-NW,Tasmania single catchment (NW Transmission Devs + Central Highlands hydro) — single user-specified catchment covers all TAS1 sites,(TAS region),150.0,Wind Turbine - Onshore,Wind - Wind, West Coast Renewable Energy,,,,
Diapur Wind Farm,WV,medium,no_coord_m1_backstop,WV,medium,,,WV,Western Victoria REZ corridor (Bulgana/Ararat/WRL),Diapur,8.0,Wind Turbine - Onshore,Wind - Wind,Diapur Wind Farm Pty Ltd,,,,
Dinawan Energy Hub,SW-NSW,high,no_coord_m1_backstop,SW-NSW,high,,,SW-NSW,South-West NSW REZ corridor (Buronga/Dinawan/Wagga/PEC),Dinawan,381.6,Solar PV - Single axis tracking,Solar - Solar,Spark Renewables Pty Ltd,,,,
East Shepparton Renewable Energy Hub,CN-VIC,high,no_coord_m1_backstop,CN-VIC,high,,,CN-VIC,Central North Victoria REZ corridor (Bendigo/Shepparton),Shepparton,,,,,,,,
Epworth Hospital - East Melbourne - Freemasons,Unclassified,review,no_coord_m1_backstop,Unclassified,review,,,Unclassified,No rule matched — manual review needed,,,,,,,,,
Forbes Solar Farm,CWO,medium,no_coord_m1_backstop,CWO,medium,,,CWO,Central-West Orana REZ corridor (Elong Elong/Merotherie/Wollar),Forbes,,,,,,,,
Frasers Solar Farm,CN-VIC,medium,no_coord_m1_backstop,CN-VIC,medium,,,CN-VIC,Central North Victoria REZ corridor (Bendigo/Shepparton),Frasers,77.0,Solar PV - Single axis tracking,Solar - Solar,Frasers Lane Development Pty Ltd,,,,
Fulham Solar Farm,GIP,medium,no_coord_m1_backstop,GIP,medium,,,GIP,Gippsland REZ corridor (Latrobe Valley 500 kV),Fulham,,,,,,,,
Glenbrae BESS,WV,high,agree,WV,medium,WV,high,WV,Western Victoria REZ corridor (Bulgana/Ararat/WRL),Glenbrae,250.0,Storage - Battery,Other - Other,Acenergy,,,,
Glenrowan West Solar Farm,CN-VIC,high,agree,CN-VIC,medium,CN-VIC,high,CN-VIC,Central North Victoria REZ corridor (Bendigo/Shepparton),Glenrowan,132.0,Solar PV - Single axis tracking,Solar - Solar,Glenrowan Sun Farm Pty Ltd,,,,
Golden Plains Wind Farm East,SW-VIC,medium,no_coord_m1_backstop,SW-VIC,medium,,,SW-VIC,South-West Victoria REZ corridor (Mortlake/Moorabool/Heywood),Golden Plains,260.4,Wind Turbine - Onshore,Wind - Wind,Golden Plains WF1 Pty Ltd as trustee for the Golden Plains WF1 Unit Trust,,,,
Golden Plains Wind Farm West,SW-VIC,medium,no_coord_m1_backstop,SW-VIC,medium,,,SW-VIC,South-West Victoria REZ corridor (Mortlake/Moorabool/Heywood),Golden Plains,557.07,Wind Turbine - Onshore,Wind - Wind,Golden Plains WF2 Unit Trust,,,,
Goyder South Hub - BESS,MN,medium,agree,MN,medium,MN,medium,MN,Mid-North SA REZ corridor (Robertstown/Davenport/Cultana),Goyder South,,,,,,,,
Goyder South Hub - Solar,MN,medium,agree,MN,medium,MN,medium,MN,Mid-North SA REZ corridor (Robertstown/Davenport/Cultana),Goyder South,,,,,,,,
Goyder South Hub - Wind,MN,medium,no_coord_m1_backstop,MN,medium,,,MN,Mid-North SA REZ corridor (Robertstown/Davenport/Cultana),Goyder South,,,,,,,,
Gullen Range Wind Farm 2 _x000D_,SW-NSW,high,agree,SW-NSW,medium,SW-NSW,high,SW-NSW,South-West NSW REZ corridor (Buronga/Dinawan/Wagga/PEC),Gullen Range,,,,,,,,
Hastings Generation Site,Unclassified,review,no_coord_m1_backstop,Unclassified,review,,,Unclassified,No rule matched — manual review needed,,28.66,Turbine - OCGT,Fossil - N/A,Esso Australia Resources,,,,
Haunted Gully BESS,WV,high,agree,WV,medium,WV,high,WV,Western Victoria REZ corridor (Bulgana/Ararat/WRL),Haunted Gully,,,,,,,,
Heywood Terminal Station BESS,SW-VIC,high,agree,SW-VIC,high,SW-VIC,medium,SW-VIC,South-West Victoria REZ corridor (Mortlake/Moorabool/Heywood),Heywood,,,,,,,,
Holbrook SF,SW-NSW,high,excluded_m1,Unclassified,review,SW-NSW,high,Unclassified,No rule matched — manual review needed,,,,,,,,,
Jeremiah WF,SW-NSW,medium,corridor_misread_m2,NEW,medium,SW-NSW,medium,NEW,New England REZ corridor (Armidale/Tamworth/Dumaresq),Jeremiah,,,,,,,,
Meadow Creek Solar Farm,CN-VIC,medium,no_coord_m1_backstop,CN-VIC,medium,,,CN-VIC,Central North Victoria REZ corridor (Bendigo/Shepparton),Meadow Creek,,,,,,,,
Melbourne Renewable Energy Complex,Unclassified,review,no_coord_m1_backstop,Unclassified,review,,,Unclassified,No rule matched — manual review needed,,250.0,Storage - Battery,Other - Other,Elgin Energy Pty Ltd,,,,
Merriwa SF,HCC,medium,agree,HCC,medium,HCC,medium,HCC,Hunter-Central Coast REZ corridor (Bayswater/Eraring/Singleton),Merriwa,,,,,,,,
Middlebrook SF & BESS,NEW,high,excluded_m1,Unclassified,review,NEW,high,Unclassified,No rule matched — manual review needed,,,,,,,,,
Moonah Solar Farm,CN-VIC,medium,no_coord_m1_backstop,CN-VIC,medium,,,CN-VIC,Central North Victoria REZ corridor (Bendigo/Shepparton),Moonah,,,,,,,,
Narrabri Solar Farm,NEW,medium,no_coord_m1_backstop,NEW,medium,,,NEW,New England REZ corridor (Armidale/Tamworth/Dumaresq),Narrabri,,,,,,,,
Nine Network Willoughby_x000D_,Unclassified,review,no_coord_m1_backstop,Unclassified,review,,,Unclassified,No rule matched — manual review needed,,,,,,,,,
Palmerston Big Battery,TAS-NW,high,agree,TAS-NW,high,TAS-NW,high,TAS-NW,Tasmania single catchment (NW Transmission Devs + Central Highlands hydro) — single user-specified catchment covers all TAS1 sites,(TAS region),,,,,,,,
Penfield BESS,MN,medium,no_coord_m1_backstop,MN,medium,,,MN,Mid-North SA REZ corridor (Robertstown/Davenport/Cultana),Penfield,20.0,Storage - Battery,Other - Other,BESS PENFIELD PTY LTD,,,,
Perry Bridge Solar Farm,Unclassified,review,no_coord_m1_backstop,Unclassified,review,,,Unclassified,No rule matched — manual review needed,,,,,,,,,
Pine Lodge BESS,CN-VIC,high,agree,CN-VIC,medium,CN-VIC,high,CN-VIC,Central North Victoria REZ corridor (Bendigo/Shepparton),Pine Lodge,250.0,Storage - Battery,Other - Other,ENERGY STORAGE PROJECT NO 6 PTY LTD,,,,
Redcliffs Solar & BESS,Unclassified,review,no_coord_m1_backstop,Unclassified,review,,,Unclassified,No rule matched — manual review needed,,,,,,,,,
Seymour Wind Farm,CN-VIC,medium,no_coord_m1_backstop,CN-VIC,medium,,,CN-VIC,Central North Victoria REZ corridor (Bendigo/Shepparton),Seymour,920.0,Wind Turbine - Onshore,Wind - Wind,Seymour Wind Pty Ltd,,,,
Shoalhaven Starches Cogeneration Plant,HCC,medium,no_coord_m1_backstop,HCC,medium,,,HCC,Hunter-Central Coast REZ corridor (Bayswater/Eraring/Singleton),Shoalhaven,,,,,,,,
St George Leagues Club_x000D_,Unclassified,review,no_coord_m1_backstop,Unclassified,review,,,Unclassified,No rule matched — manual review needed,,,,,,,,,
Stanhope BESS Project,CN-VIC,medium,no_coord_m1_backstop,CN-VIC,medium,,,CN-VIC,Central North Victoria REZ corridor (Bendigo/Shepparton),Stanhope,,,,,,,,
Summerville SF,Unclassified,review,no_coord_m1_backstop,Unclassified,review,,,Unclassified,No rule matched — manual review needed,,,,,,,,,
Summerville Solar Farm,Unclassified,review,no_coord_m1_backstop,Unclassified,review,,,Unclassified,No rule matched — manual review needed,,90.0,Solar PV - Fixed,Solar - Solar,ESCO Solar Farm 5 Pty Ltd,,,,
Tamworth BESS,NEW,high,agree,NEW,high,NEW,high,NEW,New England REZ corridor (Armidale/Tamworth/Dumaresq),Tamworth,,,,,,,,
Terang Battery Energy Storage System (Tilt Renewables),SW-VIC,high,agree,SW-VIC,medium,SW-VIC,high,SW-VIC,South-West Victoria REZ corridor (Mortlake/Moorabool/Heywood),Terang,,,,,,,,
Thunderbolt Energy Hub,NEW,high,agree,NEW,medium,NEW,high,NEW,New England REZ corridor (Armidale/Tamworth/Dumaresq),Thunderbolt,,,,,,,,
Uungala Wind Farm,CWO,medium,excluded_m1,Unclassified,review,CWO,medium,Unclassified,No rule matched — manual review needed,,,,,,,,,
Wagga North Solar Farm BESS,SW-NSW,high,no_coord_m1_backstop,SW-NSW,high,,,SW-NSW,South-West NSW REZ corridor (Buronga/Dinawan/Wagga/PEC),Wagga,15.0,Storage - Battery,Solar - Solar, Wagga Wagga Operationsco Pty Ltd as trustee for the Wagga Wagga Operations Trust,,,,
Wellington BESS,CWO,high,agree,CWO,medium,CWO,high,CWO,Central-West Orana REZ corridor (Elong Elong/Merotherie/Wollar),Wellington,,,,,,,,
Wimmera Plains Wind Farm,WV,high,agree,WV,medium,WV,high,WV,Western Victoria REZ corridor (Bulgana/Ararat/WRL),Wimmera,,,,,,,,
Wooreen Energy Storage System,GIP,high,agree,GIP,medium,GIP,high,GIP,Gippsland REZ corridor (Latrobe Valley 500 kV),Wooreen,350.0,Storage - Battery,Other - Other,EnergyAustralia Holdings Limited,,,,
Ararat SynCon,WV,high,agree,WV,high,WV,high,WV,Western Victoria REZ corridor (Bulgana/Ararat/WRL),Ararat,,,,,,,,
Ballarat Renewable Energy Hub,WV,medium,no_coord_m1_backstop,WV,medium,,,WV,Western Victoria REZ corridor (Bulgana/Ararat/WRL),Ballarat,,,,,,,,
Bolivar Power Station,MN,medium,no_coord_m1_backstop,MN,medium,,,MN,Mid-North SA REZ corridor (Robertstown/Davenport/Cultana),Bolivar,128.4,Turbine - OCGT,Fossil - Natural Gas Pipeline,Iberdrola Australia Energy Markets Pty Limited,,,,
Burrendong Wind Farm,CWO,medium,no_coord_m1_backstop,CWO,medium,,,CWO,Central-West Orana REZ corridor (Elong Elong/Merotherie/Wollar),Burrendong,434.0,Wind Turbine - Onshore,Wind - Wind,ARK Energy Corporation Pty Ltd,,,,
Carmodys Hill Wind Farm,Unclassified,review,no_coord_m1_backstop,Unclassified,review,,,Unclassified,No rule matched — manual review needed,,,,,,,,,
Darlington Point Energy Storage System,SW-NSW,high,agree,SW-NSW,high,SW-NSW,high,SW-NSW,South-West NSW REZ corridor (Buronga/Dinawan/Wagga/PEC),Darlington Point,25.0,Storage - Battery,Other - Other,DPESS Pty Ltd,,,,
Dederang BESS,CN-VIC,high,agree,CN-VIC,medium,CN-VIC,high,CN-VIC,Central North Victoria REZ corridor (Bendigo/Shepparton),Dederang,200.0,Storage - Battery,Other - Other,Mint Renewables,,,,
Fosterville SF and BESS,CN-VIC,medium,no_coord_m1_backstop,CN-VIC,medium,,,CN-VIC,Central North Victoria REZ corridor (Bendigo/Shepparton),Fosterville,119.0,Storage - Battery,Other - Other,FRV Services Australia,,,,
Gnotuk,Unclassified,review,no_coord_m1_backstop,Unclassified,review,,,Unclassified,No rule matched — manual review needed,,,,,,,,,
Goorambat BESS,CN-VIC,medium,agree,CN-VIC,medium,CN-VIC,medium,CN-VIC,Central North Victoria REZ corridor (Bendigo/Shepparton),Goorambat,,,,,,,,
Horsham TS Syncon,WV,medium,no_coord_m1_backstop,WV,medium,,,WV,Western Victoria REZ corridor (Bulgana/Ararat/WRL),Horsham,,,,,,,,
Kerang East Storage System,MR,high,no_coord_m1_backstop,MR,high,,,MR,Murray River REZ corridor (Kerang/Red Cliffs/PEC western feed),Kerang,,,,,,,,
Little River BESS,SW-VIC,medium,agree,SW-VIC,medium,SW-VIC,medium,SW-VIC,South-West Victoria REZ corridor (Mortlake/Moorabool/Heywood),Little River,350.0,Storage - Battery,Other - Other,ACEnergy Pty Ltd,,,,
Mannum Adelaide Pumping Station No 3 - MAPL3 (Tungkillo),SE-SA,medium,no_coord_m1_backstop,SE-SA,medium,,,SE-SA,"South-East SA REZ corridor (Tailem Bend/Tungkillo/Heywood interconnector) — shared keyword across REZs: ['MN', 'SE-SA']; primary assignment based on substation locality",Tungkillo,16.5,Solar PV - Single axis tracking,Solar - Solar,South Australian Water Corporation,,,,
Marulan - OCGT/CCGT,ILW,medium,agree,ILW,medium,ILW,medium,ILW,Illawarra REZ corridor (Dapto/Avon/Wollongong),Marulan,800.0,Turbine - Other,Fossil - Natural Gas Pipeline,EnergyAustralia Marulan Pty Ltd,,,,
Merbein Solar Farm,Unclassified,review,no_coord_m1_backstop,Unclassified,review,,,Unclassified,No rule matched — manual review needed,,,,,,,,,
Mokoan Solar Farm,CN-VIC,high,agree,CN-VIC,medium,CN-VIC,high,CN-VIC,Central North Victoria REZ corridor (Bendigo/Shepparton),Mokoan,,,,,,,,
Morwell Solar,GIP,medium,no_coord_m1_backstop,GIP,medium,,,GIP,Gippsland REZ corridor (Latrobe Valley 500 kV),Morwell,,,,,,,,
Mulwala Solar Farm,SW-NSW,medium,no_coord_m1_backstop,SW-NSW,medium,,,SW-NSW,South-West NSW REZ corridor (Buronga/Dinawan/Wagga/PEC),Mulwala,25.0,Solar PV - Single axis tracking,Solar - Solar,ESCO Solar Farm 1 Pty Ltd as trustee for the ESCO Solar Farm 1 Trust,,,,
Orana BESS,CWO,medium,no_coord_m1_backstop,CWO,medium,,,CWO,Central-West Orana REZ corridor (Elong Elong/Merotherie/Wollar),Orana,414.85,Storage - Battery,Other - Other,Wellington Battery ProjectCo Pty Ltd,,,,
Riverina Energy Storage System 1,SW-NSW,high,agree,SW-NSW,medium,SW-NSW,high,SW-NSW,South-West NSW REZ corridor (Buronga/Dinawan/Wagga/PEC),Riverina,60.0,Storage - Battery,Other - Other,Shell New Energies Australia Pty Ltd,,,,
Riverina Energy Storage System 2,SW-NSW,high,agree,SW-NSW,medium,SW-NSW,high,SW-NSW,South-West NSW REZ corridor (Buronga/Dinawan/Wagga/PEC),Riverina,65.0,Storage - Battery,Other - Other,RESS 2 Pty Ltd,,,,
Summerfield,MN,high,agree,MN,medium,MN,high,MN,Mid-North SA REZ corridor (Robertstown/Davenport/Cultana),Summerfield,,,,,,,,
Tamar Valley BESS,TAS-NW,high,no_coord_m1_backstop,TAS-NW,high,,,TAS-NW,Tasmania single catchment (NW Transmission Devs + Central Highlands hydro) — single user-specified catchment covers all TAS1 sites,(TAS region),,,,,,,,
Tarraleah Redevelopment,TAS-NW,high,no_coord_m1_backstop,TAS-NW,high,,,TAS-NW,Tasmania single catchment (NW Transmission Devs + Central Highlands hydro) — single user-specified catchment covers all TAS1 sites,(TAS region),200.0,Hydro - Dam,Hydro - Water,HYDROTAS,,,,
Walcha Energy Project - Brackendale North Wind Farm,NEW,medium,no_coord_m1_backstop,NEW,medium,,,NEW,New England REZ corridor (Armidale/Tamworth/Dumaresq),Walcha,,,,,,,,
Walcha Energy Project - Brackendale South Wind Farm,NEW,medium,no_coord_m1_backstop,NEW,medium,,,NEW,New England REZ corridor (Armidale/Tamworth/Dumaresq),Walcha,,,,,,,,
Walcha Energy Project - Kangaroo Hills Wind Farm,NEW,medium,no_coord_m1_backstop,NEW,medium,,,NEW,New England REZ corridor (Armidale/Tamworth/Dumaresq),Walcha,,,,,,,,
Walcha Energy Project - St Leonards Wind Farm,NEW,medium,no_coord_m1_backstop,NEW,medium,,,NEW,New England REZ corridor (Armidale/Tamworth/Dumaresq),Walcha,,,,,,,,
Walcha Energy Project - Tia Wind Farm,NEW,medium,no_coord_m1_backstop,NEW,medium,,,NEW,New England REZ corridor (Armidale/Tamworth/Dumaresq),Walcha,,,,,,,,
Walcha Energy Project - Woolbrook Wind Farm,NEW,medium,no_coord_m1_backstop,NEW,medium,,,NEW,New England REZ corridor (Armidale/Tamworth/Dumaresq),Walcha,,,,,,,,
Wellington North Solar Farm (AGL) _x000D_,CWO,high,agree,CWO,medium,CWO,high,CWO,Central-West Orana REZ corridor (Elong Elong/Merotherie/Wollar),Wellington,,,,,,,,
Wemen TS Syncon,MR,high,no_coord_m1_backstop,MR,high,,,MR,Murray River REZ corridor (Kerang/Red Cliffs/PEC western feed),Wemen,,,,,,,,
West Mokoan Solar Farm,CN-VIC,high,agree,CN-VIC,medium,CN-VIC,high,CN-VIC,Central North Victoria REZ corridor (Bendigo/Shepparton),West Mokoan,400.4,Solar PV - Single axis tracking,Solar - Solar,West Mokoan Solar Farm,,,,
Eden Offshore Wind Farm,ILW,medium,no_coord_m1_backstop,ILW,medium,,,ILW,Illawarra REZ corridor (Dapto/Avon/Wollongong),Eden,2000.0,Wind Turbine - Offshore,Wind - Wind,OceanEx Energy,,,,
Greater Gippsland Offshore Wind,GIP,high,no_coord_m1_backstop,GIP,high,,,GIP,Gippsland REZ corridor (Latrobe Valley 500 kV),Gippsland,,,,,,,,
Hunter Coast Offshore Wind,HCC,medium,no_coord_m1_backstop,HCC,medium,,,HCC,Hunter-Central Coast REZ corridor (Bayswater/Eraring/Singleton),Hunter Coast,,,,,,,,
Illawarra Offshore Wind Farm,ILW,high,no_coord_m1_backstop,ILW,high,,,ILW,Illawarra REZ corridor (Dapto/Avon/Wollongong),Illawarra,2000.0,Wind Turbine - Offshore,Wind - Wind,OceanEx Energy,,,,
LYA BESS,GIP,high,boundary_swap_m1_review,CN-VIC,review,GIP,high,CN-VIC,"Central North Victoria REZ corridor (Bendigo/Shepparton) — shared keyword across REZs: ['CN-VIC', 'GIP']; primary assignment based on substation locality",LYA,200.0,Storage - Battery,Other - Other,LOYYANGA,,,,
Novocastrian Offshore Wind Farm,HCC,medium,no_coord_m1_backstop,HCC,medium,,,HCC,Hunter-Central Coast REZ corridor (Bayswater/Eraring/Singleton),Novocastrian,2000.0,Wind Turbine - Offshore,Wind - Wind,OceanEx Energy,,,,
Ulladulla Offshore Wind Farm,ILW,medium,no_coord_m1_backstop,ILW,medium,,,ILW,Illawarra REZ corridor (Dapto/Avon/Wollongong),Ulladulla,2000.0,Wind Turbine - Offshore,Wind - Wind,OceanEx Energy,,,,
Wollongong Offshore Wind,ILW,medium,no_coord_m1_backstop,ILW,medium,,,ILW,Illawarra REZ corridor (Dapto/Avon/Wollongong),Wollongong,,,,,,,,
Baldon Wind Farm,SW-NSW,medium,no_coord_m1_backstop,SW-NSW,medium,,,SW-NSW,South-West NSW REZ corridor (Buronga/Dinawan/Wagga/PEC),Baldon,360.0,Wind Turbine - Onshore,Wind - Wind,Baldon Wind Farm Pty Ltd,,,,
Birdwood Energy Reserve,CN-VIC,high,excluded_m1,Unclassified,review,CN-VIC,high,Unclassified,No rule matched — manual review needed,,,,,,,,,
Bonshaw Hybrid Solar Farm,NEW,medium,no_coord_m1_backstop,NEW,medium,,,NEW,New England REZ corridor (Armidale/Tamworth/Dumaresq),Bonshaw,,,,,,,,
Capital Battery,ILW,high,agree,ILW,medium,ILW,high,ILW,Illawarra REZ corridor (Dapto/Avon/Wollongong),Capital,100.32,Storage - Battery,Other - Other,Capital Battery Pty Ltd,,,,
Cethana Pumped Hydro Option,TAS-NW,high,no_coord_m1_backstop,TAS-NW,high,,,TAS-NW,Tasmania single catchment (NW Transmission Devs + Central Highlands hydro) — single user-specified catchment covers all TAS1 sites,(TAS region),750.0,Storage - Pumped hydro,Hydro - Water,Hydro-Electric Corporation,,,,
Donnybrook project,Unclassified,review,no_coord_m1_backstop,Unclassified,review,,,Unclassified,No rule matched — manual review needed,,,,,,,,,
Elaine Solar Farm & BESS Hybrid,WV,medium,no_coord_m1_backstop,WV,medium,,,WV,Western Victoria REZ corridor (Bulgana/Ararat/WRL),Elaine,125.0,Solar PV - Fixed,Solar - Solar, Elgin Energy Pty Ltd,,,,
Emeroo BESS (Bungala),EYR,high,boundary_swap_m1_review,MN,review,EYR,high,MN,"Mid-North SA REZ corridor (Robertstown/Davenport/Cultana) — shared keyword across REZs: ['EYR', 'MN']; primary assignment based on substation locality",Bungala,,,,,,,,
George Town Battery System,TAS-NW,high,no_coord_m1_backstop,TAS-NW,high,,,TAS-NW,Tasmania single catchment (NW Transmission Devs + Central Highlands hydro) — single user-specified catchment covers all TAS1 sites,(TAS region),,,,,,,,
George Town Solar Farm,TAS-NW,high,no_coord_m1_backstop,TAS-NW,high,,,TAS-NW,Tasmania single catchment (NW Transmission Devs + Central Highlands hydro) — single user-specified catchment covers all TAS1 sites,(TAS region),,,,,,,,
Greater Southern Offshore Wind,GIP,medium,no_coord_m1_backstop,GIP,medium,,,GIP,Gippsland REZ corridor (Latrobe Valley 500 kV),Greater Southern Offshore,,,,,,,,
Gundary Solar Farm,SW-NSW,medium,no_coord_m1_backstop,SW-NSW,medium,,,SW-NSW,South-West NSW REZ corridor (Buronga/Dinawan/Wagga/PEC),Gundary,,,,,,,,
Joel BESS,WV,high,agree,WV,medium,WV,high,WV,Western Victoria REZ corridor (Bulgana/Ararat/WRL),Joel,296.7,Storage - Battery,Other - Other,ACEnergy Pty Ltd,,,,
Koorangie Energy Storage System,MR,high,boundary_swap_m1_review,CN-VIC,review,MR,high,CN-VIC,"Central North Victoria REZ corridor (Bendigo/Shepparton) — shared keyword across REZs: ['CN-VIC', 'MR']; primary assignment based on substation locality",Koorangie,185.0,Storage - Battery,Other - Other,Shell Energy,,,,
Merino Solar Farm,NEW,medium,no_coord_m1_backstop,NEW,medium,,,NEW,New England REZ corridor (Armidale/Tamworth/Dumaresq),Merino,338.0,Solar PV - Fixed,Solar - Solar,Merino Solar Farm Pty Ltd as trustee for Merino Solar Farm Trust,,,,
Molong System Strength Battery Pilot,CWO,medium,no_coord_m1_backstop,CWO,medium,,,CWO,Central-West Orana REZ corridor (Elong Elong/Merotherie/Wollar),Molong,,,,,,,,
Mortlake Energy Hub,SW-VIC,high,no_coord_m1_backstop,SW-VIC,high,,,SW-VIC,South-West Victoria REZ corridor (Mortlake/Moorabool/Heywood),Mortlake,333.64,Solar PV - Single axis tracking,Solar - Solar,brightnightpower_NR,,,,
Munmorah BESS,HCC,high,agree,HCC,high,HCC,high,HCC,Hunter-Central Coast REZ corridor (Bayswater/Eraring/Singleton),Munmorah,,,,,,,,
Palmerston Battery Energy Storage System - Akaysha,TAS-NW,high,no_coord_m1_backstop,TAS-NW,high,,,TAS-NW,Tasmania single catchment (NW Transmission Devs + Central Highlands hydro) — single user-specified catchment covers all TAS1 sites,(TAS region),,,,,,,,
Port Pirie,MN,high,agree,MN,medium,MN,high,MN,Mid-North SA REZ corridor (Robertstown/Davenport/Cultana),Port Pirie,,,,,,,,
Ridgey Creek BESS,NEW,medium,no_coord_m1_backstop,NEW,medium,,,NEW,New England REZ corridor (Armidale/Tamworth/Dumaresq),Ridgey Creek,130.0,Storage - Battery,Other - Other, Ridgey Creek BESS Pty Ltd,,,,
Silver City Energy Storage,SW-NSW,medium,no_coord_m1_backstop,SW-NSW,medium,,,SW-NSW,South-West NSW REZ corridor (Buronga/Dinawan/Wagga/PEC),Silver City,200.0,Storage - Other,Other - Other,A-CAES NSW PTY LTD,,,,
Territory Battery,Unclassified,review,no_coord_m1_backstop,Unclassified,review,,,Unclassified,No rule matched — manual review needed,,200.0,Storage - Battery,Other - Other, Neoen Australia Pty Ltd,,,,
Thomastown Terminal Station,CN-VIC,high,excluded_m1,Unclassified,review,CN-VIC,high,Unclassified,No rule matched — manual review needed,,,,,,,,,
Wagga Wagga Renewable Project,SW-NSW,high,no_coord_m1_backstop,SW-NSW,high,,,SW-NSW,South-West NSW REZ corridor (Buronga/Dinawan/Wagga/PEC),Wagga Wagga,,,,,,,,
Wodonga Solar Farm,CN-VIC,medium,no_coord_m1_backstop,CN-VIC,medium,,,CN-VIC,Central North Victoria REZ corridor (Bendigo/Shepparton),Wodonga,76.0,Solar PV - Single axis tracking,Solar - Solar,Wodonga Solar Power ,,,,
Altona BESS,Unclassified,review,no_coord_m1_backstop,Unclassified,review,,,Unclassified,No rule matched — manual review needed,,100.0,Storage - Battery,Other - Other,Ausnet Transmission Group Pty Ltd,,,,
Aquila Wind,CWO,review,boundary_swap_m1_med_far,NEW,medium,CWO,medium,NEW,New England REZ corridor (Armidale/Tamworth/Dumaresq),Aquila,200.0,Wind Turbine - Onshore,Wind - Wind,ACEN Australia Pty Ltd,,,,
BESS Blacktop,MN,medium,no_coord_m1_backstop,MN,medium,,,MN,Mid-North SA REZ corridor (Robertstown/Davenport/Cultana),Blacktop,,,,,,,,
Broken Hill,SW-NSW,high,agree,SW-NSW,medium,SW-NSW,high,SW-NSW,South-West NSW REZ corridor (Buronga/Dinawan/Wagga/PEC),Broken Hill,50.0,Storage - Battery,Other - Other,MACQGEN,,,,
Burrawong Wind Farm,Unclassified,review,no_coord_m1_backstop,Unclassified,review,,,Unclassified,No rule matched — manual review needed,,,,,,,,,
Carag SF,Unclassified,review,no_coord_m1_backstop,Unclassified,review,,,Unclassified,No rule matched — manual review needed,,,,,,,,,
Carwarp BESS,MR,medium,no_coord_m1_backstop,MR,medium,,,MR,Murray River REZ corridor (Kerang/Red Cliffs/PEC western feed),Carwarp,30.0,Storage - Battery,Other - Other,Canadian Solar,,,,
Copping Renewable Energy Facility,TAS-NW,high,no_coord_m1_backstop,TAS-NW,high,,,TAS-NW,Tasmania single catchment (NW Transmission Devs + Central Highlands hydro) — single user-specified catchment covers all TAS1 sites,(TAS region),,,,,,,,
Dalvui BESS,SW-VIC,high,agree,SW-VIC,medium,SW-VIC,high,SW-VIC,South-West Victoria REZ corridor (Mortlake/Moorabool/Heywood),Dalvui,250.0,Storage - Battery,Other - Other,Tilt Renewables Australia Pty Ltd,,,,
Dry Creek BESS,MN,medium,no_coord_m1_backstop,MN,medium,,,MN,Mid-North SA REZ corridor (Robertstown/Davenport/Cultana),Dry Creek,,,,,,,,
Drysdale,Unclassified,review,no_coord_m1_backstop,Unclassified,review,,,Unclassified,No rule matched — manual review needed,,,,,,,,,
Glenorchy Renewable Energy Facility,TAS-NW,high,no_coord_m1_backstop,TAS-NW,high,,,TAS-NW,Tasmania single catchment (NW Transmission Devs + Central Highlands hydro) — single user-specified catchment covers all TAS1 sites,(TAS region),,,,,,,,
Gunnedah BESS,NEW,medium,no_coord_m1_backstop,NEW,medium,,,NEW,New England REZ corridor (Armidale/Tamworth/Dumaresq),Gunnedah,70.0,Storage - Battery,Other - Other, Gunnedah Battery Subco Pty Ltd,,,,
Hazelwood Battery Energy Storage System (HBESS),GIP,high,agree,GIP,high,GIP,high,GIP,Gippsland REZ corridor (Latrobe Valley 500 kV),Hazelwood,200.07,Storage - Battery,Other - Other,Hazelwood BESS Project Co Pty Ltd as trustee for the HBESS Asset Trust,,,,
Lake Lyell PHES,CWO,medium,no_coord_m1_backstop,CWO,medium,,,CWO,Central-West Orana REZ corridor (Elong Elong/Merotherie/Wollar),Lake Lyell,,,,,,,,
Lake Lyell Pumped Hydro,CWO,high,agree,CWO,medium,CWO,high,CWO,Central-West Orana REZ corridor (Elong Elong/Merotherie/Wollar),Lake Lyell,385.0,Storage - Pumped hydro,Hydro - Water,EnergyAustralia NSW Pty Ltd,,,,
Liddell BESS,HCC,high,agree,HCC,high,HCC,high,HCC,Hunter-Central Coast REZ corridor (Bayswater/Eraring/Singleton),Liddell,500.0,Storage - Battery,Other - Other,MACQGEN,,,,
Limondale BESS,SW-NSW,medium,no_coord_m1_backstop,SW-NSW,medium,,,SW-NSW,South-West NSW REZ corridor (Buronga/Dinawan/Wagga/PEC),Limondale,50.0,Storage - Battery,Other - Other,LIMONDALE BATTERY PTY. LTD,,,,
Mallee Wind Farm,SW-NSW,medium,no_coord_m1_backstop,SW-NSW,medium,,,SW-NSW,South-West NSW REZ corridor (Buronga/Dinawan/Wagga/PEC),Mallee,501.6,Storage - Battery,Wind - Wind,Mallee Wind PTY LTD,,,,
Mates Gully Solar Farm,Unclassified,review,no_coord_m1_backstop,Unclassified,review,,,Unclassified,No rule matched — manual review needed,,,,,,,,,
McRobies Gully Renewable Energy Facility,TAS-NW,high,no_coord_m1_backstop,TAS-NW,high,,,TAS-NW,Tasmania single catchment (NW Transmission Devs + Central Highlands hydro) — single user-specified catchment covers all TAS1 sites,(TAS region),,,,,,,,
Merriwa Solar Farm,HCC,medium,agree,HCC,medium,HCC,medium,HCC,Hunter-Central Coast REZ corridor (Bayswater/Eraring/Singleton),Merriwa,,,,,,,,
Moorebank Logistics Park Project,Unclassified,review,no_coord_m1_backstop,Unclassified,review,,,Unclassified,No rule matched — manual review needed,,200.0,Solar PV - Fixed,Solar - Solar,Energy Bay Fund Management,,,,
NAWMA,Unclassified,review,no_coord_m1_backstop,Unclassified,review,,,Unclassified,No rule matched — manual review needed,,,,,,,,,
Panorama BESS,Unclassified,review,no_coord_m1_backstop,Unclassified,review,,,Unclassified,No rule matched — manual review needed,,100.0,Storage - Battery,Other - Other, PANORAMA BESS SUBCO PTY LTD as trustee for the PANORAMA BESS UNIT TRUST,,,,
Piambong Wind Farm,CWO,medium,no_coord_m1_backstop,CWO,medium,,,CWO,Central-West Orana REZ corridor (Elong Elong/Merotherie/Wollar),Piambong,,,,,,,,
Queanbeyan BESS,Unclassified,review,no_coord_m1_backstop,Unclassified,review,,,Unclassified,No rule matched — manual review needed,,10.0,Storage - Battery,Other - Other,Berrybank 2 Asset Pty Ltd as Trustee for Berrybank 2 Asset Trust,,,,
RMGE94,Unclassified,review,no_coord_m1_backstop,Unclassified,review,,,Unclassified,No rule matched — manual review needed,,,,,,,,,
Seaford Renewable Energy Facility,Unclassified,review,no_coord_m1_backstop,Unclassified,review,,,Unclassified,No rule matched — manual review needed,,,,,,,,,
Southern Winds Offshore Wind,GIP,medium,no_coord_m1_backstop,GIP,medium,,,GIP,Gippsland REZ corridor (Latrobe Valley 500 kV),Southern Winds Offshore,1155.0,Wind Turbine - Offshore,Wind - Wind,Southern Winds OWP Project Pty Ltd,,,,
Star of the South Wind Farm,GIP,medium,no_coord_m1_backstop,GIP,medium,,,GIP,Gippsland REZ corridor (Latrobe Valley 500 kV),Star of the South,2205.0,Wind Turbine - Offshore,Wind - Wind,Star of the South Wind Farm Pty Ltd as trustee for the Star of the South Trust,,,,
Summerhill,HCC,high,excluded_m1,Unclassified,review,HCC,high,Unclassified,No rule matched — manual review needed,,,,,,,,,
Terminal Storage Mini Hydro,Unclassified,review,no_coord_m1_backstop,Unclassified,review,,,Unclassified,No rule matched — manual review needed,,,,,,,,,
Vast Solar1 Pty Ltd,EYR,medium,no_coord_m1_backstop,EYR,medium,,,EYR,EYR,Vast Solar,,,,,,,,
Wallerawang 9 BESS,CWO,high,agree,CWO,medium,CWO,high,CWO,Central-West Orana REZ corridor (Elong Elong/Merotherie/Wollar),Wallerawang,300.0,Storage - Battery,Other - Other,Greenspot Wallerawang Pty Ltd as trustee for the Greenspot Wallerawang Unit Trust,,,,
Waratah Super Battery 350MW,HCC,high,agree,HCC,high,HCC,high,HCC,Hunter-Central Coast REZ corridor (Bayswater/Eraring/Singleton),Waratah,,,,,,,,
Waratah Super Battery 700MW,HCC,high,agree,HCC,high,HCC,high,HCC,Hunter-Central Coast REZ corridor (Bayswater/Eraring/Singleton),Waratah,,,,,,,,
Whyalla BESS,MN,high,agree,MN,review,MN,high,MN,"Mid-North SA REZ corridor (Robertstown/Davenport/Cultana) — shared keyword across REZs: ['EYR', 'MN']; primary assignment based on substation locality",Whyalla,,,,,,,,
Woy Woy Renewable Energy Facility,Unclassified,review,no_coord_m1_backstop,Unclassified,review,,,Unclassified,No rule matched — manual review needed,,,,,,,,,
Acacia Offshore Wind Farm - KCI,Unclassified,review,no_coord_m1_backstop,Unclassified,review,,,Unclassified,No rule matched — manual review needed,,,,,,,,,
Altona BESS - KCI,Unclassified,review,no_coord_m1_backstop,Unclassified,review,,,Unclassified,No rule matched — manual review needed,,,,,,,,,
Bairnsdale BESS,GIP,medium,no_coord_m1_backstop,GIP,medium,,,GIP,Gippsland REZ corridor (Latrobe Valley 500 kV),Bairnsdale,65.0,Storage - Battery,Other - Other,Bison Energy,,,,
Ballarat Renewable Energy Hub - BESS - KCI,WV,medium,no_coord_m1_backstop,WV,medium,,,WV,Western Victoria REZ corridor (Bulgana/Ararat/WRL),Ballarat,,,,,,,,
Ballarat Renewable Energy Hub - Solar - KCI,WV,medium,no_coord_m1_backstop,WV,medium,,,WV,Western Victoria REZ corridor (Bulgana/Ararat/WRL),Ballarat,,,,,,,,
Bendemeer Renewable Energy Hub - Solar - KCI,NEW,high,agree,NEW,medium,NEW,high,NEW,New England REZ corridor (Armidale/Tamworth/Dumaresq),Bendemeer,218.0,Solar PV - Fixed,Solar - Solar,Athena Energy Australia (Holdings) Pty Ltd,,,,
Bendemeer Renewable Energy Hub - Storage - KCI,NEW,medium,no_coord_m1_backstop,NEW,medium,,,NEW,New England REZ corridor (Armidale/Tamworth/Dumaresq),Bendemeer,100.0,Storage - Battery,Other - Other,Athena Energy Australia (Holdings) Pty Ltd,,,,
Bendemeer Renewable Energy Hub - Wind - KCI,NEW,high,agree,NEW,medium,NEW,high,NEW,New England REZ corridor (Armidale/Tamworth/Dumaresq),Bendemeer,380.0,Wind Turbine - Onshore,Wind - Wind,Athena Energy Australia (Holdings) Pty Ltd,,,,
Berrybank 1 BESS - Storage - KCI,SW-VIC,high,no_coord_m1_backstop,SW-VIC,high,,,SW-VIC,South-West Victoria REZ corridor (Mortlake/Moorabool/Heywood),Berrybank,60.0,Storage - Battery,Other - Other,Global Power Generation Australia Pty Ltd,,,,
BESS Styx - Storage - KCI,Unclassified,review,no_coord_m1_backstop,Unclassified,review,,,Unclassified,No rule matched — manual review needed,,,,,,,,,
Birdwood Energy Reserve - KCI,CN-VIC,high,excluded_m1,Unclassified,review,CN-VIC,high,Unclassified,No rule matched — manual review needed,,,,,,,,,
Birkins Solar Farm - Hydrogen - KCI,Unclassified,review,no_coord_m1_backstop,Unclassified,review,,,Unclassified,No rule matched — manual review needed,,,,,,,,,
Birkins Solar Farm - Solar - KCI,Unclassified,review,no_coord_m1_backstop,Unclassified,review,,,Unclassified,No rule matched — manual review needed,,,,,,,,,
Birkins Solar Farm - Storage - KCI,Unclassified,review,no_coord_m1_backstop,Unclassified,review,,,Unclassified,No rule matched — manual review needed,,199.5,Storage - Battery,Solar - Solar, FRV Services Australia Pty Ltd,,,,
Blacktop BESS - KCI,MN,medium,no_coord_m1_backstop,MN,medium,,,MN,Mid-North SA REZ corridor (Robertstown/Davenport/Cultana),Blacktop,100.0,Storage - Battery,Other - Other, BESS Officer Pty Ltd,,,,
Blyth BESS,MN,high,no_coord_m1_backstop,MN,high,,,MN,Mid-North SA REZ corridor (Robertstown/Davenport/Cultana),Blyth,200.0,Storage - Battery,Other - Other,Blyth Battery P/L as trustee for Blyth Battery Trust,,,,
Boggabri solar and storage project,NEW,medium,no_coord_m1_backstop,NEW,medium,,,NEW,New England REZ corridor (Armidale/Tamworth/Dumaresq),Boggabri,9.8,Storage - Battery,Solar - Solar,Photon Energy,,,,
Brinkworth BESS - Storage - KCI,MN,medium,agree,MN,medium,MN,medium,MN,Mid-North SA REZ corridor (Robertstown/Davenport/Cultana),Brinkworth,,,,,,,,
Buronga BESS - Storage - KCI,SW-NSW,high,agree,SW-NSW,high,SW-NSW,high,SW-NSW,South-West NSW REZ corridor (Buronga/Dinawan/Wagga/PEC),Buronga,300.0,Storage - Battery,Other - Other,BESS Clyde North Pty Ltd,,,,
Connewarren BESS - KCI,SW-VIC,high,agree,SW-VIC,medium,SW-VIC,high,SW-VIC,South-West Victoria REZ corridor (Mortlake/Moorabool/Heywood),Connewarren,,,,,,,,
Cooba Solar Farm - KCI,WV,medium,no_coord_m1_backstop,WV,medium,,,WV,Western Victoria REZ corridor (Bulgana/Ararat/WRL),Cooba,319.2,Solar PV - Single axis tracking,Solar - Solar, Venn Energy Pty Ltd / Cooba Solar Project Pty Ltd,,,,
Cranbourne BESS (Macquarie) - KCI,Unclassified,review,no_coord_m1_backstop,Unclassified,review,,,Unclassified,No rule matched — manual review needed,,,,,,,,,
Daroobalgie Solar Farm - KCI,CWO,medium,no_coord_m1_backstop,CWO,medium,,,CWO,Central-West Orana REZ corridor (Elong Elong/Merotherie/Wollar),Daroobalgie,,,,,,,,
Dederang BESS - KCI,CN-VIC,medium,agree,CN-VIC,medium,CN-VIC,medium,CN-VIC,Central North Victoria REZ corridor (Bendigo/Shepparton),Dederang,,,,,,,,
Deniliquin BESS - Storage - KCI,SW-NSW,medium,no_coord_m1_backstop,SW-NSW,medium,,,SW-NSW,South-West NSW REZ corridor (Buronga/Dinawan/Wagga/PEC),Deniliquin,150.0,Storage - Battery,Other - Other,Enervest Pty Ltd,,,,
Dry Creek BESS - KCI,MN,medium,no_coord_m1_backstop,MN,medium,,,MN,Mid-North SA REZ corridor (Robertstown/Davenport/Cultana),Dry Creek,,,,,,,,
East Shepparton Renewable Energy Hub - Battery - KCI,CN-VIC,high,no_coord_m1_backstop,CN-VIC,high,,,CN-VIC,Central North Victoria REZ corridor (Bendigo/Shepparton),Shepparton,,,,,,,,
East Shepparton Renewable Energy Hub - Solar - KCI,CN-VIC,high,no_coord_m1_backstop,CN-VIC,high,,,CN-VIC,Central North Victoria REZ corridor (Bendigo/Shepparton),Shepparton,,,,,,,,
Elaine Solar Farm & BESS Hybrid - KCI,WV,medium,no_coord_m1_backstop,WV,medium,,,WV,Western Victoria REZ corridor (Bulgana/Ararat/WRL),Elaine,,,,,,,,
Euston Wind Farm - KCI,SW-NSW,medium,agree,SW-NSW,medium,SW-NSW,review,SW-NSW,South-West NSW REZ corridor (Buronga/Dinawan/Wagga/PEC),Euston,330.0,Wind Turbine - Onshore,Wind - Wind,Balranald Wind Farm Pty Ltd,,,,
Gippsland A&B - Wind - KCI,GIP,high,no_coord_m1_backstop,GIP,high,,,GIP,Gippsland REZ corridor (Latrobe Valley 500 kV),Gippsland,,,,,,,,
Gippsland C - Wind - KCI,GIP,high,no_coord_m1_backstop,GIP,high,,,GIP,Gippsland REZ corridor (Latrobe Valley 500 kV),Gippsland,,,,,,,,
Glenrowan BESS - Storage - KCI,CN-VIC,high,agree,CN-VIC,medium,CN-VIC,high,CN-VIC,Central North Victoria REZ corridor (Bendigo/Shepparton),Glenrowan,400.0,Storage - Battery,Other - Other,Enervest Pty Ltd,,,,
Goyder South Wind Farm 1A,MN,medium,no_coord_m1_backstop,MN,medium,,,MN,Mid-North SA REZ corridor (Robertstown/Davenport/Cultana),Goyder South,209.0,Wind Turbine - Onshore,Wind - Wind,Goyder Wind Farm 1A Pty Ltd as trustee for Goyder Wind Farm 1A Trust,,,,
Goyder South Wind Farm 1B,MN,medium,no_coord_m1_backstop,MN,medium,,,MN,Mid-North SA REZ corridor (Robertstown/Davenport/Cultana),Goyder South,203.5,Wind Turbine - Onshore,Wind - Wind,Goyder Wind Farm 1B Pty Ltd as trustee for Goyder Wind Farm 1B Trust,,,,
Great Eastern Offshore Wind - KCI,GIP,medium,no_coord_m1_backstop,GIP,medium,,,GIP,Gippsland REZ corridor (Latrobe Valley 500 kV),Great Eastern,2508.0,Wind Turbine - Offshore,Wind - Wind,GIG Australian Offshore Wind Energy Holdings Pty Ltd,,,,
Greater Southern Offshore Wind - KCI,GIP,medium,no_coord_m1_backstop,GIP,medium,,,GIP,Gippsland REZ corridor (Latrobe Valley 500 kV),Greater Southern Offshore,1500.0,Wind Turbine - Offshore,Wind - Wind, Greater Southern Offshore Wind Farm Project Co Pty Ltd,,,,
Gundary Solar Farm - KCI,SW-NSW,medium,no_coord_m1_backstop,SW-NSW,medium,,,SW-NSW,South-West NSW REZ corridor (Buronga/Dinawan/Wagga/PEC),Gundary,400.0,Solar PV - Fixed,Solar - Solar, Lightsource Development Services Australia Pty Ltd,,,,
Haunted Gully BESS - KCI,WV,high,agree,WV,medium,WV,high,WV,Western Victoria REZ corridor (Bulgana/Ararat/WRL),Haunted Gully,400.0,Storage - Battery,Other - Other, Vena Energy Services (Australia) Pty Ltd,,,,
Hawkesdale BESS - Storage - KCI,SW-VIC,medium,agree,SW-VIC,medium,SW-VIC,medium,SW-VIC,South-West Victoria REZ corridor (Mortlake/Moorabool/Heywood),Hawkesdale,,,,,,,,
Hazelwood North Solar Farm - KCI,GIP,high,agree,GIP,high,GIP,medium,GIP,Gippsland REZ corridor (Latrobe Valley 500 kV),Hazelwood,480.0,Solar PV - Fixed,Solar - Solar,Manthos Investments Pty Ltd,,,,
Heywood Terminal Station BESS - KCI,SW-VIC,high,agree,SW-VIC,high,SW-VIC,medium,SW-VIC,South-West Victoria REZ corridor (Mortlake/Moorabool/Heywood),Heywood,,,,,,,,
Jindera BESS - Storage - KCI,SW-NSW,high,agree,SW-NSW,medium,SW-NSW,high,SW-NSW,South-West NSW REZ corridor (Buronga/Dinawan/Wagga/PEC),Jindera,250.0,Storage - Battery,Other - Other,BESS Atlantic,,,,
Kerang East Solar Farm,MR,high,no_coord_m1_backstop,MR,high,,,MR,Murray River REZ corridor (Kerang/Red Cliffs/PEC western feed),Kerang,,,,,,,,
Kerang East Storage System - KCI,MR,high,no_coord_m1_backstop,MR,high,,,MR,Murray River REZ corridor (Kerang/Red Cliffs/PEC western feed),Kerang,,,,,,,,
Lincoln Gap Wind Farm - Stage 2,EYR,high,agree,EYR,medium,EYR,high,EYR,EYR,Lincoln Gap,86.4,Wind Turbine - Onshore,Wind - Wind,Lincoln Gap Wind Farm Pty Ltd,,,,
Little River Solar Farm - KCI,SW-VIC,medium,no_coord_m1_backstop,SW-VIC,medium,,,SW-VIC,South-West Victoria REZ corridor (Mortlake/Moorabool/Heywood),Little River,279.0,Solar PV - Fixed,Solar - Solar, Clean Technology Partners,,,,
Lovely Banks Renewable Energy Hub - KCI,SW-VIC,medium,boundary_swap_m1_med_close,WV,medium,SW-VIC,high,WV,Western Victoria REZ corridor (Bulgana/Ararat/WRL),Lovely Banks,400.0,Storage - Battery,Other - Other, Syncline Energy Pty Ltd,,,,
Low Head Wind Farm - KCI,TAS-NW,high,no_coord_m1_backstop,TAS-NW,high,,,TAS-NW,Tasmania single catchment (NW Transmission Devs + Central Highlands hydro) — single user-specified catchment covers all TAS1 sites,(TAS region),,,,,,,,
Low Head Wind Farm Stg II - KCI,TAS-NW,high,no_coord_m1_backstop,TAS-NW,high,,,TAS-NW,Tasmania single catchment (NW Transmission Devs + Central Highlands hydro) — single user-specified catchment covers all TAS1 sites,(TAS region),,,,,,,,
Lubeck Wind Farm - KCI,Unclassified,review,no_coord_m1_backstop,Unclassified,review,,,Unclassified,No rule matched — manual review needed,,,,,,,,,
Mallee Solar Farm - KCI,Unclassified,review,no_coord_m1_backstop,Unclassified,review,,,Unclassified,No rule matched — manual review needed,,,,,,,,,
Mallee Wind Farm - Storage - KCI,SW-NSW,high,agree,SW-NSW,medium,SW-NSW,high,SW-NSW,South-West NSW REZ corridor (Buronga/Dinawan/Wagga/PEC),Mallee,,,,,,,,
Mansfield Solar Farm - Solar - KCI,CN-VIC,medium,agree,CN-VIC,medium,CN-VIC,medium,CN-VIC,Central North Victoria REZ corridor (Bendigo/Shepparton),Mansfield,350.0,Solar PV - Fixed,Solar - Solar, Biscon Energy Australia Pty Ltd,,,,
Mansfield Solar Farm - Storage - KCI,CN-VIC,medium,no_coord_m1_backstop,CN-VIC,medium,,,CN-VIC,Central North Victoria REZ corridor (Bendigo/Shepparton),Mansfield,,Storage - Battery,Other - Other, Biscon Energy Australia Pty Ltd,,,,
Maxwell Downs Solar Farm - KCI,HCC,high,boundary_swap_m1_review,CWO,review,HCC,high,CWO,"Central-West Orana REZ corridor (Elong Elong/Merotherie/Wollar) — shared keyword across REZs: ['CWO', 'HCC']; primary assignment based on substation locality",Maxwell Downs,300.0,Solar PV - Single axis tracking,Solar - Solar,X-Elio Holbrook Trust,,,,
Meadow Creek Solar Farm - KCI,CN-VIC,medium,no_coord_m1_backstop,CN-VIC,medium,,,CN-VIC,Central North Victoria REZ corridor (Bendigo/Shepparton),Meadow Creek,180.0,Solar PV - Fixed,Solar - Solar, Clean Technologies Partners,,,,
Melbourne Renewable Energy Complex - KCI,Unclassified,review,no_coord_m1_backstop,Unclassified,review,,,Unclassified,No rule matched — manual review needed,,,,,,,,,
Melbourne Solar Farm - KCI,Unclassified,review,no_coord_m1_backstop,Unclassified,review,,,Unclassified,No rule matched — manual review needed,,350.0,Solar PV - Fixed,Solar - Solar, Emergent Technologies,,,,
Meredith Wind Farm - KCI,WV,medium,no_coord_m1_backstop,WV,medium,,,WV,Western Victoria REZ corridor (Bulgana/Ararat/WRL),Meredith,342.0,Wind Turbine - Onshore,Wind - Wind, Acciona Energy Global Australia,,,,
Merriwa Solar Farm - BESS,HCC,medium,agree,HCC,medium,HCC,medium,HCC,Hunter-Central Coast REZ corridor (Bayswater/Eraring/Singleton),Merriwa,,,,,,,,
Monaro Solar Farm - KCI,Unclassified,review,no_coord_m1_backstop,Unclassified,review,,,Unclassified,No rule matched — manual review needed,,,,,,,,,
Monash Solar Farm - KCI,RIV,medium,no_coord_m1_backstop,RIV,medium,,,RIV,Riverland REZ corridor (Renmark/Berri/Loxton),Monash,100.0,Solar PV - Fixed,Solar - Solar, 1265 Warnecke Rd Pty Ltd,,,,
Moonah Solar Farm - KCI,CN-VIC,medium,no_coord_m1_backstop,CN-VIC,medium,,,CN-VIC,Central North Victoria REZ corridor (Bendigo/Shepparton),Moonah,176.4,Solar PV - Single axis tracking,Solar - Solar, Venn Energy Pty Ltd / Moonah Solar Project Pty Ltd,,,,
Morwell Battery Energy System,GIP,medium,no_coord_m1_backstop,GIP,medium,,,GIP,Gippsland REZ corridor (Latrobe Valley 500 kV),Morwell,,,,,,,,
Murray Bridge Hahndorf Pumping Station 2 Solar - KCI,SE-SA,medium,no_coord_m1_backstop,SE-SA,medium,,,SE-SA,South-East SA REZ corridor (Tailem Bend/Tungkillo/Heywood interconnector),Murray Bridge,,,,,,,,
Muswellbrook Pumped Hydro - Storage - KCI,HCC,high,agree,HCC,medium,HCC,high,HCC,Hunter-Central Coast REZ corridor (Bayswater/Eraring/Singleton),Muswellbrook,,,,,,,,
Newport BESS - KCI,SW-VIC,medium,agree,SW-VIC,medium,SW-VIC,medium,SW-VIC,South-West Victoria REZ corridor (Mortlake/Moorabool/Heywood),Newport,,,,,,,,
North East Wind - KCI,TAS-NW,high,no_coord_m1_backstop,TAS-NW,high,,,TAS-NW,Tasmania single catchment (NW Transmission Devs + Central Highlands hydro) — single user-specified catchment covers all TAS1 sites,(TAS region),7.2,Wind Turbine - Onshore,Wind - Wind,ACEN North East Tasmania Pty Ltd,,,,
North West Bend Substation Solar,Unclassified,review,no_coord_m1_backstop,Unclassified,review,,,Unclassified,No rule matched — manual review needed,,,,,,,,,
Northern Midlands Solar Farm - KCI,TAS-NW,high,no_coord_m1_backstop,TAS-NW,high,,,TAS-NW,Tasmania single catchment (NW Transmission Devs + Central Highlands hydro) — single user-specified catchment covers all TAS1 sites,(TAS region),360.8,Solar PV - Single axis tracking,Solar - Solar,Northern Midlands Solar Farm Tas Pty Ltd (ACN 684 471 627) as trustee for the Northern Midlands Solar Farm Unit Trust (ABN 26 279 618 811),,,,
Nottingham Park Solar Farm - KCI,CWO,medium,boundary_swap_m1_med_close,NEW,medium,CWO,high,NEW,New England REZ corridor (Armidale/Tamworth/Dumaresq),Nottingham Park,210.0,Solar PV - Fixed,Solar - Solar,NPSF Renewables Pty Ltd,,,,
Piambong Wind Farm - KCI,CWO,medium,no_coord_m1_backstop,CWO,medium,,,CWO,Central-West Orana REZ corridor (Elong Elong/Merotherie/Wollar),Piambong,632.4,Wind Turbine - Onshore,Wind - Wind,Piambong Wind Farm Pty Ltd,,,,
Port Pirie Solar Farm - KCI,MN,medium,agree,MN,medium,MN,medium,MN,Mid-North SA REZ corridor (Robertstown/Davenport/Cultana),Port Pirie,300.0,Solar PV - Fixed,Solar - Solar, Trafigura Hydrogen Australia,,,,
Portland Wind Farm - KCI,SW-VIC,high,no_coord_m1_backstop,SW-VIC,high,,,SW-VIC,South-West Victoria REZ corridor (Mortlake/Moorabool/Heywood),Portland,495.0,Wind Turbine - Onshore,Wind - Wind, Vic Offshore Windfarm Pty Ltd,,,,
Redcliffs Solar & BESS - KCI,Unclassified,review,no_coord_m1_backstop,Unclassified,review,,,Unclassified,No rule matched — manual review needed,,,,,,,,,
Riverside BESS - Storage - KCI,Unclassified,review,no_coord_m1_backstop,Unclassified,review,,,Unclassified,No rule matched — manual review needed,,250.0,Storage - Battery,Other - Other,Enervest Pty Ltd,,,,
Seymour Wind Farm - KCI,CN-VIC,medium,no_coord_m1_backstop,CN-VIC,medium,,,CN-VIC,Central North Victoria REZ corridor (Bendigo/Shepparton),Seymour,,,,,,,,
Snowy 2.0.,SW-NSW,high,agree,SW-NSW,medium,SW-NSW,high,SW-NSW,South-West NSW REZ corridor (Buronga/Dinawan/Wagga/PEC),Snowy 2.0,1468.0,Storage - Pumped hydro,Hydro - Water,Snowy Hydro Ltd,,,,
South East BESS - Storage - KCI,SE-SA,high,no_coord_m1_backstop,SE-SA,high,,,SE-SA,South-East SA REZ corridor (Tailem Bend/Tungkillo/Heywood interconnector),South East,200.0,Storage - Battery,Other - Other,Equis Energy (Australia) Projects (Ngumi 8) Pty Ltd as trustee for the Equis Energy(Australia) Ngumi 8 Asset Trust,,,,
Stonehaven Gas Turbines - KCI,SW-VIC,medium,agree,SW-VIC,medium,SW-VIC,medium,SW-VIC,South-West Victoria REZ corridor (Mortlake/Moorabool/Heywood),Stonehaven,220.0,Turbine - OCGT,Other - Other, APA Power Holdings Pty Ltd,,,,
Summerfield BESS - KCI,MN,medium,no_coord_m1_backstop,MN,medium,,,MN,Mid-North SA REZ corridor (Robertstown/Davenport/Cultana),Summerfield,,,,,,,,
Tarrone BESS - Storage - KCI,SW-VIC,high,agree,SW-VIC,high,SW-VIC,high,SW-VIC,South-West Victoria REZ corridor (Mortlake/Moorabool/Heywood),Tarrone,200.0,Storage - Battery,Other - Other,Global Power Generation Australia Pty Ltd,,,,
Tatura East Solar Farm,CN-VIC,medium,no_coord_m1_backstop,CN-VIC,medium,,,CN-VIC,Central North Victoria REZ corridor (Bendigo/Shepparton),Tatura,,,,,,,,
Templers BESS - KCI,MN,high,agree,MN,high,MN,high,MN,Mid-North SA REZ corridor (Robertstown/Davenport/Cultana),Templers,,,,,,,,
Thomastown Terminal Station - KCI,CN-VIC,high,excluded_m1,Unclassified,review,CN-VIC,high,Unclassified,No rule matched — manual review needed,,,,,,,,,
Tulkara Wind Farm - KCI,WV,medium,excluded_m1,Unclassified,review,WV,medium,Unclassified,No rule matched — manual review needed,,,,,,,,,
Vast Solar1 Pty Ltd - KCI,EYR,medium,no_coord_m1_backstop,EYR,medium,,,EYR,EYR,Vast Solar,,,,,,,,
Vast Solar1 Pty Ltd - Thermal - KCI,EYR,medium,no_coord_m1_backstop,EYR,medium,,,EYR,EYR,Vast Solar,,,,,,,,
Victorian Big Battery 2 - Storage - KCI,SW-VIC,high,agree,SW-VIC,medium,SW-VIC,high,SW-VIC,South-West Victoria REZ corridor (Mortlake/Moorabool/Heywood),Victorian Big Battery,,,,,,,,
Waratah Super Battery,HCC,high,agree,HCC,high,HCC,high,HCC,Hunter-Central Coast REZ corridor (Bayswater/Eraring/Singleton),Waratah,850.18,Storage - Battery,Other - Other,Munmorah Battery ProjectCo Pty Ltd,,,,
Waubra North Wind Farm - KCI,WV,medium,no_coord_m1_backstop,WV,medium,,,WV,Western Victoria REZ corridor (Bulgana/Ararat/WRL),Waubra,,,,,,,,
Wellington North BESS - KCI,CWO,high,agree,CWO,medium,CWO,high,CWO,Central-West Orana REZ corridor (Elong Elong/Merotherie/Wollar),Wellington,500.0,Storage - Battery,Other - Other, Lightsource Development Services Australia Pty Ltd,,,,
Whaleback Ridge Wind Farm - KCI,TAS-NW,high,no_coord_m1_backstop,TAS-NW,high,,,TAS-NW,Tasmania single catchment (NW Transmission Devs + Central Highlands hydro) — single user-specified catchment covers all TAS1 sites,(TAS region),288.0,Wind Turbine - Onshore,Wind - Wind,West Coast Renewables Energy Pty Ltd,,,,
Whyalla BESS - KCI,MN,high,agree,MN,review,MN,high,MN,"Mid-North SA REZ corridor (Robertstown/Davenport/Cultana) — shared keyword across REZs: ['EYR', 'MN']; primary assignment based on substation locality",Whyalla,100.0,Storage - Battery,Other - Other, BESS Kalkallo Pty Ltd,,,,
Willowvale Solar Farm - KCI,WV,medium,no_coord_m1_backstop,WV,medium,,,WV,Western Victoria REZ corridor (Bulgana/Ararat/WRL),Willowvale,200.0,Solar PV - Fixed,Solar - Solar,Elgin Energy Pty Ltd,,,,
Wimmera Plains Wind Farm - KCI,WV,medium,no_coord_m1_backstop,WV,medium,,,WV,Western Victoria REZ corridor (Bulgana/Ararat/WRL),Wimmera,312.0,Wind Turbine - Onshore,Wind - Wind, Wimmera Plains Energy Facility Pty Ltd,,,,
Winchelsea Gas Turbines - KCI,SW-VIC,medium,agree,SW-VIC,medium,SW-VIC,medium,SW-VIC,South-West Victoria REZ corridor (Mortlake/Moorabool/Heywood),Winchelsea,220.0,Turbine - OCGT,Other - Other, APA Power Holdings Pty Ltd,,,,
Wollert Gas Turbine - KCI,CN-VIC,medium,agree,CN-VIC,medium,CN-VIC,medium,CN-VIC,Central North Victoria REZ corridor (Bendigo/Shepparton),Wollert,600.0,Turbine - OCGT,Other - Other, APA Power Holdings Pty Ltd,,,,
Woodland BESS,SW-NSW,medium,agree,SW-NSW,medium,SW-NSW,medium,SW-NSW,South-West NSW REZ corridor (Buronga/Dinawan/Wagga/PEC),Woodland,250.0,Storage - Battery,Other - Other, Risen Energy (Australia) Pty Ltd ,,,,
Yallourn 220kV Connection Gas Turbine - KCI,GIP,high,agree,GIP,high,GIP,high,GIP,Gippsland REZ corridor (Latrobe Valley 500 kV),Yallourn,,,,,,,,
Yallourn 500kV Connection Gas Turbine - KCI,GIP,high,agree,GIP,high,GIP,high,GIP,Gippsland REZ corridor (Latrobe Valley 500 kV),Yallourn,,,,,,,,
Yanco Delta Wind Farm,SW-NSW,medium,no_coord_m1_backstop,SW-NSW,medium,,,SW-NSW,South-West NSW REZ corridor (Buronga/Dinawan/Wagga/PEC),Yanco,1497.6,Wind Turbine - Onshore,Wind - Wind,Yanco Delta Wind Farm Pty Ltd,,,,
Yanco Delta Wind Farm Stage 1 - Battery - KCI,SW-NSW,medium,agree,SW-NSW,medium,SW-NSW,medium,SW-NSW,South-West NSW REZ corridor (Buronga/Dinawan/Wagga/PEC),Yanco,,,,,,,,
Yass Solar Farm - KCI,SW-NSW,medium,no_coord_m1_backstop,SW-NSW,medium,,,SW-NSW,South-West NSW REZ corridor (Buronga/Dinawan/Wagga/PEC),Yass,,,,,,,,
Armidale BESS - 150,NEW,high,no_coord_m1_backstop,NEW,high,,,NEW,New England REZ corridor (Armidale/Tamworth/Dumaresq),Armidale,,,,,,,,
Barwon Solar Farm & BESS,SW-NSW,medium,no_coord_m1_backstop,SW-NSW,medium,,,SW-NSW,South-West NSW REZ corridor (Buronga/Dinawan/Wagga/PEC),Barwon,250.0,Solar PV - Single axis tracking,Solar - Solar,Elgin Energy Pty Ltd,,,,
Bashan 1 Wind Farm,TAS-NW,high,no_coord_m1_backstop,TAS-NW,high,,,TAS-NW,Tasmania single catchment (NW Transmission Devs + Central Highlands hydro) — single user-specified catchment covers all TAS1 sites,(TAS region),460.2,Wind Turbine - Onshore,Wind - Wind,Goldwind Australia,,,,
Bashan 2 Wind Farm,TAS-NW,high,no_coord_m1_backstop,TAS-NW,high,,,TAS-NW,Tasmania single catchment (NW Transmission Devs + Central Highlands hydro) — single user-specified catchment covers all TAS1 sites,(TAS region),,,,,,,,
Belhaven Renewable Project,SW-NSW,high,corridor_misread_m2,NEW,medium,SW-NSW,high,NEW,New England REZ corridor (Armidale/Tamworth/Dumaresq),Belhaven,408.0,Storage - Battery,Other - Other,Vena Energy Services (Australia) Pty Ltd,,,,
Bellambi Heights Renewables Project,CWO,medium,boundary_swap_m1_med_close,NEW,medium,CWO,high,NEW,New England REZ corridor (Armidale/Tamworth/Dumaresq),Bellambi Heights,408.0,Storage - Battery,Other - Other,Vena Energy,,,,
Bellbay Wind Farm,TAS-NW,high,no_coord_m1_backstop,TAS-NW,high,,,TAS-NW,Tasmania single catchment (NW Transmission Devs + Central Highlands hydro) — single user-specified catchment covers all TAS1 sites,(TAS region),,,,,,,,
Ben Bullen BESS,CWO,medium,agree,CWO,medium,CWO,medium,CWO,Central-West Orana REZ corridor (Elong Elong/Merotherie/Wollar),Ben Bullen,200.0,Storage - Battery,Other - Other,Tetris Energy,,,,
Ben Bullen Solar Farm,CWO,medium,no_coord_m1_backstop,CWO,medium,,,CWO,Central-West Orana REZ corridor (Elong Elong/Merotherie/Wollar),Ben Bullen,,,,,,,,
Ben Bullen Wind Farm,CWO,medium,no_coord_m1_backstop,CWO,medium,,,CWO,Central-West Orana REZ corridor (Elong Elong/Merotherie/Wollar),Ben Bullen,,,,,,,,
Beryl BESS,CWO,medium,no_coord_m1_backstop,CWO,medium,,,CWO,Central-West Orana REZ corridor (Elong Elong/Merotherie/Wollar),Beryl,100.0,Storage - Battery,Other - Other,Ratch-Australia Corporation,,,,
BESS Finley,SW-NSW,medium,no_coord_m1_backstop,SW-NSW,medium,,,SW-NSW,South-West NSW REZ corridor (Buronga/Dinawan/Wagga/PEC),Finley,100.0,Storage - Battery,Other - Other,BESS Finley P/L,,,,
Boiling Down BESS,Unclassified,review,no_coord_m1_backstop,Unclassified,review,,,Unclassified,No rule matched — manual review needed,,260.0,Storage - Battery,Other - Other,Hanwha Energy Australia Pty Ltd,,,,
Cape Winds Offshore Wind Farm,GIP,medium,no_coord_m1_backstop,GIP,medium,,,GIP,Gippsland REZ corridor (Latrobe Valley 500 kV),Cape Winds,1995.0,Wind Turbine - Offshore,Wind - Wind,NeuGen Technology P/L,,,,
Cellars Hill BESS,TAS-NW,high,no_coord_m1_backstop,TAS-NW,high,,,TAS-NW,Tasmania single catchment (NW Transmission Devs + Central Highlands hydro) — single user-specified catchment covers all TAS1 sites,(TAS region),,,,,,,,
Cellars Hill Wind Farm,TAS-NW,high,no_coord_m1_backstop,TAS-NW,high,,,TAS-NW,Tasmania single catchment (NW Transmission Devs + Central Highlands hydro) — single user-specified catchment covers all TAS1 sites,(TAS region),,,,,,,,
Chaff Mill (Mintaro) BESS,MN,medium,no_coord_m1_backstop,MN,medium,,,MN,Mid-North SA REZ corridor (Robertstown/Davenport/Cultana),Mintaro,,,,,,,,
Darlington Wind Farm - GPG,SW-VIC,medium,no_coord_m1_backstop,SW-VIC,medium,,,SW-VIC,South-West Victoria REZ corridor (Mortlake/Moorabool/Heywood),Darlington,360.0,Wind Turbine - Onshore,Wind - Wind,globalpower-generation_NR,,,,
Direk BESS,MN,medium,no_coord_m1_backstop,MN,medium,,,MN,Mid-North SA REZ corridor (Robertstown/Davenport/Cultana),Direk,20.0,Storage - Battery,Other - Other,BESS DIREK PTY LTD,,,,
Dungowan 3000 MWH PHES,NEW,medium,no_coord_m1_backstop,NEW,medium,,,NEW,New England REZ corridor (Armidale/Tamworth/Dumaresq),Dungowan,,,,,,,,
Eastern Rise Offshore Wind,ILW,medium,no_coord_m1_backstop,ILW,medium,,,ILW,Illawarra REZ corridor (Dapto/Avon/Wollongong),Eastern Rise,1725.0,Wind Turbine - Offshore,Wind - Wind,Eastern Rise OWP Project Pty Ltd,,,,
Eraring Big Battery,HCC,high,agree,HCC,high,HCC,high,HCC,Hunter-Central Coast REZ corridor (Bayswater/Eraring/Singleton),Eraring,460.0,Storage - Battery,Other - Other,Origin Energy Electricity Limited,,,,
Forest Glen Solar Farm,Unclassified,review,no_coord_m1_backstop,Unclassified,review,,,Unclassified,No rule matched — manual review needed,,90.0,Solar PV - Single axis tracking,Solar - Solar,X-Elio Roma Hub Solar Farm Pty Ltd,,,,
GEP - NMLLY1,Unclassified,review,no_coord_m1_backstop,Unclassified,review,,,Unclassified,No rule matched — manual review needed,,,,,,,,,
GEP - NWNG2,Unclassified,review,no_coord_m1_backstop,Unclassified,review,,,Unclassified,No rule matched — manual review needed,,,,,,,,,
GEP - SRBE1,Unclassified,review,no_coord_m1_backstop,Unclassified,review,,,Unclassified,No rule matched — manual review needed,,,,,,,,,
GEP - TNTH1,TAS-NW,high,no_coord_m1_backstop,TAS-NW,high,,,TAS-NW,Tasmania single catchment (NW Transmission Devs + Central Highlands hydro) — single user-specified catchment covers all TAS1 sites,(TAS region),,,,,,,,
GEP - TNTH2,TAS-NW,high,no_coord_m1_backstop,TAS-NW,high,,,TAS-NW,Tasmania single catchment (NW Transmission Devs + Central Highlands hydro) — single user-specified catchment covers all TAS1 sites,(TAS region),,,,,,,,
GEP - VAGL1,Unclassified,review,no_coord_m1_backstop,Unclassified,review,,,Unclassified,No rule matched — manual review needed,,,,,,,,,
GEP - VBGL1,Unclassified,review,no_coord_m1_backstop,Unclassified,review,,,Unclassified,No rule matched — manual review needed,,,,,,,,,
GEP - VPTL2,Unclassified,review,no_coord_m1_backstop,Unclassified,review,,,Unclassified,No rule matched — manual review needed,,,,,,,,,
GEP - VSIR3,Unclassified,review,no_coord_m1_backstop,Unclassified,review,,,Unclassified,No rule matched — manual review needed,,,,,,,,,
GEP - VSIR4,Unclassified,review,no_coord_m1_backstop,Unclassified,review,,,Unclassified,No rule matched — manual review needed,,,,,,,,,
Greater Gippsland Offshore Wind Project,GIP,high,no_coord_m1_backstop,GIP,high,,,GIP,Gippsland REZ corridor (Latrobe Valley 500 kV),Gippsland,,,,,,,,
Hobart Show Grounds BESS,TAS-NW,high,no_coord_m1_backstop,TAS-NW,high,,,TAS-NW,Tasmania single catchment (NW Transmission Devs + Central Highlands hydro) — single user-specified catchment covers all TAS1 sites,(TAS region),11.0,Storage - Battery,Other - Other,Gravitas,,,,
Ilford Green Energy Hub,CWO,medium,no_coord_m1_backstop,CWO,medium,,,CWO,Central-West Orana REZ corridor (Elong Elong/Merotherie/Wollar),Ilford,359.98,Solar PV - Single axis tracking,Solar - Solar,brightnightpower_NR,,,,
Kangaroo Hills BESS,Unclassified,review,no_coord_m1_backstop,Unclassified,review,,,Unclassified,No rule matched — manual review needed,,,,,,,,,
Kangaroo Hills Wind Farm,Unclassified,review,no_coord_m1_backstop,Unclassified,review,,,Unclassified,No rule matched — manual review needed,,155.0,Storage - Battery,Wind - Wind,Origin Energy Pty Ltd,,,,
Kerang BESS,MR,high,no_coord_m1_backstop,MR,high,,,MR,Murray River REZ corridor (Kerang/Red Cliffs/PEC western feed),Kerang,103.04,Storage - Battery,Other - Other,Kerang Bess Pty Ltd,,,,
Kerang Hybrid,MR,high,no_coord_m1_backstop,MR,high,,,MR,Murray River REZ corridor (Kerang/Red Cliffs/PEC western feed),Kerang,3.31,Solar PV - Single axis tracking,Solar - Solar,Kerang Power Pty Ltd,,,,
Kurri Kurri Battery,HCC,medium,agree,HCC,medium,HCC,medium,HCC,Hunter-Central Coast REZ corridor (Bayswater/Eraring/Singleton),Kurri Kurri,1200.0,Storage - Battery,Other - Other,CEP Energy,,,,
Lake Bonney Battery Energy Storage,SE-SA,high,agree,SE-SA,medium,SE-SA,high,SE-SA,"South-East SA REZ corridor (Tailem Bend/Tungkillo/Heywood interconnector) — shared keyword across REZs: ['MN', 'SE-SA']; primary assignment based on substation locality",Lake Bonney,25.0,Storage - Battery,Other - Other,Lake Bonney BESS Pty Limited ,,,,
Lionsgate Battery,MN,medium,no_coord_m1_backstop,MN,medium,,,MN,Mid-North SA REZ corridor (Robertstown/Davenport/Cultana),Lionsgate,150.0,Storage - Battery,Other - Other,CEP Energy,,,,
Low Head Wind Farm - Stage 1,TAS-NW,high,no_coord_m1_backstop,TAS-NW,high,,,TAS-NW,Tasmania single catchment (NW Transmission Devs + Central Highlands hydro) — single user-specified catchment covers all TAS1 sites,(TAS region),,,,,,,,
Mannum Solar Farm 2,MN,high,agree,MN,medium,MN,high,MN,Mid-North SA REZ corridor (Robertstown/Davenport/Cultana),Mannum,29.99,Solar PV - Single axis tracking,Solar - Solar,Mannum Stage 2 SubCo Pty Ltd as trustee for the Mannum Stage 2 Unit Trust,,,,
McMahons Reef Solar Farm,SW-NSW,medium,no_coord_m1_backstop,SW-NSW,medium,,,SW-NSW,South-West NSW REZ corridor (Buronga/Dinawan/Wagga/PEC),McMahons Reef,123.2,Solar PV - Single axis tracking,Solar - Solar,Enerparc Australia Pty Ltd,,,,
Melbourne Renewable Energy Hub,WV,high,excluded_m1,Unclassified,review,WV,high,Unclassified,No rule matched — manual review needed,,,,,,,,,
Morgan Battery,RIV,medium,no_coord_m1_backstop,RIV,medium,,,RIV,Riverland REZ corridor (Renmark/Berri/Loxton),Morgan Battery,30.0,Storage - Battery,Other - Other,NEMMCO,,,,
Mt Piper BESS,CWO,medium,no_coord_m1_backstop,CWO,medium,,,CWO,Central-West Orana REZ corridor (Elong Elong/Merotherie/Wollar),Mt Piper,249.9,Storage - Battery,Other - Other,Energy Australia Development Pty Ltd,,,,
Murrurundi Wind Farm,NEW,medium,no_coord_m1_backstop,NEW,medium,,,NEW,New England REZ corridor (Armidale/Tamworth/Dumaresq),Murrurundi,,,,,,,,
Muswellbrook Pumped Hydro,HCC,high,agree,HCC,medium,HCC,high,HCC,Hunter-Central Coast REZ corridor (Bayswater/Eraring/Singleton),Muswellbrook,400.0,Storage - Pumped hydro,Hydro - Water,AGL Energy Limited,,,,
NSW Diverse Battery,Unclassified,review,no_coord_m1_backstop,Unclassified,review,,,Unclassified,No rule matched — manual review needed,,,,,,,,,
Nyaninyuk Wind Farm,SW-VIC,medium,no_coord_m1_backstop,SW-VIC,medium,,,SW-VIC,South-West Victoria REZ corridor (Mortlake/Moorabool/Heywood),Nyaninyuk,302.1,Wind Turbine - Onshore,Wind - Wind,Acciona Energy,,,,
Philip Island Community Energy Storage System,GIP,medium,no_coord_m1_backstop,GIP,medium,,,GIP,Gippsland REZ corridor (Latrobe Valley 500 kV),Philip Island,,,,,,,,
Playford Battery,MN,medium,no_coord_m1_backstop,MN,medium,,,MN,Mid-North SA REZ corridor (Robertstown/Davenport/Cultana),Playford,100.0,Storage - Battery,Other - Other,CFG,,,,
Rangebank BESS,CN-VIC,medium,excluded_m1,Unclassified,review,CN-VIC,medium,Unclassified,No rule matched — manual review needed,,200.0,Storage - Battery,Other - Other,Cranbourne BESS Project Co Pty Ltd,,,,
Red Cliffs Solar & BESS - KCI,MR,high,no_coord_m1_backstop,MR,high,,,MR,Murray River REZ corridor (Kerang/Red Cliffs/PEC western feed),Red Cliffs,,,,,,,,
Ruby Hills North BESS,NEW,medium,no_coord_m1_backstop,NEW,medium,,,NEW,New England REZ corridor (Armidale/Tamworth/Dumaresq),Ruby Hills,48.0,Storage - Battery,Wind - Wind,Walcha Energy Pty Ltd,,,,
Ruby Hills North Wind Farm,NEW,medium,no_coord_m1_backstop,NEW,medium,,,NEW,New England REZ corridor (Armidale/Tamworth/Dumaresq),Ruby Hills,248.0,Wind Turbine - Onshore,Wind - Wind,Origin energy,,,,
Ruby Hills South BESS,NEW,medium,no_coord_m1_backstop,NEW,medium,,,NEW,New England REZ corridor (Armidale/Tamworth/Dumaresq),Ruby Hills,48.0,Storage - Battery,Wind - Wind,Origin Energy Pty Ltd,,,,
Ruby Hills South Wind Farm,NEW,medium,no_coord_m1_backstop,NEW,medium,,,NEW,New England REZ corridor (Armidale/Tamworth/Dumaresq),Ruby Hills,496.0,Wind Turbine - Onshore,Wind - Wind,Origin Energy Pty Ltd,,,,
Salisbury West Solar 450MW,NEW,medium,no_coord_m1_backstop,NEW,medium,,,NEW,New England REZ corridor (Armidale/Tamworth/Dumaresq),Salisbury,,,,,,,,
Sapphire Solar Farm (Submitted via XL),NEW,high,no_coord_m1_backstop,NEW,high,,,NEW,New England REZ corridor (Armidale/Tamworth/Dumaresq),Sapphire,,,,,,,,
Seadragon project,Unclassified,review,no_coord_m1_backstop,Unclassified,review,,,Unclassified,No rule matched — manual review needed,,,,,,,,,
South Pacific Offshore Wind Project,ILW,medium,no_coord_m1_backstop,ILW,medium,,,ILW,Illawarra REZ corridor (Dapto/Avon/Wollongong),South Pacific Offshore,1601.25,Wind Turbine - Offshore,Wind - Wind,South Pacific OWP Project Pty Ltd,,,,
Stoney Creek BESS,SW-NSW,medium,no_coord_m1_backstop,SW-NSW,medium,,,SW-NSW,South-West NSW REZ corridor (Buronga/Dinawan/Wagga/PEC),Stoney Creek,125.0,Storage - Battery,Solar - Solar,Stoney Creek BESS Pty Ltd,,,,
Tabulam BESS,NEW,medium,no_coord_m1_backstop,NEW,medium,,,NEW,New England REZ corridor (Armidale/Tamworth/Dumaresq),Tabulam,120.0,Storage - Battery,Other - Other,Elgin Energy Pty Ltd,,,,
Tabulam Solar Farm,NEW,medium,no_coord_m1_backstop,NEW,medium,,,NEW,New England REZ corridor (Armidale/Tamworth/Dumaresq),Tabulam,126.0,Solar PV - Fixed,Solar - Solar,Elgin Energy Pty Ltd,,,,
Tailem Bend Stage 3,SE-SA,high,agree,SE-SA,high,SE-SA,medium,SE-SA,South-East SA REZ corridor (Tailem Bend/Tungkillo/Heywood interconnector),Tailem Bend,204.0,Storage - Battery,Other - Other,TBSOL,,,,
Tarong BESS,Unclassified,review,no_coord_m1_backstop,Unclassified,review,,,Unclassified,No rule matched — manual review needed,,,,,,,,,
Terang BESS,SW-VIC,medium,no_coord_m1_backstop,SW-VIC,medium,,,SW-VIC,South-West Victoria REZ corridor (Mortlake/Moorabool/Heywood),Terang,144.4,Storage - Battery,Other - Other,frv_NR,,,,
Thunderbolt Wind Farm,NEW,high,agree,NEW,medium,NEW,high,NEW,New England REZ corridor (Armidale/Tamworth/Dumaresq),Thunderbolt,210.0,Wind Turbine - Onshore,Wind - Wind, Neoen Australia Pty Ltd,,,,
Tomago BESS,HCC,high,agree,HCC,high,HCC,high,HCC,Hunter-Central Coast REZ corridor (Bayswater/Eraring/Singleton),Tomago,500.0,Storage - Battery,Other - Other,AGL,,,,
Victorian Big Battery 2,SW-VIC,high,agree,SW-VIC,medium,SW-VIC,high,SW-VIC,South-West Victoria REZ corridor (Mortlake/Moorabool/Heywood),Victorian Big Battery,,,,,,,,
Willavale BESS,SW-NSW,medium,boundary_swap_m1_med_close,CWO,medium,SW-NSW,high,CWO,Central-West Orana REZ corridor (Elong Elong/Merotherie/Wollar),Willavale,300.0,Storage - Battery,Other - Other,X-Elio Willavale Park Trust,,,,
Willavale Solar Farm,CWO,medium,no_coord_m1_backstop,CWO,medium,,,CWO,Central-West Orana REZ corridor (Elong Elong/Merotherie/Wollar),Willavale,50.0,Solar PV - Fixed,Solar - Solar,X-Elio Australia Pty Ltd,,,,
Blue Mackerel North Off Shore Wind Farm,GIP,medium,no_coord_m1_backstop,GIP,medium,,,GIP,Gippsland REZ corridor (Latrobe Valley 500 kV),Blue Mackerel North,1819.0,Wind Turbine - Offshore,Wind - Wind,Arup Australia Pty Ltd,,,,
Bullawah Wind Farm – Stage 1,SW-NSW,medium,no_coord_m1_backstop,SW-NSW,medium,,,SW-NSW,South-West NSW REZ corridor (Buronga/Dinawan/Wagga/PEC),Bullawah,313.5,Wind Turbine - Onshore,Wind - Wind,Bullawah Wind Farm Pty Ltd,,,,
Bundey Energy Hub Battery Energy Storage A,MN,high,agree,MN,high,MN,high,MN,Mid-North SA REZ corridor (Robertstown/Davenport/Cultana),Bundey,,,,,,,,
Burrawong BESS – Stage 2,Unclassified,review,no_coord_m1_backstop,Unclassified,review,,,Unclassified,No rule matched — manual review needed,,,,,,,,,
Burrawong Wind Farm – Stage 1,Unclassified,review,no_coord_m1_backstop,Unclassified,review,,,Unclassified,No rule matched — manual review needed,,,,,,,,,
Burrawong Wind Farm – Stage 2,Unclassified,review,no_coord_m1_backstop,Unclassified,review,,,Unclassified,No rule matched — manual review needed,,,,,,,,,
Burrawong Wind Farm BESS – Stage 1,Unclassified,review,no_coord_m1_backstop,Unclassified,review,,,Unclassified,No rule matched — manual review needed,,,,,,,,,
Cimitiere Plains Solar Farm,TAS-NW,high,no_coord_m1_backstop,TAS-NW,high,,,TAS-NW,Tasmania single catchment (NW Transmission Devs + Central Highlands hydro) — single user-specified catchment covers all TAS1 sites,(TAS region),288.12,Solar PV - Fixed,Solar - Solar,Sun Spot 9 Pty Ltd,,,,
Deal 1 (West) Off Shore Wind Farm,GIP,medium,no_coord_m1_backstop,GIP,medium,,,GIP,Gippsland REZ corridor (Latrobe Valley 500 kV),Deal 1,2970.0,Wind Turbine - Offshore,Wind - Wind,BayWa r.e. Australia Offshore Wind Projects 1 Pty Ltd,,,,
Deal 2 (East) Off Shore Wind Farm,GIP,medium,no_coord_m1_backstop,GIP,medium,,,GIP,Gippsland REZ corridor (Latrobe Valley 500 kV),Deal 2,2968.0,Wind Turbine - Offshore,Wind - Wind,BayWa r.e. Australia Offshore Wind Projects 2 Pty Ltd,,,,
Derby Solar Farm,Unclassified,review,no_coord_m1_backstop,Unclassified,review,,,Unclassified,No rule matched — manual review needed,,,,,,,,,
Elaine BESS,WV,medium,no_coord_m1_backstop,WV,medium,,,WV,Western Victoria REZ corridor (Bulgana/Ararat/WRL),Elaine,311.14,Storage - Battery,Other - Other,Elaine ProjectCo Pty Ltd,,,,
Emeroo BESS,EYR,medium,no_coord_m1_backstop,EYR,medium,,,EYR,EYR,Emeroo,61.46,Storage - Battery,Other - Other,Potentia Energy Group Pty Ltd,,,,
Golden Plains BESS,SW-VIC,medium,no_coord_m1_backstop,SW-VIC,medium,,,SW-VIC,South-West Victoria REZ corridor (Mortlake/Moorabool/Heywood),Golden Plains,150.0,Storage - Battery,Other - Other,Tag Energy Australia P/L,,,,
Goorambat BESS (Lighthouse),CN-VIC,medium,agree,CN-VIC,medium,CN-VIC,medium,CN-VIC,Central North Victoria REZ corridor (Bendigo/Shepparton),Goorambat,800.0,Storage - Battery,Other - Other,Lightsource Development Services Australia,,,,
Hume Bess (ARIF),SW-NSW,medium,no_coord_m1_backstop,SW-NSW,medium,,,SW-NSW,South-West NSW REZ corridor (Buronga/Dinawan/Wagga/PEC),Hume,75.0,Storage - Battery,Other - Other,The Trustee for the ARIF Hume BESS Holdings Trust,,,,
Jindera Solar Farm,SW-NSW,medium,no_coord_m1_backstop,SW-NSW,medium,,,SW-NSW,South-West NSW REZ corridor (Buronga/Dinawan/Wagga/PEC),Jindera,120.08,Solar PV - Fixed,Solar - Solar,Jindera Solar Farm Pty Ltd,,,,
Maules Creek BESS,NEW,medium,no_coord_m1_backstop,NEW,medium,,,NEW,New England REZ corridor (Armidale/Tamworth/Dumaresq),Maules Creek,81.0,Storage - Battery,Other - Other,FRV Services Australia Pty Ltd,,,,
Maules Creek Solar Farm,NEW,medium,no_coord_m1_backstop,NEW,medium,,,NEW,New England REZ corridor (Armidale/Tamworth/Dumaresq),Maules Creek,63.0,Solar PV - Fixed,Solar - Solar,FRV Services Australia Pty Ltd,,,,
Mobilong BESS,SE-SA,medium,no_coord_m1_backstop,SE-SA,medium,,,SE-SA,South-East SA REZ corridor (Tailem Bend/Tungkillo/Heywood interconnector),Mobilong,180.16,Storage - Battery,Other - Other,Mobilong ProjectCo Pty Ltd,,,,
Morgan Solar,MN,medium,agree,MN,review,MN,medium,MN,"Mid-North SA REZ corridor (Robertstown/Davenport/Cultana) — shared keyword across REZs: ['MN', 'RIV']; primary assignment based on substation locality",Morgan Solar,108.0,Solar PV - Fixed,Solar - Solar,Green Gold Energy Pty Ltd,,,,
Muswellbrook PRO BESS,HCC,high,agree,HCC,medium,HCC,high,HCC,Hunter-Central Coast REZ corridor (Bayswater/Eraring/Singleton),Muswellbrook,400.0,Storage - Battery,Other - Other,Penso Power Australia P/L,,,,
Myrtle Creek Solar Farm,Unclassified,review,no_coord_m1_backstop,Unclassified,review,,,Unclassified,No rule matched — manual review needed,,,,,,,,,
Pacific Green Energy Park - Limestone Coast North,SE-SA,high,agree,SE-SA,medium,SE-SA,high,SE-SA,South-East SA REZ corridor (Tailem Bend/Tungkillo/Heywood interconnector),Limestone Coast,250.0,Storage - Battery,Other - Other,Pacific Green,,,,
Pacific Green Energy Park - Limestone Coast West,SE-SA,high,agree,SE-SA,medium,SE-SA,high,SE-SA,South-East SA REZ corridor (Tailem Bend/Tungkillo/Heywood interconnector),Limestone Coast,250.0,Storage - Battery,Other - Other,Pacific Green,,,,
Pacific Green Energy Park – Portland,SW-VIC,high,no_coord_m1_backstop,SW-VIC,high,,,SW-VIC,South-West Victoria REZ corridor (Mortlake/Moorabool/Heywood),Portland,960.0,Storage - Battery,Other - Other,Pacific Green Energy Park Cascade Trust,,,,
Peninsula Solar Farm,Unclassified,review,no_coord_m1_backstop,Unclassified,review,,,Unclassified,No rule matched — manual review needed,,,,,,,,,
Philip Island BESS,GIP,medium,no_coord_m1_backstop,GIP,medium,,,GIP,Gippsland REZ corridor (Latrobe Valley 500 kV),Philip Island,5.0,Storage - Battery,Other - Other,Mondo Power,,,,
Phoenix Pumped Hydro Project,CWO,review,boundary_swap_m1_med_far,NEW,medium,CWO,medium,NEW,New England REZ corridor (Armidale/Tamworth/Dumaresq),Phoenix Pumped Hydro,810.0,Storage - Pumped hydro,Hydro - Water,ACEN Phoenix Pty Ltd,,,,
Quorn Park Hybrid,Unclassified,review,no_coord_m1_backstop,Unclassified,review,,,Unclassified,No rule matched — manual review needed,,,,,,,,,
Richmond Valley Solar Farm,NEW,review,excluded_m1,Unclassified,review,NEW,review,Unclassified,No rule matched — manual review needed,,252.0,Solar PV - Single axis tracking,Solar - Solar,ARK ENERGY CORPORATION PTY LTD ,,,,
Robertstown Solar Farm,MN,high,no_coord_m1_backstop,MN,high,,,MN,Mid-North SA REZ corridor (Robertstown/Davenport/Cultana),Robertstown,,,,,,,,
Romani BESS,NEW,medium,no_coord_m1_backstop,NEW,medium,,,NEW,New England REZ corridor (Armidale/Tamworth/Dumaresq),Romani,216.0,Storage - Battery,Other - Other,Samsung C&T Renewable Energy Australia Pty Ltd,,,,
Romani Solar Farm,NEW,medium,no_coord_m1_backstop,NEW,medium,,,NEW,New England REZ corridor (Armidale/Tamworth/Dumaresq),Romani,302.4,Solar PV - Single axis tracking,Solar - Solar,Samsung C&T Renewable Energy Australia Pty Ltd,,,,
Seadragon offshore wind project,Unclassified,review,no_coord_m1_backstop,Unclassified,review,,,Unclassified,No rule matched — manual review needed,,,,,,,,,
Seaspray Off Shore Wind Farm,GIP,medium,no_coord_m1_backstop,GIP,medium,,,GIP,Gippsland REZ corridor (Latrobe Valley 500 kV),Seaspray,3000.0,Wind Turbine - Offshore,Wind - Wind,BayWa r.e. Australia Offshore Wind Projects 3 Pty Ltd,,,,
Solar River Solar And BESS Project,MN,medium,no_coord_m1_backstop,MN,medium,,,MN,Mid-North SA REZ corridor (Robertstown/Davenport/Cultana),Solar River,255.76,Solar PV - Single axis tracking,Solar - Solar,Zen Energy Retail Pty Ltd,,,,
Sunraysia BESS,SW-NSW,medium,no_coord_m1_backstop,SW-NSW,medium,,,SW-NSW,South-West NSW REZ corridor (Buronga/Dinawan/Wagga/PEC),Sunraysia,,,,,,,,
Tamworth BESS - Gmr Energy,NEW,high,agree,NEW,high,NEW,high,NEW,New England REZ corridor (Armidale/Tamworth/Dumaresq),Tamworth,,,,,,,,
Vineyard BESS,Unclassified,review,no_coord_m1_backstop,Unclassified,review,,,Unclassified,No rule matched — manual review needed,,200.0,Storage - Battery,Other - Other,Global Power Generation Australia Pty Ltd,,,,
VS1 Solar Farm,Unclassified,review,no_coord_m1_backstop,Unclassified,review,,,Unclassified,No rule matched — manual review needed,,,,,,,,,
Wesley Vale Solar Farm,TAS-NW,high,no_coord_m1_backstop,TAS-NW,high,,,TAS-NW,Tasmania single catchment (NW Transmission Devs + Central Highlands hydro) — single user-specified catchment covers all TAS1 sites,(TAS region),,,,,,,,
West Mokoan BESS,CN-VIC,high,agree,CN-VIC,medium,CN-VIC,high,CN-VIC,Central North Victoria REZ corridor (Bendigo/Shepparton),West Mokoan,,,,,,,,
Williamsdale BESS,ILW,medium,no_coord_m1_backstop,ILW,medium,,,ILW,Illawarra REZ corridor (Dapto/Avon/Wollongong),Williamsdale,250.0,Storage - Battery,Other - Other,EKU Energy,,,,
Armidale BESS,NEW,high,no_coord_m1_backstop,NEW,high,,,NEW,New England REZ corridor (Armidale/Tamworth/Dumaresq),Armidale,150.0,Storage - Battery,Other - Other,Armidale BESS Project Pty Ltd,,,,
Armidale Big BESS,NEW,high,no_coord_m1_backstop,NEW,high,,,NEW,New England REZ corridor (Armidale/Tamworth/Dumaresq),Armidale,,,,,,,,
Baldon Wind Farm Stage 2,SW-NSW,medium,no_coord_m1_backstop,SW-NSW,medium,,,SW-NSW,South-West NSW REZ corridor (Buronga/Dinawan/Wagga/PEC),Baldon,1040.0,Wind Turbine - Onshore,Wind - Wind,Baldon Wind Farm Pty Ltd,,,,
Baldon Wind Farm Stage 2 - BESS,SW-NSW,medium,no_coord_m1_backstop,SW-NSW,medium,,,SW-NSW,South-West NSW REZ corridor (Buronga/Dinawan/Wagga/PEC),Baldon,500.0,Storage - Battery,Other - Other,Baldon Wind Farm Pty Ltd,,,,
Bannaby BESS,ILW,medium,agree,ILW,medium,ILW,medium,ILW,Illawarra REZ corridor (Dapto/Avon/Wollongong),Bannaby,700.0,Storage - Battery,Other - Other,Penso Power Australia Pty Ltd.,,,,
Bellbay Wind Farm (Low Heads Wind Farm Stage 2),TAS-NW,high,no_coord_m1_backstop,TAS-NW,high,,,TAS-NW,Tasmania single catchment (NW Transmission Devs + Central Highlands hydro) — single user-specified catchment covers all TAS1 sites,(TAS region),224.0,Wind Turbine - Onshore,Wind - Wind,The Trustee for Equis Wind (Australia) LHWF2 Asset Trust,,,,
Bennetts Creek BESS,GIP,medium,no_coord_m1_backstop,GIP,medium,,,GIP,Gippsland REZ corridor (Latrobe Valley 500 kV),Bennetts Creek,100.0,Storage - Battery,Other - Other,Bennetts Creek Energy Project Pty Ltd in its capacity as Trustee for the Bennetts Creek Energy Project Trust,,,,
Blanche BESS - KCI,SE-SA,medium,no_coord_m1_backstop,SE-SA,medium,,,SE-SA,South-East SA REZ corridor (Tailem Bend/Tungkillo/Heywood interconnector),Blanche,128.0,Storage - Battery,Other - Other,Blanche BESS Pty Ltd as trustee for Blanche BESS Trust,,,,
Bookaar Solar Farm,SW-VIC,review,boundary_swap_m1_med_far,WV,medium,SW-VIC,medium,WV,Western Victoria REZ corridor (Bulgana/Ararat/WRL),Bookaar,230.0,Solar PV - Fixed,Solar - Solar,Bookaar Renewables Pty ltd ,,,,
Boulka Park BESS,MR,medium,no_coord_m1_backstop,MR,medium,,,MR,Murray River REZ corridor (Kerang/Red Cliffs/PEC western feed),Boulka Park,250.0,Storage - Battery,Other - Other,The Trustee for X-ELIO BOULKA PARK TRUST,,,,
Brinkworth BESS,MN,medium,no_coord_m1_backstop,MN,medium,,,MN,Mid-North SA REZ corridor (Robertstown/Davenport/Cultana),Brinkworth,249.98,Storage - Battery,Other - Other,Brinkworth Solar Farm Pty Ltd,,,,
Bundey BESS and Solar Project,MN,high,agree,MN,high,MN,high,MN,Mid-North SA REZ corridor (Robertstown/Davenport/Cultana),Bundey,600.0,Solar PV - Fixed,Solar - Solar,Genaspi Energy Group Pty Ltd,,,,
Bundy Energy Hub A (BESS),MN,high,agree,MN,medium,MN,high,MN,Mid-North SA REZ corridor (Robertstown/Davenport/Cultana),Bundy Energy Hub,250.0,Storage - Battery,Other - Other,Syn-Co Global,,,,
Bundy Energy Hub B (BESS),MN,high,agree,MN,medium,MN,high,MN,Mid-North SA REZ corridor (Robertstown/Davenport/Cultana),Bundy Energy Hub,250.0,Storage - Battery,Other - Other,SynCo Global,,,,
Bungala Three Battery Energy Storage System,MN,high,agree,MN,medium,MN,high,MN,Mid-North SA REZ corridor (Robertstown/Davenport/Cultana),Bungala,,,,,,,,
Bungama BESS (ARENA ),MN,high,agree,MN,high,MN,medium,MN,Mid-North SA REZ corridor (Robertstown/Davenport/Cultana),Bungama,200.0,Storage - Battery,Other - Other,Bungama Bess Trust,,,,
Bushranger Hybrid Facility - Battery,SW-NSW,medium,no_coord_m1_backstop,SW-NSW,medium,,,SW-NSW,South-West NSW REZ corridor (Buronga/Dinawan/Wagga/PEC),Bushranger,,,,,,,,
Bushranger Hybrid Facility - Solar,SW-NSW,medium,no_coord_m1_backstop,SW-NSW,medium,,,SW-NSW,South-West NSW REZ corridor (Buronga/Dinawan/Wagga/PEC),Bushranger,300.33,Solar PV - Fixed,Solar - Solar,SynCo Global,,,,
Calala Battery Energy Storage System 1 (CABESS1),NEW,medium,no_coord_m1_backstop,NEW,medium,,,NEW,New England REZ corridor (Armidale/Tamworth/Dumaresq),Calala,100.0,Storage - Battery,Other - Other,EquisEquis Energy (Australia) Projects (Ngumi 4) Pty Ltd,,,,
Calala Battery Energy Storage System 2 (CABESS2),NEW,medium,no_coord_m1_backstop,NEW,medium,,,NEW,New England REZ corridor (Armidale/Tamworth/Dumaresq),Calala,150.0,Storage - Battery,Other - Other,EquisEquis Energy (Australia) Projects (Ngumi 4) Pty Ltd,,,,
Canyonleigh BESS,ILW,high,agree,ILW,medium,ILW,high,ILW,Illawarra REZ corridor (Dapto/Avon/Wollongong),Canyonleigh,300.0,Storage - Battery,Other - Other,X-Elio Australia Pty Ltd,,,,
Carmody BESS,Unclassified,review,no_coord_m1_backstop,Unclassified,review,,,Unclassified,No rule matched — manual review needed,,,,,,,,,
Cooma BESS (ACEN),SW-NSW,medium,no_coord_m1_backstop,SW-NSW,medium,,,SW-NSW,South-West NSW REZ corridor (Buronga/Dinawan/Wagga/PEC),Cooma,,,,,,,,
Cooma Solar Farm (ACEN),SW-NSW,medium,no_coord_m1_backstop,SW-NSW,medium,,,SW-NSW,South-West NSW REZ corridor (Buronga/Dinawan/Wagga/PEC),Cooma,,,,,,,,
Corop BESS,CN-VIC,medium,agree,CN-VIC,medium,CN-VIC,medium,CN-VIC,Central North Victoria REZ corridor (Bendigo/Shepparton),Corop,400.0,Storage - Battery,Other - Other,Leeson Solar Pty Ltd.,,,,
Corop Solar Farm,CN-VIC,medium,agree,CN-VIC,medium,CN-VIC,medium,CN-VIC,Central North Victoria REZ corridor (Bendigo/Shepparton),Corop,400.0,Solar PV - Fixed,Solar - Solar,Leeson Solar Pty Ltd.,,,,
Culcairn Solar Farm,SW-NSW,high,agree,SW-NSW,medium,SW-NSW,high,SW-NSW,South-West NSW REZ corridor (Buronga/Dinawan/Wagga/PEC),Culcairn,349.98,Solar PV - Single axis tracking,Solar - Solar,Culcairn Solar Farm Pty Ltd as trustee for Culcairn Solar Farm Trust,,,,
Davenport BESS,MN,high,agree,MN,medium,MN,high,MN,"Mid-North SA REZ corridor (Robertstown/Davenport/Cultana) — shared keyword across REZs: ['EYR', 'MN']; primary assignment based on substation locality",Davenport,270.0,Storage - Battery,Other - Other,Green Gold Energy Pty Ltd,,,,
Dederang BESS (Trina),CN-VIC,high,agree,CN-VIC,medium,CN-VIC,high,CN-VIC,Central North Victoria REZ corridor (Bendigo/Shepparton),Dederang,,,,,,,,
Dederang Big BESS - KCI,CN-VIC,high,agree,CN-VIC,medium,CN-VIC,high,CN-VIC,Central North Victoria REZ corridor (Bendigo/Shepparton),Dederang,,,,,,,,
Deniliquin East BESS,SW-NSW,medium,no_coord_m1_backstop,SW-NSW,medium,,,SW-NSW,South-West NSW REZ corridor (Buronga/Dinawan/Wagga/PEC),Deniliquin,100.0,Storage - Battery,Other - Other,BESS Arctic Pty Ltd,,,,
Denman BESS - KCI,HCC,medium,no_coord_m1_backstop,HCC,medium,,,HCC,Hunter-Central Coast REZ corridor (Bayswater/Eraring/Singleton),Denman,2402.4,Storage - Battery,Other - Other,NEMMCOM Renewables Australia Developments Pty Ltd,,,,
Edderton Hybrid Faciility - Solar,NEW,medium,no_coord_m1_backstop,NEW,medium,,,NEW,New England REZ corridor (Armidale/Tamworth/Dumaresq),Edderton,350.28,Solar PV - Fixed,Solar - Solar,Voltere Pty Ltd.,,,,
Edderton Hybrid Facility - BESS,HCC,medium,boundary_swap_m1_med_close,NEW,medium,HCC,high,NEW,New England REZ corridor (Armidale/Tamworth/Dumaresq),Edderton,350.0,Storage - Battery,Other - Other,Voltere Pty Ltd.,,,,
Forbes Solar Farm & BESS,CWO,medium,no_coord_m1_backstop,CWO,medium,,,CWO,Central-West Orana REZ corridor (Elong Elong/Merotherie/Wollar),Forbes,4.6,Solar PV - Single axis tracking,Solar - Solar, Forbes Solar Farm Pty Ltd ATF Forbes Genesis Project Trust,,,,
Galore Hybrid Facility - Battery,Unclassified,review,no_coord_m1_backstop,Unclassified,review,,,Unclassified,No rule matched — manual review needed,,,,,,,,,
Galore Hybrid Facility - Solar,Unclassified,review,no_coord_m1_backstop,Unclassified,review,,,Unclassified,No rule matched — manual review needed,,,,,,,,,
Gerogery Battery - KCI,SW-NSW,medium,no_coord_m1_backstop,SW-NSW,medium,,,SW-NSW,South-West NSW REZ corridor (Buronga/Dinawan/Wagga/PEC),Gerogery,125.06,Storage - Battery,Other - Other,Elgin Energy Pty Ltd,,,,
Gerogery Solar Farm - KCI,SW-NSW,medium,no_coord_m1_backstop,SW-NSW,medium,,,SW-NSW,South-West NSW REZ corridor (Buronga/Dinawan/Wagga/PEC),Gerogery,125.12,Solar PV - Fixed,Solar - Solar,Elgin Energy Pty Ltd,,,,
Glen Inness BESS - KCI,NEW,medium,no_coord_m1_backstop,NEW,medium,,,NEW,New England REZ corridor (Armidale/Tamworth/Dumaresq),Glen Innes,152.0,Storage - Battery,Other - Other,FIrm Power P/L,,,,
Grahamvale BESS - KCI,CN-VIC,medium,no_coord_m1_backstop,CN-VIC,medium,,,CN-VIC,Central North Victoria REZ corridor (Bendigo/Shepparton),Grahamvale,100.0,Storage - Battery,Other - Other,AE BESS 3 Pty Ltd as Trustee for AE BESS 3 Unit Trust,,,,
Great Lakes Battery,TAS-NW,high,no_coord_m1_backstop,TAS-NW,high,,,TAS-NW,Tasmania single catchment (NW Transmission Devs + Central Highlands hydro) — single user-specified catchment covers all TAS1 sites,(TAS region),100.0,Storage - Battery,Other - Other,Neoen Australia Pty Ltd,,,,
Green Hydrogen Power Station,Unclassified,review,no_coord_m1_backstop,Unclassified,review,,,Unclassified,No rule matched — manual review needed,,,,,,,,,
Gunnedah East BESS (Green Leap) - KCI,NEW,medium,no_coord_m1_backstop,NEW,medium,,,NEW,New England REZ corridor (Armidale/Tamworth/Dumaresq),Gunnedah,100.0,Storage - Battery,Other - Other,Green Leap P/L,,,,
Hallett BESS,MN,high,no_coord_m1_backstop,MN,high,,,MN,Mid-North SA REZ corridor (Robertstown/Davenport/Cultana),Hallett,50.0,Storage - Battery,Other - Other,EnergyAustralia Hallett Pty Ltd,,,,
Halys BESS (X-Elio),WV,medium,no_coord_m1_backstop,WV,medium,,,WV,Western Victoria REZ corridor (Bulgana/Ararat/WRL),Halys,300.0,Storage - Battery,Other - Other,X-Elio Australia Pty Ltd,,,,
Hollow Tree Wind Farm,TAS-NW,high,no_coord_m1_backstop,TAS-NW,high,,,TAS-NW,Tasmania single catchment (NW Transmission Devs + Central Highlands hydro) — single user-specified catchment covers all TAS1 sites,(TAS region),421.2,Wind Turbine - Onshore,Wind - Wind,Goldwind Australia,,,,
Horsham  BESS,WV,medium,no_coord_m1_backstop,WV,medium,,,WV,Western Victoria REZ corridor (Bulgana/Ararat/WRL),Horsham,,,,,,,,
Hunter Central Coast Offshore Energy (Wind),HCC,medium,no_coord_m1_backstop,HCC,medium,,,HCC,Hunter-Central Coast REZ corridor (Bayswater/Eraring/Singleton),Central Coast,1400.0,Wind Turbine - Offshore,Wind - Wind,Energy Estate,,,,
Hydrogen Jobs Plan,Unclassified,review,no_coord_m1_backstop,Unclassified,review,,,Unclassified,No rule matched — manual review needed,,,,,,,,,
Jeremiah Wind Farm,NEW,medium,no_coord_m1_backstop,NEW,medium,,,NEW,New England REZ corridor (Armidale/Tamworth/Dumaresq),Jeremiah,288.0,Wind Turbine - Onshore,Wind - Wind,Squadron Energy Services Pty Ltd,,,,
Junction Rivers BESS – Stage 1,CWO,medium,no_coord_m1_backstop,CWO,medium,,,CWO,Central-West Orana REZ corridor (Elong Elong/Merotherie/Wollar),Junction Rivers,,,,,,,,
Junction Rivers BESS – Stage 2,CWO,medium,no_coord_m1_backstop,CWO,medium,,,CWO,Central-West Orana REZ corridor (Elong Elong/Merotherie/Wollar),Junction Rivers,,,,,,,,
Junction Rivers Wind Farm – Stage 1,CWO,medium,no_coord_m1_backstop,CWO,medium,,,CWO,Central-West Orana REZ corridor (Elong Elong/Merotherie/Wollar),Junction Rivers,,,,,,,,
Junction Rivers Wind Farm – Stage 2,CWO,medium,no_coord_m1_backstop,CWO,medium,,,CWO,Central-West Orana REZ corridor (Elong Elong/Merotherie/Wollar),Junction Rivers,,,,,,,,
Kings Plain Wind Farm,NEW,medium,no_coord_m1_backstop,NEW,medium,,,NEW,New England REZ corridor (Armidale/Tamworth/Dumaresq),Kings Plain,399.61,Wind Turbine - Onshore,Wind - Wind,Enerfin Energy Services Pty Ltd.,,,,
Kingswood BESS,NEW,high,corridor_misread_m2,SW-NSW,medium,NEW,high,SW-NSW,South-West NSW REZ corridor (Buronga/Dinawan/Wagga/PEC),Kingswood,250.0,Storage - Battery,Other - Other,Iberdrola Australia Development Pty Ltd.,,,,
Koolunga Battery Energy Storage System 1,MN,medium,no_coord_m1_backstop,MN,medium,,,MN,Mid-North SA REZ corridor (Robertstown/Davenport/Cultana),Koolunga,100.0,Storage - Battery,Other - Other,Equis Energy (Australia) Projects (Ngumi 6) Pty Ltd as trustee for the Equis Energy (Australia) Ngumi 6 Asset Trust,,,,
Koolunga Battery Energy Storage System 2,MN,medium,no_coord_m1_backstop,MN,medium,,,MN,Mid-North SA REZ corridor (Robertstown/Davenport/Cultana),Koolunga,100.0,Storage - Battery,Other - Other,Equis Energy (Australia) Projects (Ngumi 6) Pty Ltd as trustee for the Equis Energy (Australia) Ngumi 6 Asset Trust,,,,
Kyabram Wind Farm,MR,high,excluded_m1,Unclassified,review,MR,high,Unclassified,No rule matched — manual review needed,,,,,,,,,
Lambruk Solar Farm,CWO,medium,no_coord_m1_backstop,CWO,medium,,,CWO,Central-West Orana REZ corridor (Elong Elong/Merotherie/Wollar),Lambruk,,,,,,,,
Lancaster Solar Farm,CN-VIC,medium,no_coord_m1_backstop,CN-VIC,medium,,,CN-VIC,Central North Victoria REZ corridor (Bendigo/Shepparton),Lancaster,80.04,Solar PV - Single axis tracking,Solar - Solar,Lancaster Solar Farm Pty Ltd as trustee for the Lancaster Solar Farm Trust,,,,
Learmonth BESS,WV,high,agree,WV,medium,WV,high,WV,Western Victoria REZ corridor (Bulgana/Ararat/WRL),Learmonth,268.0,Storage - Battery,Other - Other,The Trustee for Learmonth BESS Holdings Unit Trust,,,,
Liddell Solar Farm - KCI,HCC,high,agree,HCC,high,HCC,high,HCC,Hunter-Central Coast REZ corridor (Bayswater/Eraring/Singleton),Liddell,,,,,,,,
Lockhart Hybrid Facility - Battery,SW-NSW,medium,no_coord_m1_backstop,SW-NSW,medium,,,SW-NSW,South-West NSW REZ corridor (Buronga/Dinawan/Wagga/PEC),Lockhart,10.0,Storage - Battery,Solar - Solar,Better Energy Technology Pty Ltd,,,,
Lockhart Hybrid Facility - Solar,SW-NSW,medium,no_coord_m1_backstop,SW-NSW,medium,,,SW-NSW,South-West NSW REZ corridor (Buronga/Dinawan/Wagga/PEC),Lockhart,10.0,Solar PV - Single axis tracking,Solar - Solar,Better Energy Technology Pty Ltd,,,,
Loy Yang B Power Station - BESS Stage 1 - KCI,GIP,high,agree,GIP,high,GIP,high,GIP,Gippsland REZ corridor (Latrobe Valley 500 kV),Loy Yang,250.0,Storage - Battery,Other - Other,Alinta Energy Clean Energy Development Pty Ltd,,,,
Maison Dieu Solar Farm,HCC,medium,no_coord_m1_backstop,HCC,medium,,,HCC,Hunter-Central Coast REZ corridor (Bayswater/Eraring/Singleton),Maison Dieu,76.82,Solar PV - Fixed,Solar - Solar,Terrain Solar,,,,
Marulan Solar Farm,ILW,medium,no_coord_m1_backstop,ILW,medium,,,ILW,Illawarra REZ corridor (Dapto/Avon/Wollongong),Marulan,207.2,Solar PV - Dual axis tracking,Solar - Solar,Marulan Solar Farm Pty Ltd,,,,
Melbourne Grid Battery - KCI,Unclassified,review,no_coord_m1_backstop,Unclassified,review,,,Unclassified,No rule matched — manual review needed,,0.0,Storage - Battery,Other - Other,Lumea,,,,
Melbourne Renewable Energy Hub - Side A,WV,high,excluded_m1,Unclassified,review,WV,high,Unclassified,No rule matched — manual review needed,,600.0,Storage - Battery,Other - Other,MREH Pty Ltd as trustee for MREH Asset Trust,,,,
Melbourne Renewable Energy Hub - Side B,WV,high,excluded_m1,Unclassified,review,WV,high,Unclassified,No rule matched — manual review needed,,600.0,Storage - Battery,Other - Other,MREH Pty Ltd as trustee for MREH Asset Trust,,,,
Merriwa BESS 1,HCC,medium,agree,HCC,medium,HCC,medium,HCC,Hunter-Central Coast REZ corridor (Bayswater/Eraring/Singleton),Merriwa,,,,,,,,
MNC000116 - Dubbo Firming Power Station,CWO,medium,no_coord_m1_backstop,CWO,medium,,,CWO,Central-West Orana REZ corridor (Elong Elong/Merotherie/Wollar),Dubbo,57.0,Other - Other,Fossil - Natural Gas,Squadron Energy Services Pty Ltd,,,,
Moorabool BESS,SW-VIC,high,agree,SW-VIC,high,SW-VIC,high,SW-VIC,South-West Victoria REZ corridor (Mortlake/Moorabool/Heywood),Moorabool,300.0,Storage - Battery,Other - Other,Neoen Australia Pty Ltd,,,,
Moree BESS,NEW,medium,no_coord_m1_backstop,NEW,medium,,,NEW,New England REZ corridor (Armidale/Tamworth/Dumaresq),Moree,120.0,Storage - Battery,Other - Other,AE BESS 2 PTY LTD AS TRUSTEE FOR AE BESS 2 UNIT TRUST ,,,,
Moreton Hill Wind Farm,SW-VIC,medium,no_coord_m1_backstop,SW-VIC,medium,,,SW-VIC,South-West Victoria REZ corridor (Mortlake/Moorabool/Heywood),Moreton Hill,387.6,Wind Turbine - Onshore,Wind - Wind,Moreton Hill Wind Farm Nominees Pty Ltd,,,,
Morgan Long Duration Energy Storage - KCI,RIV,medium,no_coord_m1_backstop,RIV,medium,,,RIV,Riverland REZ corridor (Renmark/Berri/Loxton),Morgan Long Duration,40.0,Storage - Battery,Other - Other,Origin Energy,,,,
Morundah Battery Storage,SW-NSW,medium,no_coord_m1_backstop,SW-NSW,medium,,,SW-NSW,South-West NSW REZ corridor (Buronga/Dinawan/Wagga/PEC),Morundah,300.0,Storage - Battery,Solar - Solar,Photon Energy Engineering Australia Pty Ltd.,,,,
Morundah Solar Power Plant (Thermal),SW-NSW,medium,no_coord_m1_backstop,SW-NSW,medium,,,SW-NSW,South-West NSW REZ corridor (Buronga/Dinawan/Wagga/PEC),Morundah,600.0,Solar Thermal - Central collector,Solar - Solar,Photon Energy Engineering Australia Pty Ltd.,,,,
Morwell BESS,GIP,medium,no_coord_m1_backstop,GIP,medium,,,GIP,Gippsland REZ corridor (Latrobe Valley 500 kV),Morwell,784.8,Storage - Battery,Other - Other,ACE Power Development 2 Pty Ltd,,,,
Mount Fyans Wind Farm 2.0,SW-VIC,high,agree,SW-VIC,medium,SW-VIC,high,SW-VIC,South-West Victoria REZ corridor (Mortlake/Moorabool/Heywood),Mount Fyans,750.0,Storage - Battery,Other - Other,Woolnorth Wing Farm Holding Pty Ltd,,,,
Mt Doran BESS,WV,high,agree,WV,medium,WV,high,WV,Western Victoria REZ corridor (Bulgana/Ararat/WRL),Mt Doran,200.0,Storage - Battery,Other - Other,Iberdrola Australia Development Pty Ltd,,,,
Murrumburrah BESS - KCI,SW-NSW,medium,no_coord_m1_backstop,SW-NSW,medium,,,SW-NSW,South-West NSW REZ corridor (Buronga/Dinawan/Wagga/PEC),Murrumburrah,152.0,Storage - Battery,Other - Other,FIrm Power P/L,,,,
Narrabri Solar Farm & BESS,NEW,medium,no_coord_m1_backstop,NEW,medium,,,NEW,New England REZ corridor (Armidale/Tamworth/Dumaresq),Narrabri,,,,,,,,
Nonowie Wind Farm,MN,review,nonowie_manual,SW-NSW,medium,MN,review,SW-NSW,South-West NSW REZ corridor (Buronga/Dinawan/Wagga/PEC),Nonowie,1015.0,Wind Turbine - Onshore,Wind - Wind,Tilt Renewables Australia Pty Ltd,,,,panel region NSW1 vs actual SA location; region-aware join → MN
Orsted Gippsland A&B Windfarm,GIP,high,no_coord_m1_backstop,GIP,high,,,GIP,Gippsland REZ corridor (Latrobe Valley 500 kV),Gippsland,2819.9,Wind Turbine - Offshore,Wind - Wind,orsted_nr,,,,
Orsted Gippsland C Windfarm,GIP,high,no_coord_m1_backstop,GIP,high,,,GIP,Gippsland REZ corridor (Latrobe Valley 500 kV),Gippsland,2819.9,Wind Turbine - Offshore,Wind - Wind,orsted_nr,,,,
Osborne BESS,MN,high,agree,MN,medium,MN,high,MN,Mid-North SA REZ corridor (Robertstown/Davenport/Cultana),Osborne,300.0,Storage - Battery,Other - Other,Osboourne Cogeneration P/L,,,,
Palmerston BESS (Akaysha),TAS-NW,high,no_coord_m1_backstop,TAS-NW,high,,,TAS-NW,Tasmania single catchment (NW Transmission Devs + Central Highlands hydro) — single user-specified catchment covers all TAS1 sites,(TAS region),100.05,Storage - Battery,Other - Other,Palmerston ProjectCo Pty Ltd,,,,
Palmerston Big Battery - KCI,TAS-NW,high,agree,TAS-NW,high,TAS-NW,high,TAS-NW,Tasmania single catchment (NW Transmission Devs + Central Highlands hydro) — single user-specified catchment covers all TAS1 sites,(TAS region),,,,,,,,
Pine Lodge 2 BESS - KCI,CN-VIC,medium,no_coord_m1_backstop,CN-VIC,medium,,,CN-VIC,Central North Victoria REZ corridor (Bendigo/Shepparton),Pine Lodge,453.6,Storage - Battery,Other - Other,ACEnergy Pty Ltd,,,,
Pint Pot BESS,CWO,medium,no_coord_m1_backstop,CWO,medium,,,CWO,Central-West Orana REZ corridor (Elong Elong/Merotherie/Wollar),Pint Pot,424.0,Storage - Battery,Other - Other,FRV Services Australia Pty Ltd,,,,
Portland BESS,SW-VIC,high,agree,SW-VIC,high,SW-VIC,high,SW-VIC,South-West Victoria REZ corridor (Mortlake/Moorabool/Heywood),Portland,,,,,,,,
Portland Renewables Project - KCI,SW-VIC,high,no_coord_m1_backstop,SW-VIC,high,,,SW-VIC,South-West Victoria REZ corridor (Mortlake/Moorabool/Heywood),Portland,0.0,Storage - Battery,Other - Other,HAMR Energy Pty Ltd,,,,
Pottinger Energy Park - Battery - KCI,NEW,high,agree,NEW,review,NEW,high,NEW,"New England REZ corridor (Armidale/Tamworth/Dumaresq) — shared keyword across REZs: ['CWO', 'NEW']; primary assignment based on substation locality",Pottinger Energy Park,499.8,Storage - Battery,Other - Other,Pottinger Renewables P/L,,,,
Pottinger Energy Park - Solar - KCI,NEW,high,agree,NEW,review,NEW,high,NEW,"New England REZ corridor (Armidale/Tamworth/Dumaresq) — shared keyword across REZs: ['CWO', 'NEW']; primary assignment based on substation locality",Pottinger Energy Park,299.52,Solar PV - Fixed,Solar - Solar,Pottinger Renewables P/L,,,,
Pottinger Energy Park - Wind - KCI,NEW,high,agree,NEW,review,NEW,high,NEW,"New England REZ corridor (Armidale/Tamworth/Dumaresq) — shared keyword across REZs: ['CWO', 'NEW']; primary assignment based on substation locality",Pottinger Energy Park,1300.0,Wind Turbine - Onshore,Wind - Wind,Pottinger Renewables P/L,,,,
Project Monash - Solar - KCI,RIV,high,agree,RIV,medium,RIV,high,RIV,Riverland REZ corridor (Renmark/Berri/Loxton),Monash,375.0,Solar PV - Fixed,Solar - Solar,Monash Renewables Pty Ltd,,,,
Project Monash - Storage - KCI,RIV,medium,no_coord_m1_backstop,RIV,medium,,,RIV,Riverland REZ corridor (Renmark/Berri/Loxton),Monash,125.0,Storage - Battery,Other - Other,Monash Renewables Pty Ltd,,,,
Ravenswood BESS,CN-VIC,medium,no_coord_m1_backstop,CN-VIC,medium,,,CN-VIC,Central North Victoria REZ corridor (Bendigo/Shepparton),Ravenswood,20.0,Storage - Battery,Other - Other,FRV Services Australia,,,,
Ravenswood Solar Farm - FRV,CN-VIC,medium,no_coord_m1_backstop,CN-VIC,medium,,,CN-VIC,Central North Victoria REZ corridor (Bendigo/Shepparton),Ravenswood,63.0,Solar PV - Fixed,Solar - Solar,FRV Services Australia,,,,
Richmond Valley BESS,NEW,review,excluded_m1,Unclassified,review,NEW,review,Unclassified,No rule matched — manual review needed,,275.0,Storage - Battery,Other - Other,ARK ENERGY CORPORATION PTY LTD ,,,,
Robertstown Solar,MN,high,no_coord_m1_backstop,MN,high,,,MN,Mid-North SA REZ corridor (Robertstown/Davenport/Cultana),Robertstown,500.0,Solar PV - Single axis tracking,Solar - Solar,Robertstown Project (Solar) Operations Pty Ltd,,,,
Rollsville Hybrid Facility - Battery,SW-NSW,medium,no_coord_m1_backstop,SW-NSW,medium,,,SW-NSW,South-West NSW REZ corridor (Buronga/Dinawan/Wagga/PEC),Rollsville,110.0,Storage - Battery,Other - Other,X-Elio Australia Pty Ltd,,,,
Rollsville Hybrid Facility - Solar,SW-NSW,medium,no_coord_m1_backstop,SW-NSW,medium,,,SW-NSW,South-West NSW REZ corridor (Buronga/Dinawan/Wagga/PEC),Rollsville,220.0,Solar PV - Fixed,Solar - Solar,X-Elio Australia Pty Ltd,,,,
Salisbury Solar 450MW,NEW,medium,no_coord_m1_backstop,NEW,medium,,,NEW,New England REZ corridor (Armidale/Tamworth/Dumaresq),Salisbury,280.0,Solar PV - Single axis tracking,Solar - Solar,Origin Energy Pty Ltd,,,,
Silverleaf Solar Farm - KCI,NEW,medium,no_coord_m1_backstop,NEW,medium,,,NEW,New England REZ corridor (Armidale/Tamworth/Dumaresq),Silverleaf,120.0,Solar PV - Fixed,Solar - Solar,International Power (Australia) Pty Ltd,,,,
Smithfield BESS,Unclassified,review,no_coord_m1_backstop,Unclassified,review,,,Unclassified,No rule matched — manual review needed,,86.4,Storage - Battery,Other - Other,Smithfield BESS Pty Limited,,,,
South Hummocks BESS,Unclassified,review,no_coord_m1_backstop,Unclassified,review,,,Unclassified,No rule matched — manual review needed,,,,,,,,,
Spicers Creek Wind Farm,CWO,medium,no_coord_m1_backstop,CWO,medium,,,CWO,Central-West Orana REZ corridor (Elong Elong/Merotherie/Wollar),Spicers Creek,702.0,Wind Turbine - Onshore,Wind - Wind,Squadron Energy Services Pty Ltd,,,,
Spinifex Offshore Wind Farm,GIP,medium,no_coord_m1_backstop,GIP,medium,,,GIP,Gippsland REZ corridor (Latrobe Valley 500 kV),Spinifex,1200.0,Wind Turbine - Offshore,Wind - Wind,Alinta Energy Retail Sales Pty Ltd,,,,
Springvale Energy Hub - BESS,CN-VIC,medium,agree,CN-VIC,medium,CN-VIC,medium,CN-VIC,Central North Victoria REZ corridor (Bendigo/Shepparton),Springvale,,,,,,,,
Stanhope BESS Project 01,CN-VIC,medium,no_coord_m1_backstop,CN-VIC,medium,,,CN-VIC,Central North Victoria REZ corridor (Bendigo/Shepparton),Stanhope,20.0,Storage - Battery,Solar - Solar,Globird Energy Pty Ltd,,,,
Stanhope BESS Project 02,CN-VIC,medium,no_coord_m1_backstop,CN-VIC,medium,,,CN-VIC,Central North Victoria REZ corridor (Bendigo/Shepparton),Stanhope,,,,,,,,
Summerfield BESS,MN,medium,no_coord_m1_backstop,MN,medium,,,MN,Mid-North SA REZ corridor (Robertstown/Davenport/Cultana),Summerfield,120.0,Storage - Battery,Other - Other,CI Summerfield BESS Pty Ltd (ACN 656 223 773) as trustee for the CI Summerfield BESS Trust,,,,
Tamworth BESS - Valent,NEW,high,agree,NEW,high,NEW,high,NEW,New England REZ corridor (Armidale/Tamworth/Dumaresq),Tamworth,,,,,,,,
Tchelery Wind Farm - KCI,SW-NSW,medium,no_coord_m1_backstop,SW-NSW,medium,,,SW-NSW,South-West NSW REZ corridor (Buronga/Dinawan/Wagga/PEC),Tchelery,,,,,,,,
Templers B BESS,MN,high,agree,MN,high,MN,medium,MN,Mid-North SA REZ corridor (Robertstown/Davenport/Cultana),Templers,200.0,Storage - Battery,Other - Other,BORAL,,,,
Thomastown BESS,CN-VIC,high,excluded_m1,Unclassified,review,CN-VIC,high,Unclassified,No rule matched — manual review needed,,300.0,Storage - Battery,Other - Other,Ausnet Transmission Group Pty Ltd,,,,
Tomago BESS (AGL),HCC,high,no_coord_m1_backstop,HCC,high,,,HCC,Hunter-Central Coast REZ corridor (Bayswater/Eraring/Singleton),Tomago,,,,,,,,
Tramway BESS,Unclassified,review,no_coord_m1_backstop,Unclassified,review,,,Unclassified,No rule matched — manual review needed,,,,,,,,,
Tungkillo BESS - KCI,SE-SA,high,agree,SE-SA,high,SE-SA,high,SE-SA,South-East SA REZ corridor (Tailem Bend/Tungkillo/Heywood interconnector),Tungkillo,,,,,,,,
Vast Solar 1,EYR,medium,no_coord_m1_backstop,EYR,medium,,,EYR,EYR,Vast Solar,34.0,Solar Thermal - Other,Solar - Solar, Vast Solar 1 Pty Ltd,,,,
Wagga North BESS - KCI,SW-NSW,high,no_coord_m1_backstop,SW-NSW,high,,,SW-NSW,South-West NSW REZ corridor (Buronga/Dinawan/Wagga/PEC),Wagga,105.0,Storage - Battery,Solar - Solar,ZEN Energy Future Pty Ltd,,,,
Wagga Wagga Solar Farm,SW-NSW,high,agree,SW-NSW,high,SW-NSW,high,SW-NSW,South-West NSW REZ corridor (Buronga/Dinawan/Wagga/PEC),Wagga Wagga,,,,,,,,
Wattle Creek Energy Hub - Battery Storage,ILW,high,corridor_misread_m2,CWO,medium,ILW,high,CWO,Central-West Orana REZ corridor (Elong Elong/Merotherie/Wollar),Wattle Creek,350.0,Storage - Battery,Other - Other,Wattle Creek Energy Hub P/L,,,,Marulan substation ILW-coded (boundary with SW-NSW per lookup note); kept ILW
Wattle Creek Energy Hub - Solar / BESS,ILW,high,corridor_misread_m2,CWO,medium,ILW,high,CWO,Central-West Orana REZ corridor (Elong Elong/Merotherie/Wollar),Wattle Creek,265.0,Solar PV - Fixed,Solar - Solar,Wattle Creek Energy Hub P/L,,,,Marulan substation ILW-coded (boundary with SW-NSW per lookup note); kept ILW
Wellington BESS 2 - KCI,CWO,medium,no_coord_m1_backstop,CWO,medium,,,CWO,Central-West Orana REZ corridor (Elong Elong/Merotherie/Wollar),Wellington,,,,,,,,
Wellington Town BESS - KCI,CWO,medium,no_coord_m1_backstop,CWO,medium,,,CWO,Central-West Orana REZ corridor (Elong Elong/Merotherie/Wollar),Wellington,,,,,,,,
Western Sydney Pumped Hydro Project,SW-NSW,review,boundary_swap_m1_med_far,ILW,medium,SW-NSW,medium,ILW,Illawarra REZ corridor (Dapto/Avon/Wollongong),Western Sydney,1000.0,Storage - Pumped hydro,Hydro - Water,Zen Energy Retail Pty Ltd,,,,
Wodonga BESS - KCI,CN-VIC,medium,no_coord_m1_backstop,CN-VIC,medium,,,CN-VIC,Central North Victoria REZ corridor (Bendigo/Shepparton),Wodonga,,,,,,,,
Yanco BESS,SW-NSW,medium,no_coord_m1_backstop,SW-NSW,medium,,,SW-NSW,South-West NSW REZ corridor (Buronga/Dinawan/Wagga/PEC),Yanco,249.92,Storage - Battery,Other - Other,Acenergy Pty Ltd,,,,
Yanco Delta Wind Farm Stage 1 - Battery,SW-NSW,medium,agree,SW-NSW,medium,SW-NSW,medium,SW-NSW,South-West NSW REZ corridor (Buronga/Dinawan/Wagga/PEC),Yanco,,,,,,,,
Augusta BESS,MN,high,agree,MN,medium,MN,high,MN,Mid-North SA REZ corridor (Robertstown/Davenport/Cultana),Augusta,270.0,Storage - Battery,Other - Other,Augusta BESS Pty Ltd,,,,
Broken Creek Solar Farm - KCI,CN-VIC,medium,no_coord_m1_backstop,CN-VIC,medium,,,CN-VIC,Central North Victoria REZ corridor (Bendigo/Shepparton),Broken Creek,173.0,Solar PV - Fixed,Solar - Solar,BSR EPC Pty Limited,,,,
Comet Park BESS - KCI,NEW,medium,no_coord_m1_backstop,NEW,medium,,,NEW,New England REZ corridor (Armidale/Tamworth/Dumaresq),Comet Park,189.0,Storage - Battery,Other - Other,Samsung C&T Renewable Energy Australia Pty Ltd.,,,,
Conroys Gap WF - KCI,SW-NSW,medium,no_coord_m1_backstop,SW-NSW,medium,,,SW-NSW,South-West NSW REZ corridor (Buronga/Dinawan/Wagga/PEC),Conroys Gap,30.0,Wind Turbine - Onshore,Wind - Wind,Waldren Construction Pty Ltd.,,,,
Dapper Solar Farm,Unclassified,review,no_coord_m1_backstop,Unclassified,review,,,Unclassified,No rule matched — manual review needed,,4.2,Solar PV - Single axis tracking,Solar - Solar,BORAL,,,,
Everleigh Solar Farm & BESS - KCI,CN-VIC,medium,no_coord_m1_backstop,CN-VIC,medium,,,CN-VIC,Central North Victoria REZ corridor (Bendigo/Shepparton),Everleigh,200.0,Solar PV - Fixed,Solar - Solar,Everleigh Solar Park Pty Ltd,,,,
Goyder North Stage 1 Wind farm - KCI,MN,high,agree,MN,medium,MN,high,MN,Mid-North SA REZ corridor (Robertstown/Davenport/Cultana),Goyder North,,,,,,,,
Griffith BESS - KCI,SW-NSW,medium,no_coord_m1_backstop,SW-NSW,medium,,,SW-NSW,South-West NSW REZ corridor (Buronga/Dinawan/Wagga/PEC),Griffith,,,,,,,,
Gullen Range Battery Energy System,SW-NSW,high,agree,SW-NSW,medium,SW-NSW,high,SW-NSW,South-West NSW REZ corridor (Buronga/Dinawan/Wagga/PEC),Gullen Range,500.0,Storage - Battery,Other - Other,goldwindaustralia_NR,,,,
Holloway BESS - KCI,CWO,medium,no_coord_m1_backstop,CWO,medium,,,CWO,Central-West Orana REZ corridor (Elong Elong/Merotherie/Wollar),Holloway,561.6,Storage - Battery,Other - Other,Bushranger Project Pty Ltd.,,,,
Hunter Power Station,HCC,high,agree,HCC,medium,HCC,high,HCC,Hunter-Central Coast REZ corridor (Bayswater/Eraring/Singleton),Hunter,375.0,Turbine - OCGT,Fossil - Natural Gas Pipeline,Snowy Hydro Limited,,,,
Lake Victoria Energy Park - KCI,SW-NSW,medium,agree,SW-NSW,medium,SW-NSW,review,SW-NSW,South-West NSW REZ corridor (Buronga/Dinawan/Wagga/PEC),Lake Victoria,1087.5,Storage - Battery,Other - Other,Lake Victoria Wind Farm Pty Ltd atf Lake Victoria Wind Farm unit trust,,,,
Lambruk Solar Project,CWO,medium,no_coord_m1_backstop,CWO,medium,,,CWO,Central-West Orana REZ corridor (Elong Elong/Merotherie/Wollar),Lambruk,360.8,Solar PV - Single axis tracking,Solar - Solar, Venn Energy Pty Ltd / Acacia Solar Project Pty Ltd.,,,,
Mangoplah BESS - KCI,SW-NSW,medium,no_coord_m1_backstop,SW-NSW,medium,,,SW-NSW,South-West NSW REZ corridor (Buronga/Dinawan/Wagga/PEC),Mangoplah,104.0,Storage - Battery,Other - Other,Samsung C&T Renewable Energy Australia Pty Ltd.,,,,
Markaranka Solar and Storage,RIV,medium,no_coord_m1_backstop,RIV,medium,,,RIV,Riverland REZ corridor (Renmark/Berri/Loxton),Markaranka,375.0,Solar PV - Single axis tracking,Solar - Solar,Monash Energy Pty Ltd,,,,
Maryvale Solar and Energy Storage System,CWO,medium,no_coord_m1_backstop,CWO,medium,,,CWO,Central-West Orana REZ corridor (Elong Elong/Merotherie/Wollar),Maryvale,172.02,Solar PV - Single axis tracking,Solar - Solar,Maryvale Solar Farm Pty Ltd ,,,,
Maxwell Downs Bess - KCI,HCC,high,boundary_swap_m1_review,CWO,review,HCC,high,CWO,"Central-West Orana REZ corridor (Elong Elong/Merotherie/Wollar) — shared keyword across REZs: ['CWO', 'HCC']; primary assignment based on substation locality",Maxwell Downs,,,,,,,,
Mt Mercer BESS,WV,medium,no_coord_m1_backstop,WV,medium,,,WV,Western Victoria REZ corridor (Bulgana/Ararat/WRL),Mt Mercer,80.0,Storage - Battery,Other - Other,Foresight Australia,,,,
Muskerry Solar Power Station - KCI,CN-VIC,high,agree,CN-VIC,medium,CN-VIC,high,CN-VIC,Central North Victoria REZ corridor (Bendigo/Shepparton),Muskerry,200.0,Solar PV - Fixed,Solar - Solar,Edify Energy Pty Ltd,,,,
Narrabri Hybrid Project,NEW,medium,no_coord_m1_backstop,NEW,medium,,,NEW,New England REZ corridor (Armidale/Tamworth/Dumaresq),Narrabri,4.6,Solar PV - Single axis tracking,Solar - Solar, Narrabri Genesis Hold Pty Ltd ATF Narrabri Genesis Hold Trust,,,,
Northern Tablelands Wind Farm,NEW,medium,no_coord_m1_backstop,NEW,medium,,,NEW,New England REZ corridor (Armidale/Tamworth/Dumaresq),Tablelands,8.0,Wind Turbine - Onshore,Wind - Wind,BORAL,,,,
Sandy Point Hybrid - Solar,HCC,medium,no_coord_m1_backstop,HCC,medium,,,HCC,Hunter-Central Coast REZ corridor (Bayswater/Eraring/Singleton),Sandy Point,180.6,Solar PV - Single axis tracking,Solar - Solar,Samsung C&T Renewable Energy Australia Pty Ltd.,,,,
Sandy Point Hybrid - Storage,HCC,medium,no_coord_m1_backstop,HCC,medium,,,HCC,Hunter-Central Coast REZ corridor (Bayswater/Eraring/Singleton),Sandy Point,201.6,Storage - Battery,Other - Other,Samsung C&T Renewable Energy Australia Pty Ltd.,,,,
South Coree BESS,SW-NSW,medium,no_coord_m1_backstop,SW-NSW,medium,,,SW-NSW,South-West NSW REZ corridor (Buronga/Dinawan/Wagga/PEC),South Coree,84.0,Storage - Battery,Other - Other,Samsung C&T Renewable Energy Australia Pty Ltd,,,,
Stubbo BESS,CWO,high,agree,CWO,medium,CWO,high,CWO,Central-West Orana REZ corridor (Elong Elong/Merotherie/Wollar),Stubbo,200.0,Storage - Battery,Other - Other,Stubbo 1 Pty Ltd. ACN 658 322 457 as The Trustee for Stubbo 1 Solar Project Trust,,,,
Tchelery Wind Farm,SW-NSW,medium,no_coord_m1_backstop,SW-NSW,medium,,,SW-NSW,South-West NSW REZ corridor (Buronga/Dinawan/Wagga/PEC),Tchelery,599.99,Wind Turbine - Onshore,Wind - Wind,Neoen Australia Pty Ltd,,,,
Upper Hunter BESS,HCC,medium,no_coord_m1_backstop,HCC,medium,,,HCC,Hunter-Central Coast REZ corridor (Bayswater/Eraring/Singleton),Upper Hunter,400.0,Storage - Battery,Other - Other,Maizewood Pty Ltd.,,,,
Waubra BESS - KCI,WV,high,agree,WV,medium,WV,high,WV,Western Victoria REZ corridor (Bulgana/Ararat/WRL),Waubra,200.0,Storage - Battery,Other - Other,Acciona Energy Australia Global,,,,
Winton BESS - KCI,CN-VIC,medium,no_coord_m1_backstop,CN-VIC,medium,,,CN-VIC,Central North Victoria REZ corridor (Bendigo/Shepparton),Winton,,,,,,,,
Wollar BESS,CWO,high,no_coord_m1_backstop,CWO,high,,,CWO,Central-West Orana REZ corridor (Elong Elong/Merotherie/Wollar),Wollar,300.0,Storage - Battery,Other - Other,Wollar Solar Finance Pty Ltd.,,,,
Yadnarie Solar Farm,MN,medium,no_coord_m1_backstop,MN,medium,,,MN,"Mid-North SA REZ corridor (Robertstown/Davenport/Cultana) — shared keyword across REZs: ['EYR', 'MN']; primary assignment based on substation locality",Yadnarie,192.0,Solar PV - Fixed,Solar - Solar,Photon Energy Group,,,,
Yoorndoo Ilga Solar - KCI,MN,high,agree,MN,review,MN,high,MN,"Mid-North SA REZ corridor (Robertstown/Davenport/Cultana) — shared keyword across REZs: ['EYR', 'MN']; primary assignment based on substation locality",Yoorndoo Ilga,250.0,Solar PV - Fixed,Solar - Solar,Yoorndoo Ilga Solar Pty Ltd,,,,
Argoon Wind Farm (RES Group) - KCI,CWO,medium,no_coord_m1_backstop,CWO,medium,,,CWO,Central-West Orana REZ corridor (Elong Elong/Merotherie/Wollar),Argoon,612.0,Wind Turbine - Onshore,Wind - Wind,RES Australia Pty Ltd,,,,
Bannaby BESS (AMPYR) - KCI,ILW,medium,agree,ILW,medium,ILW,medium,ILW,Illawarra REZ corridor (Dapto/Avon/Wollongong),Bannaby,,,,,,,,
Baranduda Electrical Energy Reserve,CN-VIC,medium,no_coord_m1_backstop,CN-VIC,medium,,,CN-VIC,Central North Victoria REZ corridor (Bendigo/Shepparton),Baranduda,544.36,Storage - Battery,Other - Other, Birdwood Energy Reserve Pty Ltd (ACN 658 507 441) as Trustee for Birdwood Energy Reserve Trust,,,,
Boulka Park Solar Farm,MR,medium,no_coord_m1_backstop,MR,medium,,,MR,Murray River REZ corridor (Kerang/Red Cliffs/PEC western feed),Boulka Park,100.0,Solar PV - Single axis tracking,Solar - Solar,The Trustee for X-ELIO BOULKA PARK TRUST,,,,
Brooklyn LFG U1-3,Unclassified,review,no_coord_m1_backstop,Unclassified,review,,,Unclassified,No rule matched — manual review needed,,2.83,Reciprocating Engine - Spark ignition,Other - Other,EDL LFG Vic Pty Ltd,,,,
Camperdown  BESS - Quintas,SW-VIC,medium,no_coord_m1_backstop,SW-VIC,medium,,,SW-VIC,South-West Victoria REZ corridor (Mortlake/Moorabool/Heywood),Camperdown,,,,,,,,
Central Para Wind Farm (KCI),SW-NSW,medium,no_coord_m1_backstop,SW-NSW,medium,,,SW-NSW,South-West NSW REZ corridor (Buronga/Dinawan/Wagga/PEC),Central Para,399.0,Wind Turbine - Onshore,Wind - Wind,Macleay Ventures Pty Ltd.,,,,
Cobbora BESS,CWO,medium,no_coord_m1_backstop,CWO,medium,,,CWO,Central-West Orana REZ corridor (Elong Elong/Merotherie/Wollar),Cobbora,520.8,Storage - Battery,Other - Other,Pacific Partnerships,,,,
Cobbora Solar Farm,CWO,medium,no_coord_m1_backstop,CWO,medium,,,CWO,Central-West Orana REZ corridor (Elong Elong/Merotherie/Wollar),Cobbora,818.4,Solar PV - Fixed,Solar - Solar,pacificp_NR,,,,
Cobden BESS - Quintas,SW-VIC,medium,no_coord_m1_backstop,SW-VIC,medium,,,SW-VIC,South-West Victoria REZ corridor (Mortlake/Moorabool/Heywood),Cobden,60.0,Storage - Battery,Other - Other,Cobden BESS Pty Ltd,,,,
Cooma Hybrid BESS and Solar Farm (ACEN),SW-NSW,medium,no_coord_m1_backstop,SW-NSW,medium,,,SW-NSW,South-West NSW REZ corridor (Buronga/Dinawan/Wagga/PEC),Cooma,100.0,Solar PV - Fixed,Solar - Solar,ACEN RENEWABLES,,,,
Coonawarren BESS - KCI,Unclassified,review,no_coord_m1_backstop,Unclassified,review,,,Unclassified,No rule matched — manual review needed,,,,,,,,,
Derby Solar Farm & BESS,Unclassified,review,no_coord_m1_backstop,Unclassified,review,,,Unclassified,No rule matched — manual review needed,,95.1,Solar PV - Single axis tracking,Solar - Solar,DERBY SOLAR PROJECT PTY LTD ,,,,
Dubbo Solar Hub,CWO,high,agree,CWO,medium,CWO,high,CWO,Central-West Orana REZ corridor (Elong Elong/Merotherie/Wollar),Dubbo,,,,,,,,
Galore Energy Project - Solar And BESS - KCI,SW-NSW,high,excluded_m1,Unclassified,review,SW-NSW,high,Unclassified,No rule matched — manual review needed,,,,,,,,,
George Town BESS - KCI,TAS-NW,high,agree,TAS-NW,high,TAS-NW,high,TAS-NW,Tasmania single catchment (NW Transmission Devs + Central Highlands hydro) — single user-specified catchment covers all TAS1 sites,(TAS region),350.0,Storage - Battery,Other - Other,Recurrent Energy,,,,
Glenrowan BESS (KCI),CN-VIC,high,agree,CN-VIC,medium,CN-VIC,high,CN-VIC,Central North Victoria REZ corridor (Bendigo/Shepparton),Glenrowan,,,,,,,,
Goorambat East Solar Farm (ENGIE),CN-VIC,high,agree,CN-VIC,medium,CN-VIC,high,CN-VIC,Central North Victoria REZ corridor (Bendigo/Shepparton),Goorambat,250.0,Solar PV - Single axis tracking,Solar - Solar,Engie,,,,
Goulburn River Solar Farm And BESS,HCC,high,agree,HCC,review,HCC,high,HCC,"Hunter-Central Coast REZ corridor (Bayswater/Eraring/Singleton) — shared keyword across REZs: ['CWO', 'HCC', 'SW-NSW']; primary assignment based on substation locality",Goulburn River Solar,588.0,Solar PV - Single axis tracking,Solar - Solar,Goulburn River Fund Pty Ltd,,,,
Grafton Rd BESS (KCI),Unclassified,review,no_coord_m1_backstop,Unclassified,review,,,Unclassified,No rule matched — manual review needed,,,,,,,,,
Great Lakes BESS,TAS-NW,high,agree,TAS-NW,high,TAS-NW,high,TAS-NW,Tasmania single catchment (NW Transmission Devs + Central Highlands hydro) — single user-specified catchment covers all TAS1 sites,(TAS region),,,,,,,,
Greenpulse BESS (KCI),Unclassified,review,no_coord_m1_backstop,Unclassified,review,,,Unclassified,No rule matched — manual review needed,,,,,,,,,
Greenpulse Solar Farm (KCI),Unclassified,review,no_coord_m1_backstop,Unclassified,review,,,Unclassified,No rule matched — manual review needed,,,,,,,,,
Hanworth BESS - KCI,NEW,medium,boundary_swap_m1_review,CWO,review,NEW,medium,CWO,"Central-West Orana REZ corridor (Elong Elong/Merotherie/Wollar) — shared keyword across REZs: ['CWO', 'NEW']; primary assignment based on substation locality",Hanworth,,,,,,,,
Hazelwood BESS - KCI,GIP,high,no_coord_m1_backstop,GIP,high,,,GIP,Gippsland REZ corridor (Latrobe Valley 500 kV),Hazelwood,150.0,Storage - Battery,Other - Other,International Power (Australia) Pty Ltd,,,,
Hazelwood BESS (Ironwood) - KCI,GIP,high,no_coord_m1_backstop,GIP,high,,,GIP,Gippsland REZ corridor (Latrobe Valley 500 kV),Hazelwood,,,,,,,,
KIEWA VALLEY BESS,CN-VIC,high,agree,CN-VIC,medium,CN-VIC,high,CN-VIC,Central North Victoria REZ corridor (Bendigo/Shepparton),Kiewa Valley,500.0,Storage - Battery,Other - Other,KIEWA VALLEY BESS NOMINEES PTY LTD on behalf of KIEWA VALLEY BESS Trust        ,,,,
LINCOLN GAP BESSBDU,EYR,medium,no_coord_m1_backstop,EYR,medium,,,EYR,EYR,Lincoln Gap,10.0,Storage - Battery,Other - Other,Lincoln Gap Wind Farm (Operations) Pty Ltd,,,,
Malunga BESS - KCI,SW-VIC,medium,excluded_m1,Unclassified,review,SW-VIC,medium,Unclassified,No rule matched — manual review needed,,,,,,,,,
Meering BESS,MR,medium,agree,MR,medium,MR,medium,MR,Murray River REZ corridor (Kerang/Red Cliffs/PEC western feed),Meering,250.0,Storage - Battery,Wind - Wind,Virya Energy Pty Ltd,,,,
Meering Wind Farm,MR,medium,agree,MR,medium,MR,medium,MR,Murray River REZ corridor (Kerang/Red Cliffs/PEC western feed),Meering,1500.0,Wind Turbine - Onshore,Wind - Wind,Virya Energy Pty Ltd,,,,
Melbourne Regional Landfill,Unclassified,review,no_coord_m1_backstop,Unclassified,review,,,Unclassified,No rule matched — manual review needed,,8.88,Reciprocating Engine - Spark ignition,Renewable Biomass or Waste - Landfill Gas,Landfill Operations Pty Ltd,,,,
Moah Creek Solar Farm (RES),CWO,medium,no_coord_m1_backstop,CWO,medium,,,CWO,Central-West Orana REZ corridor (Elong Elong/Merotherie/Wollar),Moah Creek,350.0,Solar PV - Fixed,Solar - Solar,Moah Creek Solar Development Co Pty Ltd,,,,
Molong BESS (KCI),CWO,medium,no_coord_m1_backstop,CWO,medium,,,CWO,Central-West Orana REZ corridor (Elong Elong/Merotherie/Wollar),Molong,150.24,Storage - Battery,Other - Other,StorEnergy 3 Pty Ltd,,,,
Mt View Wind Farm (KCI),HCC,medium,no_coord_m1_backstop,HCC,medium,,,HCC,Hunter-Central Coast REZ corridor (Bayswater/Eraring/Singleton),Mt View,750.0,Wind Turbine - Onshore,Wind - Wind,Woodside Energy Technologies Pty Ltd,,,,
Mugga Lane BESS,Unclassified,review,no_coord_m1_backstop,Unclassified,review,,,Unclassified,No rule matched — manual review needed,,12.0,Storage - Battery,Other - Other,LGI,,,,
Mugga Lane Renewable Hybrid,Unclassified,review,no_coord_m1_backstop,Unclassified,review,,,Unclassified,No rule matched — manual review needed,,6.39,Other - Other,Renewable Biomass or Waste - Landfill Gas,LGIGEN,,,,
Muswellbrook Solar Farm,HCC,medium,no_coord_m1_backstop,HCC,medium,,,HCC,Hunter-Central Coast REZ corridor (Bayswater/Eraring/Singleton),Muswellbrook,135.0,Solar PV - Fixed,Solar - Solar,Ox2,,,,
Myrtle Creek BESS,NEW,review,excluded_m1,Unclassified,review,NEW,review,Unclassified,No rule matched — manual review needed,,275.0,Storage - Battery,Other - Other,ARK Energy Corporation Pty Ltd,,,,
Normanville Energy Park - Wind (KCI),CN-VIC,medium,no_coord_m1_backstop,CN-VIC,medium,,,CN-VIC,Central North Victoria REZ corridor (Bendigo/Shepparton),Normanville,120.0,Wind Turbine - Onshore,Wind - Wind,Westwind Development Pty Ltd,,,,
North Yarragon BESS - KCI,GIP,medium,agree,GIP,medium,GIP,medium,GIP,Gippsland REZ corridor (Latrobe Valley 500 kV),North Yarragon,210.0,Storage - Battery,Other - Other,Zen Energy,,,,
Nowingi Solar Farm - Edify (KCI),MR,medium,agree,MR,medium,MR,medium,MR,Murray River REZ corridor (Kerang/Red Cliffs/PEC western feed),Nowingi,750.0,Solar PV - Fixed,Solar - Solar,Edify Energy Pty Ltd,,,,
Port Augusta Solar Farm (KCI),EYR,high,boundary_swap_m1_review,MN,review,EYR,high,MN,"Mid-North SA REZ corridor (Robertstown/Davenport/Cultana) — shared keyword across REZs: ['EYR', 'MN']; primary assignment based on substation locality",Port Augusta,300.0,Solar PV - Fixed,Solar - Solar,Edify Energy Pty Ltd,,,,
Romani Standalone BESS,NEW,medium,no_coord_m1_backstop,NEW,medium,,,NEW,New England REZ corridor (Armidale/Tamworth/Dumaresq),Romani,240.0,Storage - Battery,Other - Other,Samsung C&T Renewable Energy Australia Pty Ltd,,,,
Springdale Solar Farm - KCI,NEW,medium,no_coord_m1_backstop,NEW,medium,,,NEW,New England REZ corridor (Armidale/Tamworth/Dumaresq),Springdale,100.0,Solar PV - Fixed,Solar - Solar,RES Australia Pty Ltd,,,,
Springvale Energy Hub,CN-VIC,medium,no_coord_m1_backstop,CN-VIC,medium,,,CN-VIC,Central North Victoria REZ corridor (Bendigo/Shepparton),Springvale,115.0,Storage - Battery,Other - Other,progresspower_nr,,,,
Sturt Solar,MN,medium,no_coord_m1_backstop,MN,medium,,,MN,Mid-North SA REZ corridor (Robertstown/Davenport/Cultana),Sturt Solar,300.0,Solar PV - Single axis tracking,Solar - Solar,Sturt Solar PTY LTD,,,,
Tallawang BESS,CWO,medium,no_coord_m1_backstop,CWO,medium,,,CWO,Central-West Orana REZ corridor (Elong Elong/Merotherie/Wollar),Tallawang,,,,,,,,
Tamworth Energy Reserve - KCI,NEW,high,no_coord_m1_backstop,NEW,high,,,NEW,New England REZ corridor (Armidale/Tamworth/Dumaresq),Tamworth,299.7,Storage - Battery,Other - Other,The Trustee for Equis Energy (Ausralia) Ngumi 4 Asset Trust,,,,
Traralgon Network Support Station,GIP,medium,no_coord_m1_backstop,GIP,medium,,,GIP,Gippsland REZ corridor (Latrobe Valley 500 kV),Traralgon,10.0,Reciprocating Engine - Spark ignition,Fossil - Natural Gas,NovaPower Pty Ltd,,,,
Uungula BESS,CWO,medium,agree,CWO,medium,CWO,medium,CWO,Central-West Orana REZ corridor (Elong Elong/Merotherie/Wollar),Uungula,400.0,Storage - Battery,Other - Other,Squadron Energy Services Pty Ltd,,,,
Wagga North BESS (IB Vogt) - KCI,SW-NSW,high,no_coord_m1_backstop,SW-NSW,high,,,SW-NSW,South-West NSW REZ corridor (Buronga/Dinawan/Wagga/PEC),Wagga,120.12,Storage - Battery,Other - Other,Ib vogt Development Australia Pty Ltd,,,,
Wagga Wagga BESS (KCI),SW-NSW,high,no_coord_m1_backstop,SW-NSW,high,,,SW-NSW,South-West NSW REZ corridor (Buronga/Dinawan/Wagga/PEC),Wagga Wagga,,,,,,,,
Weasel Solar Farm And BESS - KCI,TAS-NW,high,no_coord_m1_backstop,TAS-NW,high,,,TAS-NW,Tasmania single catchment (NW Transmission Devs + Central Highlands hydro) — single user-specified catchment covers all TAS1 sites,(TAS region),144.16,Solar PV - Fixed,Solar - Solar,Weasel Solar Farm P/L,,,,
Wellington BESS 2,CWO,medium,no_coord_m1_backstop,CWO,medium,,,CWO,Central-West Orana REZ corridor (Elong Elong/Merotherie/Wollar),Wellington,,,,,,,,
West Wyalong BESS,SW-NSW,medium,no_coord_m1_backstop,SW-NSW,medium,,,SW-NSW,South-West NSW REZ corridor (Buronga/Dinawan/Wagga/PEC),West Wyalong,50.0,Storage - Battery,Other - Other,Lightsource BP,,,,
Wimmera Plains BESs,WV,medium,no_coord_m1_backstop,WV,medium,,,WV,Western Victoria REZ corridor (Bulgana/Ararat/WRL),Wimmera,100.0,Storage - Battery,Other - Other,BayWA r.e Projects Australia Pty Ltd,,,,
Winton BESS,CN-VIC,medium,no_coord_m1_backstop,CN-VIC,medium,,,CN-VIC,Central North Victoria REZ corridor (Bendigo/Shepparton),Winton,120.0,Storage - Battery,Other - Other,AE BESS 10 as Trustee for AE BESS 10 Unit Trust,,,,
Wodonga BESS,CN-VIC,high,agree,CN-VIC,medium,CN-VIC,high,CN-VIC,Central North Victoria REZ corridor (Bendigo/Shepparton),Wodonga,250.0,Storage - Battery,Other - Other,IBERDROLA AUSTRALIA DEVELOPMENT PTY LIMITED,,,,
Wombelano Wind Farm,WV,medium,no_coord_m1_backstop,WV,medium,,,WV,Western Victoria REZ corridor (Bulgana/Ararat/WRL),Wombelano,24.0,Wind Turbine - Onshore,Wind - Wind,Wind Projects Australia Project 1 Pty Ltd,,,,
Barker Inlet Power Station 2,MN,high,agree,MN,medium,MN,high,MN,Mid-North SA REZ corridor (Robertstown/Davenport/Cultana),Barker Inlet,280.0,Turbine - OCGT,Fossil - Natural Gas Pipeline,AGL Energy Limited,,,,
Barn Hill BESS,MN,medium,boundary_swap_m1_med_close,EYR,medium,MN,high,EYR,EYR,Barn Hill,270.0,Storage - Battery,Other - Other,AGL Energy Limited,,,,
Barnawartha Solar & Energy Storage,CN-VIC,medium,no_coord_m1_backstop,CN-VIC,medium,,,CN-VIC,Central North Victoria REZ corridor (Bendigo/Shepparton),Barnawartha,64.02,Solar PV - Single axis tracking,Solar - Solar,Barnawartha Solar Pty Ltd,,,,
Blind Creek Solar Farm and Battery Energy Storage System,SW-NSW,medium,no_coord_m1_backstop,SW-NSW,medium,,,SW-NSW,South-West NSW REZ corridor (Buronga/Dinawan/Wagga/PEC),Blind Creek,378.0,Solar PV - Single axis tracking,Solar - Solar,Ms BCSF Holdings Pty Ltd as trustee for the Blind Creek Solar Farm Trust,,,,
Bonnie Brae Hybrid Plant,SW-NSW,medium,no_coord_m1_backstop,SW-NSW,medium,,,SW-NSW,South-West NSW REZ corridor (Buronga/Dinawan/Wagga/PEC),Bonnie Brae,70.0,Storage - Battery,Solar - Solar,Barathrum Energy Pty Ltd,,,,
Burgmanns BESS,NEW,medium,boundary_swap_m1_med_close,HCC,medium,NEW,high,HCC,Hunter-Central Coast REZ corridor (Bayswater/Eraring/Singleton),Burgmanns,200.0,Storage - Battery,Other - Other,Burgmanns BESS Pty Ltd,,,,
Camperdown BESS - Quintas,SW-VIC,medium,no_coord_m1_backstop,SW-VIC,medium,,,SW-VIC,South-West Victoria REZ corridor (Mortlake/Moorabool/Heywood),Camperdown,75.0,Storage - Battery,Other - Other,Camperdown BESS Pty Ltd,,,,
Deepwater BESS,NEW,medium,no_coord_m1_backstop,NEW,medium,,,NEW,New England REZ corridor (Armidale/Tamworth/Dumaresq),Deepwater,139.84,Storage - Battery,Other - Other,Ib vogt Development Australia Pty Ltd,,,,
Deepwater Solar Farm,NEW,medium,no_coord_m1_backstop,NEW,medium,,,NEW,New England REZ corridor (Armidale/Tamworth/Dumaresq),Deepwater,139.84,Solar PV - Fixed,Solar - Solar,Ib vogt Development Australia Pty Ltd,,,,
Doreen BESS,CN-VIC,medium,no_coord_m1_backstop,CN-VIC,medium,,,CN-VIC,Central North Victoria REZ corridor (Bendigo/Shepparton),Doreen,800.0,Storage - Battery,Other - Other,BZ Renewables Holdings Pty Ltd,,,,
Emu Park BESS,SW-NSW,medium,no_coord_m1_backstop,SW-NSW,medium,,,SW-NSW,South-West NSW REZ corridor (Buronga/Dinawan/Wagga/PEC),Emu Park,199.8,Storage - Battery,Other - Other,M Renweables Australia,,,,
Emu Park Solar Farm,SW-NSW,medium,no_coord_m1_backstop,SW-NSW,medium,,,SW-NSW,South-West NSW REZ corridor (Buronga/Dinawan/Wagga/PEC),Emu Park,300.0,Solar PV - Fixed,Solar - Solar,M Renweables Australia,,,,
Garoo BESS,CWO,medium,no_coord_m1_backstop,CWO,medium,,,CWO,Central-West Orana REZ corridor (Elong Elong/Merotherie/Wollar),Garoo,539.6,Storage - Battery,Other - Other,Greenpulse solar farm and BESS as trustee for Greenpulse Solar Farm & Bess Unit Trust,,,,
Garoo Solar Farm,CWO,medium,no_coord_m1_backstop,CWO,medium,,,CWO,Central-West Orana REZ corridor (Elong Elong/Merotherie/Wollar),Garoo,167.2,Solar PV - Fixed,Solar - Solar,Greenpulse solar farm and BESS as trustee for Greenpulse Solar Farm & Bess Unit Trust,,,,
Glanmire Solar Farm,CWO,medium,no_coord_m1_backstop,CWO,medium,,,CWO,Central-West Orana REZ corridor (Elong Elong/Merotherie/Wollar),Glanmire,60.0,Solar PV - Single axis tracking,Solar - Solar,Elgin Energy Pty Ltd,,,,
Gould Creek BESS,MN,medium,agree,MN,medium,MN,medium,MN,Mid-North SA REZ corridor (Robertstown/Davenport/Cultana),Gould Creek,215.0,Storage - Battery,Other - Other,Gould Creek BESS Project Pty Ltd,,,,
Goyder BESS,MN,high,agree,MN,medium,MN,high,MN,Mid-North SA REZ corridor (Robertstown/Davenport/Cultana),Goyder,300.0,Storage - Battery,Other - Other,Neoen Australia Pty Ltd,,,,
Goyder North Renewable Energy Facility,MN,medium,no_coord_m1_backstop,MN,medium,,,MN,Mid-North SA REZ corridor (Robertstown/Davenport/Cultana),Goyder North,600.0,Wind Turbine - Onshore,Wind - Wind,Neoen Australia,,,,
Harrogate BESS,SE-SA,medium,no_coord_m1_backstop,SE-SA,medium,,,SE-SA,South-East SA REZ corridor (Tailem Bend/Tungkillo/Heywood interconnector),Harrogate,269.95,Storage - Battery,Other - Other,Enel Green Power Australia Pty Ltd,,,,
Horsham BESS,WV,medium,no_coord_m1_backstop,WV,medium,,,WV,Western Victoria REZ corridor (Bulgana/Ararat/WRL),Horsham,100.0,Storage - Battery,Other - Other,ESCO Solar Farm 7 Trust,,,,
Junction Rivers,SW-NSW,medium,boundary_swap_m1_med_close,CWO,medium,SW-NSW,high,CWO,Central-West Orana REZ corridor (Elong Elong/Merotherie/Wollar),Junction Rivers,,,,,,,,
Juno BESS,NEW,medium,no_coord_m1_backstop,NEW,medium,,,NEW,New England REZ corridor (Armidale/Tamworth/Dumaresq),Juno,200.0,Storage - Battery,Other - Other,Tilt Renewables Australia Pty Ltd,,,,
Juno Wind Farm,NEW,medium,no_coord_m1_backstop,NEW,medium,,,NEW,New England REZ corridor (Armidale/Tamworth/Dumaresq),Juno,299.88,Wind Turbine - Onshore,Wind - Wind,Tilt Renewables Australia Pty Ltd,,,,
Kangaroo Valley BESS,ILW,high,agree,ILW,medium,ILW,high,ILW,Illawarra REZ corridor (Dapto/Avon/Wollongong),Kangaroo Valley,364.8,Storage - Battery,Other - Other,FIrm Power P/L,,,,
Kerrawary Power Station,SW-NSW,medium,no_coord_m1_backstop,SW-NSW,medium,,,SW-NSW,South-West NSW REZ corridor (Buronga/Dinawan/Wagga/PEC),Kerrawary,770.0,Turbine - OCGT,Fossil - Natural Gas Pipeline,Origin Energy,,,,
Kiamal BESS,MR,medium,no_coord_m1_backstop,MR,medium,,,MR,Murray River REZ corridor (Kerang/Red Cliffs/PEC western feed),Kiamal,238.59,Storage - Battery,Other - Other,TotalEnergies Renewables Australia,,,,
Kut Wut Brataualung,GIP,medium,no_coord_m1_backstop,GIP,medium,,,GIP,Gippsland REZ corridor (Latrobe Valley 500 kV),Kut Wut Brataualung,2205.0,Wind Turbine - Offshore,Wind - Wind,Kut-Wut Brataualung Pty Ltd as trustee for the Kut-Wut Brataualung Trust,,,,
Lerida BESS,SW-NSW,medium,no_coord_m1_backstop,SW-NSW,medium,,,SW-NSW,South-West NSW REZ corridor (Buronga/Dinawan/Wagga/PEC),Lerida,250.32,Storage - Battery,Other - Other,Elgin EnergyP/L,,,,
Lerida Solar Farm,SW-NSW,medium,no_coord_m1_backstop,SW-NSW,medium,,,SW-NSW,South-West NSW REZ corridor (Buronga/Dinawan/Wagga/PEC),Lerida,249.84,Solar PV - Fixed,Solar - Solar,Elgin EnergyP/L,,,,
Lindley BESS,MN,medium,no_coord_m1_backstop,MN,medium,,,MN,Mid-North SA REZ corridor (Robertstown/Davenport/Cultana),Lindley,100.0,Storage - Battery,Other - Other,NEMMCO,,,,
Lindsay Gap BESS,NEW,review,boundary_swap_m1_med_far,CWO,medium,NEW,medium,CWO,Central-West Orana REZ corridor (Elong Elong/Merotherie/Wollar),Lindsay Gap,450.0,Storage - Battery,Other - Other,Acciona Energy Australia Global,,,,
LST02 Data Hall BESS,TAS-NW,high,no_coord_m1_backstop,TAS-NW,high,,,TAS-NW,Tasmania single catchment (NW Transmission Devs + Central Highlands hydro) — single user-specified catchment covers all TAS1 sites,(TAS region),24.0,Storage - Battery,Other - Other,Firmus Grid P/L,,,,
Mullion Creek Wind Farm,CWO,high,agree,CWO,review,CWO,high,CWO,"Central-West Orana REZ corridor (Elong Elong/Merotherie/Wollar) — shared keyword across REZs: ['CWO', 'SW-NSW']; primary assignment based on substation locality",Mullion Creek,250.14,Solar PV - Fixed,Solar - Solar,Mullion Creek Wind Farm P/L,,,,
Narrandera BESS,SW-NSW,medium,no_coord_m1_backstop,SW-NSW,medium,,,SW-NSW,South-West NSW REZ corridor (Buronga/Dinawan/Wagga/PEC),Narrandera,400.14,Storage - Battery,Other - Other,Potentia Energy Group P/L,,,,
Narrandera Solar Farm,SW-NSW,medium,no_coord_m1_backstop,SW-NSW,medium,,,SW-NSW,South-West NSW REZ corridor (Buronga/Dinawan/Wagga/PEC),Narrandera,125.0,Solar PV - Fixed,Solar - Solar,Potentia Energy Group P/L,,,,
Northern Midlands Solar Farm,TAS-NW,high,no_coord_m1_backstop,TAS-NW,high,,,TAS-NW,Tasmania single catchment (NW Transmission Devs + Central Highlands hydro) — single user-specified catchment covers all TAS1 sites,(TAS region),,,,,,,,
Para Hill BESS,MN,high,agree,MN,high,MN,high,MN,Mid-North SA REZ corridor (Robertstown/Davenport/Cultana),Para,300.0,Storage - Battery,Other - Other,X-Elio Australia Pty Ltd,,,,
Peel Valley BESS,NEW,medium,no_coord_m1_backstop,NEW,medium,,,NEW,New England REZ corridor (Armidale/Tamworth/Dumaresq),Peel Valley,449.75,Storage - Battery,Other - Other,Potentia Energy Group P/L,,,,
Peel Valley Solar Farm,NEW,medium,no_coord_m1_backstop,NEW,medium,,,NEW,New England REZ corridor (Armidale/Tamworth/Dumaresq),Peel Valley,150.0,Solar PV - Fixed,Solar - Solar,Potentia Energy Group P/L,,,,
Reeves Plains Power Station BESS,MN,high,agree,MN,medium,MN,high,MN,Mid-North SA REZ corridor (Robertstown/Davenport/Cultana),Reeves Plains,250.0,Storage - Battery,Other - Other,Alinta Energy,,,,
Richmond Valley BESS (EIWA),Unclassified,review,no_coord_m1_backstop,Unclassified,review,,,Unclassified,No rule matched — manual review needed,,,,,,,,,
Sandy Creek Solar Farm,CWO,high,agree,CWO,medium,CWO,high,CWO,Central-West Orana REZ corridor (Elong Elong/Merotherie/Wollar),Sandy Creek,700.0,Solar PV - Single axis tracking,Solar - Solar,Sandy Creek Solar Fund Pty Ltd,,,,
South Kempsey BESS,Unclassified,review,no_coord_m1_backstop,Unclassified,review,,,Unclassified,No rule matched — manual review needed,,200.0,Storage - Battery,Other - Other,Macleay Ventures Pty Ltd.,,,,
Talbingo BESS,SW-NSW,medium,agree,SW-NSW,medium,SW-NSW,medium,SW-NSW,South-West NSW REZ corridor (Buronga/Dinawan/Wagga/PEC),Talbingo,400.0,Storage - Battery,Other - Other,Talbingo Battery Pty Ltd ATF Talbingo Battery Trust,,,,
Tchelery BESS,SW-NSW,medium,agree,SW-NSW,medium,SW-NSW,review,SW-NSW,South-West NSW REZ corridor (Buronga/Dinawan/Wagga/PEC),Tchelery,300.0,Storage - Battery,Other - Other,Neoen Australia Pty Ltd,,,,
Tramway Road BESS,GIP,high,excluded_m1,Unclassified,review,GIP,high,Unclassified,No rule matched — manual review needed,,300.0,Storage - Battery,Other - Other,Eku Energy Projects (Australia) Pty Ltd as trustee for the Eku Energy Projects Australia Trust,,,,
Valley of the Winds,CWO,medium,no_coord_m1_backstop,CWO,medium,,,CWO,Central-West Orana REZ corridor (Elong Elong/Merotherie/Wollar),Valley of the Winds,452.0,Wind Turbine - Onshore,Wind - Wind,ACEN Renewables,,,,
Wallabadah BESS,NEW,medium,no_coord_m1_backstop,NEW,medium,,,NEW,New England REZ corridor (Armidale/Tamworth/Dumaresq),Wallabadah,400.0,Storage - Battery,Other - Other,North Harbour Clean Energy P/L,,,,
Wellington A-CAES,CWO,medium,no_coord_m1_backstop,CWO,medium,,,CWO,Central-West Orana REZ corridor (Elong Elong/Merotherie/Wollar),Wellington,500.0,Storage - Other,Other - Other,Hydrostor Australia Holdings P/L,,,,
West Wellington Wind Farm,CWO,medium,no_coord_m1_backstop,CWO,medium,,,CWO,Central-West Orana REZ corridor (Elong Elong/Merotherie/Wollar),Wellington,468.0,Wind Turbine - Onshore,Wind - Wind,Mint Renewables,,,,
Arundel BESS,SW-NSW,high,excluded_m1,Unclassified,review,SW-NSW,high,Unclassified,No rule matched — manual review needed,,300.0,Storage - Battery,Other - Other,Eku Energy Projects (Australia) Trust,,,,
Awaba BESS,HCC,medium,no_coord_m1_backstop,HCC,medium,,,HCC,Hunter-Central Coast REZ corridor (Bayswater/Eraring/Singleton),Awaba,67.2,Storage - Battery,Other - Other,firmpower_NR,,,,
Beresfield BESS,HCC,high,agree,HCC,medium,HCC,high,HCC,Hunter-Central Coast REZ corridor (Bayswater/Eraring/Singleton),Beresfield,225.6,Storage - Battery,Other - Other,firmpower_NR,,,,
Boree Solar Project,CWO,medium,no_coord_m1_backstop,CWO,medium,,,CWO,Central-West Orana REZ corridor (Elong Elong/Merotherie/Wollar),Boree,180.4,Solar PV - Single axis tracking,Solar - Solar,Venn Energy Pty Ltd,,,,
Carmody's Hill BESS,MN,medium,no_coord_m1_backstop,MN,medium,,,MN,Mid-North SA REZ corridor (Robertstown/Davenport/Cultana),Carmody's Hill,118.02,Storage - Battery,Other - Other,Georgetown Hills Renewable Energy Pty Ltd as trustee for the Georgetown Hills Renewable Energy Trust,,,,
Carmody's Hill Wind Farm,MN,medium,no_coord_m1_backstop,MN,medium,,,MN,Mid-North SA REZ corridor (Robertstown/Davenport/Cultana),Carmody's Hill,247.0,Wind Turbine - Onshore,Wind - Wind,Georgetown Hills Renewable Energy Pty Ltd as trustee for the Georgetown Hills Renewable Energy Trust,,,,
Ceduna BESS,EYR,medium,no_coord_m1_backstop,EYR,medium,,,EYR,EYR,Ceduna,25.0,Storage - Battery,Other - Other,tetrisenergy_nr,,,,
Ceduna Solar Farm,EYR,medium,excluded_m2,EYR,medium,Unclassified,Unclassified,EYR,EYR,Ceduna,200.0,Solar PV - Fixed,Solar - Solar,tetrisenergy_nr,,,,M2 >100km from any substation (coverage gap); kept M1 keyword assignment
Ceduna Wind Farm,EYR,medium,excluded_m2,EYR,medium,Unclassified,Unclassified,EYR,EYR,Ceduna,400.0,Wind Turbine - Onshore,Wind - Wind,tetrisenergy_nr,,,,M2 >100km from any substation (coverage gap); kept M1 keyword assignment
Deargee,CWO,medium,no_coord_m1_backstop,CWO,medium,,,CWO,Central-West Orana REZ corridor (Elong Elong/Merotherie/Wollar),Deargee,,,,,,,,
Devlins Bridge Battery Storage,SW-NSW,medium,boundary_swap_m1_med_close,CWO,medium,SW-NSW,high,CWO,Central-West Orana REZ corridor (Elong Elong/Merotherie/Wollar),Devlins,600.0,Storage - Battery,Wind - Wind,Devlins Bridge Wind Farm Holdco Pty Ltd ,,,,
Devlins Wind Farm,CWO,medium,no_coord_m1_backstop,CWO,medium,,,CWO,Central-West Orana REZ corridor (Elong Elong/Merotherie/Wollar),Devlins,662.7,Wind Turbine - Onshore,Wind - Wind,Devlins Bridge Wind Farm Holdco Pty Ltd ,,,,
Gara BESS,CWO,medium,no_coord_m1_backstop,CWO,medium,,,CWO,Central-West Orana REZ corridor (Elong Elong/Merotherie/Wollar),Gara,521.28,Storage - Battery,Other - Other,ACEnergy Pty Ltd,,,,
Geelong BESS,SW-VIC,medium,agree,SW-VIC,medium,SW-VIC,medium,SW-VIC,South-West Victoria REZ corridor (Mortlake/Moorabool/Heywood),Geelong,250.0,Storage - Battery,Other - Other,Elgin EnergyP/L,,,,
Gippsland Dawn Offshore Wind Project,GIP,high,no_coord_m1_backstop,GIP,high,,,GIP,Gippsland REZ corridor (Latrobe Valley 500 kV),Gippsland,2100.0,Wind Turbine - Offshore,Wind - Wind,Gippsland Dawn OWP Project Pty Ltd,,,,
Glenbawn Pumped Hydro Project,HCC,high,boundary_swap_m1_review,NEW,review,HCC,high,NEW,"New England REZ corridor (Armidale/Tamworth/Dumaresq) — shared keyword across REZs: ['HCC', 'NEW']; primary assignment based on substation locality",Glenbawn Pumped Hydro,770.0,Storage - Pumped hydro,Hydro - Water,Water NSW,,,,
Glennis Creek Pumped Hydro Project,HCC,medium,agree,HCC,medium,HCC,medium,HCC,Hunter-Central Coast REZ corridor (Bayswater/Eraring/Singleton),Glennis Creek,642.0,Storage - Pumped hydro,Hydro - Water,Water NSW,,,,
Glenrowan BESS,CN-VIC,medium,no_coord_m1_backstop,CN-VIC,medium,,,CN-VIC,Central North Victoria REZ corridor (Bendigo/Shepparton),Glenrowan,450.24,Storage - Battery,Other - Other,Akaysha Energy Pty Ltd,,,,
Gol Gol Wind Farm,SW-NSW,medium,no_coord_m1_backstop,SW-NSW,medium,,,SW-NSW,South-West NSW REZ corridor (Buronga/Dinawan/Wagga/PEC),Gol Gol,499.66,Wind Turbine - Onshore,Wind - Wind,Squadron Energy Developments Pty Ltd,,,,
Griffith BESS,SW-NSW,medium,no_coord_m1_backstop,SW-NSW,medium,,,SW-NSW,South-West NSW REZ corridor (Buronga/Dinawan/Wagga/PEC),Griffith,100.0,Storage - Battery,Other - Other,Eku Energy Projects (Australia) Trust,,,,
Holloway - Battery,CWO,medium,no_coord_m1_backstop,CWO,medium,,,CWO,Central-West Orana REZ corridor (Elong Elong/Merotherie/Wollar),Holloway,300.33,Storage - Battery,Other - Other,SynCo Global,,,,
Inverell Battery Energy Storage System,NEW,high,no_coord_m1_backstop,NEW,high,,,NEW,New England REZ corridor (Armidale/Tamworth/Dumaresq),Inverell,150.0,Storage - Battery,Other - Other,Inverell BESS Development Pty Ltd,,,,
Ivanhoe BESS,SW-NSW,medium,no_coord_m1_backstop,SW-NSW,medium,,,SW-NSW,South-West NSW REZ corridor (Buronga/Dinawan/Wagga/PEC),Ivanhoe,702.0,Storage - Battery,Other - Other,Ivanhoe Coal Pty Ltd,,,,
Kincraig BESS,MN,medium,no_coord_m1_backstop,MN,medium,,,MN,Mid-North SA REZ corridor (Robertstown/Davenport/Cultana),Kincraig,4.2,Storage - Battery,Other - Other,acepower_NR,,,,
Koorakee Wind Farm,SW-NSW,medium,no_coord_m1_backstop,SW-NSW,medium,,,SW-NSW,South-West NSW REZ corridor (Buronga/Dinawan/Wagga/PEC),Koorakee,300.0,Wind Turbine - Onshore,Wind - Wind,Squadron Energy Services Pty Ltd,,,,
Koyuga Nanneella Wind Farm,CN-VIC,medium,no_coord_m1_backstop,CN-VIC,medium,,,CN-VIC,Central North Victoria REZ corridor (Bendigo/Shepparton),Nanneella,400.0,Wind Turbine - Onshore,Wind - Wind,FERA Australia Pty Ltd,,,,
Lambing Gully BESS,WV,medium,no_coord_m1_backstop,WV,medium,,,WV,Western Victoria REZ corridor (Bulgana/Ararat/WRL),Lambing Gully,100.0,Storage - Battery,Other - Other,tetrisenergy_nr,,,,
Lambing Gully Wind Farm,WV,medium,no_coord_m1_backstop,WV,medium,,,WV,Western Victoria REZ corridor (Bulgana/Ararat/WRL),Lambing Gully,310.0,Wind Turbine - Onshore,Wind - Wind,tetrisenergy_nr,,,,
Malunga Nine Mile BESS - KCI,SW-VIC,medium,corridor_misread_m2,MR,medium,SW-VIC,medium,MR,Murray River REZ corridor (Kerang/Red Cliffs/PEC western feed),Malunga Nine Mile,500.0,Storage - Battery,Other - Other,Green Switch Energy Pty Ltd,,,,
Mandurama BESS,CWO,medium,no_coord_m1_backstop,CWO,medium,,,CWO,Central-West Orana REZ corridor (Elong Elong/Merotherie/Wollar),Mandurama,20.0,Storage - Battery,Other - Other,tetrisenergy_nr,,,,
Mandurama Wind Farm,CWO,medium,agree,CWO,medium,CWO,medium,CWO,Central-West Orana REZ corridor (Elong Elong/Merotherie/Wollar),Mandurama,250.0,Wind Turbine - Onshore,Wind - Wind,tetrisenergy_nr,,,,
Marcollat Energy Hub(Stage 1),SE-SA,medium,agree,SE-SA,medium,SE-SA,review,SE-SA,South-East SA REZ corridor (Tailem Bend/Tungkillo/Heywood interconnector),Marcollat,,,,,,,,
Mologa BESS,MR,review,boundary_swap_m1_med_far,CN-VIC,medium,MR,medium,CN-VIC,Central North Victoria REZ corridor (Bendigo/Shepparton),Mologa,250.0,Storage - Battery,Other - Other,Potentia Energy Group P/L,,,,
Mount Lambie BESS,CWO,medium,no_coord_m1_backstop,CWO,medium,,,CWO,Central-West Orana REZ corridor (Elong Elong/Merotherie/Wollar),Mount Lambie,100.0,Storage - Battery,Other - Other,tetrisenergy_nr,,,,
Mount Lambie Wind Farm,CWO,high,agree,CWO,medium,CWO,high,CWO,Central-West Orana REZ corridor (Elong Elong/Merotherie/Wollar),Mount Lambie,200.0,Wind Turbine - Onshore,Wind - Wind,tetrisenergy_nr,,,,
Muswellbrook BESS,HCC,medium,no_coord_m1_backstop,HCC,medium,,,HCC,Hunter-Central Coast REZ corridor (Bayswater/Eraring/Singleton),Muswellbrook,196.8,Storage - Battery,Other - Other,firmpower_NR,,,,
Pacific Green Energy Park Portland West,SW-VIC,high,agree,SW-VIC,high,SW-VIC,high,SW-VIC,South-West Victoria REZ corridor (Mortlake/Moorabool/Heywood),Portland,1000.0,Storage - Battery,Other - Other,Pacific Green Energy Park Portland West Trust,,,,
Pelican Point BESS,MN,high,agree,MN,medium,MN,high,MN,Mid-North SA REZ corridor (Robertstown/Davenport/Cultana),Pelican Point,200.0,Storage - Battery,Other - Other,Engie,,,,
Peninsula Solar Farm & BESS,Unclassified,review,no_coord_m1_backstop,Unclassified,review,,,Unclassified,No rule matched — manual review needed,,80.0,Solar PV - Single axis tracking,Solar - Solar,Edify Energy Pty Ltd,,,,
Port Paterson BESS,EYR,medium,no_coord_m1_backstop,EYR,medium,,,EYR,EYR,Port Paterson,70.0,Storage - Battery,Other - Other,Green Gold Energy,,,,
Puzzle Range BESS,WV,medium,no_coord_m1_backstop,WV,medium,,,WV,Western Victoria REZ corridor (Bulgana/Ararat/WRL),Puzzle Range,50.0,Storage - Battery,Other - Other,tetrisenergy_nr,,,,
Puzzle Range Wind Farm,CN-VIC,review,boundary_swap_m1_med_far,WV,medium,CN-VIC,medium,WV,Western Victoria REZ corridor (Bulgana/Ararat/WRL),Puzzle Range,350.0,Wind Turbine - Onshore,Wind - Wind,tetrisenergy_nr,,,,
Quandong Solar Farm,unresolved,unresolved,corridor_misread_unresolved,MR,medium,SW-VIC,medium,MR,Murray River REZ corridor (Kerang/Red Cliffs/PEC western feed),Quandong,350.0,Solar PV - Fixed,Solar - Solar,Emergent Technologies,,,,"350 MW project, locality_proxy coord unconfirmed, neither M1 (MR) nor M2 (SW-VIC) substantiated"
SEC Renewable Energy Hub,WV,medium,no_coord_m1_backstop,WV,medium,,,WV,Western Victoria REZ corridor (Bulgana/Ararat/WRL),SEC Renewable Energy Hub,100.0,Storage - Battery,Other - Other,SEC,,,,
Strafford Renewable Energy Hub - Pumped Hydro,HCC,review,boundary_swap_m1_med_far,CWO,medium,HCC,medium,CWO,Central-West Orana REZ corridor (Elong Elong/Merotherie/Wollar),Strafford,200.0,Storage - Pumped hydro,Hydro - Water,Yancoal,,,,
The Plains,CWO,medium,no_coord_m1_backstop,CWO,medium,,,CWO,Central-West Orana REZ corridor (Elong Elong/Merotherie/Wollar),The Plains,1260.0,Solar PV - Single axis tracking,Solar - Solar,Engie,,,,
Tirranna BESS - KCI,SW-NSW,medium,agree,SW-NSW,medium,SW-NSW,medium,SW-NSW,South-West NSW REZ corridor (Buronga/Dinawan/Wagga/PEC),Tirranna,400.0,Storage - Battery,Other - Other,StorEnergy 2 Pty Ltd,,,,
Toolern Vale BESS,WV,medium,no_coord_m1_backstop,WV,medium,,,WV,Western Victoria REZ corridor (Bulgana/Ararat/WRL),Toolern Vale,25.0,Storage - Battery,Other - Other,tetrisenergy_nr,,,,
Toolern Vale Solar Farm,WV,medium,no_coord_m1_backstop,WV,medium,,,WV,Western Victoria REZ corridor (Bulgana/Ararat/WRL),Toolern Vale,15.0,Solar PV - Fixed,Solar - Solar,tetrisenergy_nr,,,,
Toolern Vale Solar Farm_SS,WV,medium,no_coord_m1_backstop,WV,medium,,,WV,Western Victoria REZ corridor (Bulgana/Ararat/WRL),Toolern Vale,15.0,Solar PV - Fixed,Solar - Solar,tetrisenergy_nr,,,,
Wagga Wagga BESS,SW-NSW,high,agree,SW-NSW,high,SW-NSW,high,SW-NSW,South-West NSW REZ corridor (Buronga/Dinawan/Wagga/PEC),Wagga Wagga,415.0,Storage - Battery,Other - Other,tetrisenergy_nr,,,,
Warrenheip BESS,WV,high,agree,WV,medium,WV,high,WV,Western Victoria REZ corridor (Bulgana/Ararat/WRL),Warrenheip,240.0,Storage - Battery,Other - Other,AE Solar 6 Pty Ltd as Trustee for AE Solar 6 Unit Trust,,,,
Watta Wella Wind Farm - KCI,WV,medium,boundary_swap_m1_med_close,SW-VIC,medium,WV,high,SW-VIC,South-West Victoria REZ corridor (Mortlake/Moorabool/Heywood),Watta Wella,376.0,Wind Turbine - Onshore,Wind - Wind,RES Australia Pty Ltd,,,,
Wee Jasper Wind Farm,SW-NSW,high,agree,SW-NSW,medium,SW-NSW,high,SW-NSW,South-West NSW REZ corridor (Buronga/Dinawan/Wagga/PEC),Wee Jasper,350.0,Wind Turbine - Onshore,Wind - Wind,tetrisenergy_nr,,,,
Wongalea BESS,NEW,medium,boundary_swap_m1_med_close,CWO,medium,NEW,high,CWO,Central-West Orana REZ corridor (Elong Elong/Merotherie/Wollar),Wongalea,300.0,Storage - Battery,Other - Other,Eku Energy Projects (Australia) as trustee for the Eku Energy Projects (Australia) Trust,,,,
Yambla Range BESS,SW-NSW,medium,no_coord_m1_backstop,SW-NSW,medium,,,SW-NSW,South-West NSW REZ corridor (Buronga/Dinawan/Wagga/PEC),Yambla Range,100.0,Storage - Battery,Other - Other,tetrisenergy_nr,,,,
Yambla Range Wind Farm,SW-NSW,high,agree,SW-NSW,medium,SW-NSW,high,SW-NSW,South-West NSW REZ corridor (Buronga/Dinawan/Wagga/PEC),Yambla Range,200.0,Wind Turbine - Onshore,Wind - Wind,tetrisenergy_nr,,,,
Yumali BESS,SE-SA,medium,no_coord_m1_backstop,SE-SA,medium,,,SE-SA,South-East SA REZ corridor (Tailem Bend/Tungkillo/Heywood interconnector),Yumali,95.0,Storage - Battery,Other - Other,tetrisenergy_nr,,,,
Yumali Wind Farm,SE-SA,medium,agree,SE-SA,medium,SE-SA,medium,SE-SA,South-East SA REZ corridor (Tailem Bend/Tungkillo/Heywood interconnector),Yumali,302.0,Wind Turbine - Onshore,Wind - Wind,tetrisenergy_nr,,,,
Armidale BESS (Elgin),NEW,high,agree,NEW,high,NEW,high,NEW,New England REZ corridor (Armidale/Tamworth/Dumaresq),Armidale,200.0,Storage - Battery,Other - Other,Elgin EnergyP/L,,,,
Armidale East BESS,NEW,high,no_coord_m1_backstop,NEW,high,,,NEW,New England REZ corridor (Armidale/Tamworth/Dumaresq),Armidale,449.4,Storage - Battery,Other - Other,FRV,,,,
Bell Bay BESS,TAS-NW,high,no_coord_m1_backstop,TAS-NW,high,,,TAS-NW,Tasmania single catchment (NW Transmission Devs + Central Highlands hydro) — single user-specified catchment covers all TAS1 sites,(TAS region),100.0,Storage - Battery,Other - Other,Equis Energy (Australia) Projects (Ngumi 6) Pty Ltd as trustee for the Equis Energy(Australia) Ngumi 6 Asset Trust,,,,
Birriwa BESS,CWO,high,agree,CWO,medium,CWO,high,CWO,Central-West Orana REZ corridor (Elong Elong/Merotherie/Wollar),Birriwa,600.0,Storage - Battery,Solar - Solar,ACEN RENEWABLES,,,,
Birriwa Solar Farm,CWO,high,agree,CWO,medium,CWO,high,CWO,Central-West Orana REZ corridor (Elong Elong/Merotherie/Wollar),Birriwa,600.0,Solar PV - Fixed,Solar - Solar,ACEN RENEWABLES,,,,
Bookham WF & BESS,SW-NSW,medium,agree,SW-NSW,medium,SW-NSW,medium,SW-NSW,South-West NSW REZ corridor (Buronga/Dinawan/Wagga/PEC),Bookham,760.0,Storage - Battery,Other - Other,Bookham Wind Farm Pty Ltd,,,,
Boort Wind Farm,CN-VIC,medium,no_coord_m1_backstop,CN-VIC,medium,,,CN-VIC,Central North Victoria REZ corridor (Bendigo/Shepparton),Boort,8.0,Wind Turbine - Onshore,Wind - Wind,feraaustralia_nr,,,,
Burroway BESS,CWO,medium,no_coord_m1_backstop,CWO,medium,,,CWO,Central-West Orana REZ corridor (Elong Elong/Merotherie/Wollar),Burroway,100.0,Storage - Battery,Other - Other,Edify Energy Pty Ltd,,,,
Cooma Solar And BESS (ACEN),SW-NSW,medium,no_coord_m1_backstop,SW-NSW,medium,,,SW-NSW,South-West NSW REZ corridor (Buronga/Dinawan/Wagga/PEC),Cooma,100.0,Solar PV - Single axis tracking,Solar - Solar,ACEN RENEWABLES,,,,
Darnum BESS,GIP,medium,no_coord_m1_backstop,GIP,medium,,,GIP,Gippsland REZ corridor (Latrobe Valley 500 kV),Darnum,240.0,Storage - Battery,Other - Other,samsung_NR,,,,
Deargee Solar And BESS,NEW,review,boundary_swap_m1_med_far,CWO,medium,NEW,medium,CWO,Central-West Orana REZ corridor (Elong Elong/Merotherie/Wollar),Deargee,700.0,Solar PV - Single axis tracking,Solar - Solar,ACEN Renewables,,,,
Ebor BESS,NEW,medium,no_coord_m1_backstop,NEW,medium,,,NEW,New England REZ corridor (Armidale/Tamworth/Dumaresq),Ebor,100.0,Storage - Battery,Other - Other,Bridge Energy Pty Ltd,,,,
EIWA Richmond Valley BESS,Unclassified,medium,agree,Unclassified,review,Unclassified,Unclassified,Unclassified,No rule matched — manual review needed,,300.0,Storage - Battery,Other - Other,EIWA RICHMOND VALLEY BESS PTY LTD,,,,
Fulham Solar Farm And BESS,GIP,medium,no_coord_m1_backstop,GIP,medium,,,GIP,Gippsland REZ corridor (Latrobe Valley 500 kV),Fulham,100.8,Storage - Battery,Solar - Solar,Fulham Solar Farm Pty Ltd (ATF Fulham Solar Farm Trust),,,,
Hanworth Battery,NEW,medium,boundary_swap_m1_review,CWO,review,NEW,medium,CWO,"Central-West Orana REZ corridor (Elong Elong/Merotherie/Wollar) — shared keyword across REZs: ['CWO', 'NEW']; primary assignment based on substation locality",Hanworth,1200.0,Storage - Battery,Solar - Solar,Hanworth BESS Pty Ltd,,,,
Hargraves BESS,CWO,medium,agree,CWO,medium,CWO,medium,CWO,Central-West Orana REZ corridor (Elong Elong/Merotherie/Wollar),Hargraves,300.0,Storage - Battery,Wind - Wind,Tilt Renewables DevCo Pty Ltd as the trustee for Development Hold Trust,,,,
Hargraves Wind Farm,CWO,medium,no_coord_m1_backstop,CWO,medium,,,CWO,Central-West Orana REZ corridor (Elong Elong/Merotherie/Wollar),Hargraves,299.88,Wind Turbine - Onshore,Wind - Wind,Tilt Renewables DevCo Pty Ltd as the trustee for Development Hold Trust,,,,
Hume North Battery Energy Storage System,SW-NSW,medium,no_coord_m1_backstop,SW-NSW,medium,,,SW-NSW,South-West NSW REZ corridor (Buronga/Dinawan/Wagga/PEC),Hume,75.0,Storage - Battery,Other - Other,Infrastructure Capital Services Pty Ltd as trustee for the ARIF Hume BESS Holdings Trust,,,,
Junction Rivers Wind And BESS,SW-NSW,medium,boundary_swap_m1_med_close,CWO,medium,SW-NSW,high,CWO,Central-West Orana REZ corridor (Elong Elong/Merotherie/Wollar),Junction Rivers,595.2,Storage - Battery,Other - Other,Junction Rivers Pty Ltd,,,,
Kerang BESS (BSR),MR,high,agree,MR,high,MR,medium,MR,Murray River REZ corridor (Kerang/Red Cliffs/PEC western feed),Kerang,300.0,Storage - Battery,Other - Other,British Solar Renewables,,,,
Koorangie BESS Stage 2,MR,high,boundary_swap_m1_review,CN-VIC,review,MR,high,CN-VIC,"Central North Victoria REZ corridor (Bendigo/Shepparton) — shared keyword across REZs: ['CN-VIC', 'MR']; primary assignment based on substation locality",Koorangie,150.0,Storage - Battery,Other - Other,Edify Energy Pty Ltd,,,,
Maison Dieu BESS,HCC,medium,agree,HCC,medium,HCC,medium,HCC,Hunter-Central Coast REZ corridor (Bayswater/Eraring/Singleton),Maison Dieu,500.0,Storage - Battery,Other - Other,Graviatas Now Pty Ltd,,,,
Marcollat Energy Hub (Stage 1),SE-SA,medium,agree,SE-SA,medium,SE-SA,review,SE-SA,South-East SA REZ corridor (Tailem Bend/Tungkillo/Heywood interconnector),Marcollat,400.0,Storage - Battery,Other - Other,BE PRO MC1 PTY LTD,,,,
Marcollat Energy Hub (stage 2),SE-SA,medium,agree,SE-SA,medium,SE-SA,review,SE-SA,South-East SA REZ corridor (Tailem Bend/Tungkillo/Heywood interconnector),Marcollat,400.0,Storage - Battery,Other - Other,Bison Energy,,,,
Marulan BESS,ILW,medium,no_coord_m1_backstop,ILW,medium,,,ILW,Illawarra REZ corridor (Dapto/Avon/Wollongong),Marulan,84.0,Storage - Battery,Other - Other,Ratch Australia,,,,
Maryvale Energy From Waste,GIP,medium,no_coord_m1_backstop,GIP,medium,,,GIP,Gippsland REZ corridor (Latrobe Valley 500 kV),Maryvale,70.0,Turbine - Steam Super Critical,Renewable Biomass or Waste - Municipal Solid Waste,Maryvale Energy from Waste Project Company,,,,
McCullys Gap BESS,HCC,medium,boundary_swap_m1_med_close,NEW,medium,HCC,high,NEW,New England REZ corridor (Armidale/Tamworth/Dumaresq),McCullys Gap,400.0,Storage - Battery,Other - Other,BW ESS,,,,
Merriwa Solar Farm and BESS,HCC,medium,agree,HCC,medium,HCC,medium,HCC,Hunter-Central Coast REZ corridor (Bayswater/Eraring/Singleton),Merriwa,500.0,Solar PV - Single axis tracking,Solar - Solar,Valent Energy Developments Pty Ltd,,,,
Midwest BESS,CWO,medium,no_coord_m1_backstop,CWO,medium,,,CWO,Central-West Orana REZ corridor (Elong Elong/Merotherie/Wollar),Midwest,53.0,Storage - Battery,Solar - Solar,Midwest Solar Pty Ltd,,,,
Midwest Solar Farm,CWO,medium,no_coord_m1_backstop,CWO,medium,,,CWO,Central-West Orana REZ corridor (Elong Elong/Merotherie/Wollar),Midwest,75.6,Solar PV - Fixed,Solar - Solar,Midwest Solar Pty Ltd,,,,
Milpulling Wind Farm,SW-NSW,medium,no_coord_m1_backstop,SW-NSW,medium,,,SW-NSW,South-West NSW REZ corridor (Buronga/Dinawan/Wagga/PEC),Milpulling,7.2,Wind Turbine - Onshore,Wind - Wind,Milpulling Wind Farm Pty Ltd,,,,
Mokoan Solar Farm (LightsourceBP),CN-VIC,high,agree,CN-VIC,medium,CN-VIC,high,CN-VIC,Central North Victoria REZ corridor (Bendigo/Shepparton),Mokoan,46.0,Solar PV - Single axis tracking,Solar - Solar,EE Solar 6 Pty Ltd as trustee for EE Solar 6 Trust,,,,
Molonglo BESS,CWO,medium,no_coord_m1_backstop,CWO,medium,,,CWO,Central-West Orana REZ corridor (Elong Elong/Merotherie/Wollar),Molong,11.5,Storage - Battery,Other - Other,ITP Developments P/L,,,,
Project Brandy BESS,Unclassified,review,no_coord_m1_backstop,Unclassified,review,,,Unclassified,No rule matched — manual review needed,,96.6,Storage - Battery,Other - Other,Evolution Pty Ltd,,,,
Quorn Park Solar Hybrid,Unclassified,review,no_coord_m1_backstop,Unclassified,review,,,Unclassified,No rule matched — manual review needed,,96.8,Storage - Battery,Other - Other,Quorn Park Solar Farm Pty Ltd as the trustee for Quorn Park Solar Farm Trust,,,,
Robertstown BESS,MN,high,agree,MN,high,MN,high,MN,Mid-North SA REZ corridor (Robertstown/Davenport/Cultana),Robertstown,400.0,Storage - Battery,Other - Other,StorEnergy 4 Pty Ltd,,,,
Rothby BESS,Unclassified,review,no_coord_m1_backstop,Unclassified,review,,,Unclassified,No rule matched — manual review needed,,120.0,Storage - Battery,Other - Other,"Avenis Energy Pty Ltd, on behalf of AE BESS 11 Pty Ltd ATF AE BESS 11 Unit Trust ",,,,
Rubicon BESS,CN-VIC,medium,no_coord_m1_backstop,CN-VIC,medium,,,CN-VIC,Central North Victoria REZ corridor (Bendigo/Shepparton),Rubicon,310.8,Storage - Battery,Other - Other,samsung_NR,,,,
Rubicon Solar Farm,CN-VIC,medium,no_coord_m1_backstop,CN-VIC,medium,,,CN-VIC,Central North Victoria REZ corridor (Bendigo/Shepparton),Rubicon,126.0,Solar PV - Single axis tracking,Solar - Solar,samsung_NR,,,,
Stanhope Solar Farm,CN-VIC,medium,no_coord_m1_backstop,CN-VIC,medium,,,CN-VIC,Central North Victoria REZ corridor (Bendigo/Shepparton),Stanhope,5.0,Solar PV - Fixed,Solar - Solar,globirdenergy_NR,,,,
Stratford Renewable Energy Hub,HCC,high,agree,HCC,review,HCC,high,HCC,"Hunter-Central Coast REZ corridor (Bayswater/Eraring/Singleton) — shared keyword across REZs: ['CWO', 'HCC']; primary assignment based on substation locality",Stratford,400.0,Solar PV - Fixed,Solar - Solar,Yancoal Australia Limited,,,,
Strontian Solar BESS,SW-NSW,high,corridor_misread_m2,NEW,medium,SW-NSW,high,NEW,New England REZ corridor (Armidale/Tamworth/Dumaresq),Strontian,333.0,Storage - Battery,Solar - Solar,Strontian Solar Pty Ltd,,,,
Strontian Solar Farm,NEW,medium,no_coord_m1_backstop,NEW,medium,,,NEW,New England REZ corridor (Armidale/Tamworth/Dumaresq),Strontian,327.6,Solar PV - Fixed,Solar - Solar,Strontian Solar Pty Ltd,,,,
Sundown Hybrid Facility,NEW,high,agree,NEW,medium,NEW,high,NEW,New England REZ corridor (Armidale/Tamworth/Dumaresq),Sundown Hybrid,360.0,Solar PV - Fixed,Solar - Solar, Canadian Solar,,,,
Swallow Tail BESS,ILW,medium,boundary_swap_m1_med_close,SW-NSW,medium,ILW,high,SW-NSW,South-West NSW REZ corridor (Buronga/Dinawan/Wagga/PEC),Swallow Tail,375.0,Storage - Battery,Other - Other,AMPYR,,,,
Tallawang Solar And BESS,CWO,high,agree,CWO,medium,CWO,high,CWO,Central-West Orana REZ corridor (Elong Elong/Merotherie/Wollar),Tallawang Solar,672.0,Solar PV - Fixed,Solar - Solar,Enel Green Power Australia Pty Ltd,,,,
Tamworth BESS Project 1 Pty Ltd,NEW,high,no_coord_m1_backstop,NEW,high,,,NEW,New England REZ corridor (Armidale/Tamworth/Dumaresq),Tamworth,100.0,Storage - Battery,Other - Other,Tamworth BESS Project 1 Pty Ltd,,,,
Tamworth BESS Project 2 Pty Ltd,NEW,high,no_coord_m1_backstop,NEW,high,,,NEW,New England REZ corridor (Armidale/Tamworth/Dumaresq),Tamworth,100.0,Storage - Battery,Other - Other,valent-energy_nr,,,,
Texas BESS,NEW,medium,agree,NEW,medium,NEW,medium,NEW,New England REZ corridor (Armidale/Tamworth/Dumaresq),Texas BESS,400.0,Storage - Battery,Solar - Solar,FRV,,,,
Texas Solar Farm,NEW,medium,no_coord_m1_backstop,NEW,medium,,,NEW,New England REZ corridor (Armidale/Tamworth/Dumaresq),Texas,150.0,Solar PV - Fixed,Solar - Solar,FRV,,,,
Tungkillo South BESS,SE-SA,high,agree,SE-SA,high,SE-SA,high,SE-SA,South-East SA REZ corridor (Tailem Bend/Tungkillo/Heywood interconnector),Tungkillo,270.0,Storage - Battery,Other - Other,RES Australia Pty Ltd,,,,
Vales Point BESS,HCC,high,agree,HCC,high,HCC,high,HCC,Hunter-Central Coast REZ corridor (Bayswater/Eraring/Singleton),Vales Point,400.0,Storage - Battery,Other - Other,Delta Power and Energy (Vales Point) Pty Ltd trading as Delta Electricity,,,,
Wagga North Battery Energy Storage System,SW-NSW,high,no_coord_m1_backstop,SW-NSW,high,,,SW-NSW,South-West NSW REZ corridor (Buronga/Dinawan/Wagga/PEC),Wagga,120.0,Storage - Battery,Other - Other,AE BESS 2 Pty Ltd,,,,
Wellington BESS - Stage 1,CWO,high,agree,CWO,medium,CWO,high,CWO,Central-West Orana REZ corridor (Elong Elong/Merotherie/Wollar),Wellington,300.0,Storage - Battery,Other - Other,AMPYR,,,,
Wellington BESS - Stage 2,CWO,high,agree,CWO,medium,CWO,high,CWO,Central-West Orana REZ corridor (Elong Elong/Merotherie/Wollar),Wellington,200.0,Storage - Battery,Other - Other,AMPYR Australia Pty Ltd,,,,
Winton North Solar Farm,CN-VIC,medium,no_coord_m1_backstop,CN-VIC,medium,,,CN-VIC,Central North Victoria REZ corridor (Bendigo/Shepparton),Winton,100.0,Solar PV - Fixed,Solar - Solar,EE Solar 12 Pty Ltd as trustee for the EE Solar 12 Trust,,,,
